tag,question_principale,questions_alternatives,reponse_courte,reponse_longue,categorie,mots_cles,priorite,tags_associes
a_propos_du_laboratoire,Qu'est-ce que le laboratoire et que fait-il ?,c'est quoi le laboratoire | que fait le laboratoire | présentation du laboratoire | à quoi sert ce laboratoire,"Le laboratoire réalise des essais et analyses sur les matériaux de construction (ciments, bétons, plâtres, chaux, briques, céramiques, etc.).","Le laboratoire est un centre d'essais spécialisé dans le contrôle et l'analyse des matériaux de construction : ciments, bétons et granulats, plâtres et chaux, briques et terre cuite, céramiques et verre, ainsi que des analyses chimiques, minéralogiques et géotechniques.",Général,"laboratoire, présentation, à propos, missions",Haute,
quantite_echantillon_generale,Quelle quantité d'échantillon dois-je fournir pour une analyse ?,quantité d'échantillon à fournir | combien de matériau dois-je apporter ? | quantité de matériau à analyser | poids d'échantillon requis,La quantité de matériau ou d'échantillon à analyser varie en fonction de l'essai demandé.,"Les quantités de matériaux et d'échantillons à analyser varient en fonction de l'essai réalisé. Pour plus de renseignements, merci de vous rapprocher du service client.",Général,"quantité, échantillon, prélèvement, matériau",Haute,"quantite_echantillon_ciment, quantite_echantillon_granulats, quantite_echantillon_carreaux_ceramiques, quantite_echantillon_briques"
quantite_echantillon_ciment,Quelle quantité de ciment dois-je fournir pour les essais ?,quantité échantillon ciment | combien de kg de ciment apporter ? | poids d'échantillon de ciment | quantité de ciment nécessaire pour analyse,La quantité de ciment demandée est généralement de **15 kg**.,"Pour les essais sur ciment, le laboratoire demande généralement un échantillon d'environ **15 kg**. Cette quantité peut varier selon l'essai demandé. Pour plus de renseignements, merci de vous rapprocher du service client.",Ciment,"ciment, quantité, échantillon, kg",Haute,"quantite_echantillon_generale, quantite_echantillon_granulats"
quantite_echantillon_granulats,Quelle quantité de granulats ou de matériaux dois-je fournir ?,quantité échantillon granulats | combien de kg de matériau apporter ? | poids d'échantillon pour granulats | quantité de sable ou gravier pour analyse,La quantité de granulats ou de matériaux demandée varie généralement entre **20 et 50 kg** selon le type d'analyse.,"Pour les essais sur granulats et matériaux en général, le laboratoire demande un échantillon d'environ **20 à 50 kg**, la quantité exacte dépendant du type d'analyse demandé. Pour plus de renseignements, merci de vous rapprocher du service client.",Béton et granulats,"granulat, matériau, quantité, échantillon, kg",Haute,"quantite_echantillon_generale, quantite_echantillon_ciment"
quantite_echantillon_carreaux_ceramiques,Combien de carreaux céramiques dois-je fournir pour les essais ?,quantité de carreaux pour analyse | combien de carreaux céramiques apporter ? | nombre de carreaux nécessaire pour essai céramique,La quantité de carreaux céramiques demandée varie généralement entre **6 et 16 carreaux** selon l'analyse.,"Pour les essais sur carreaux céramiques, le laboratoire demande généralement entre **6 et 10 carreaux**, pouvant aller jusqu'à **16 carreaux** selon le type d'analyse demandé. Pour plus de renseignements, merci de vous rapprocher du service client.",Céramique et verre,"carreaux, céramique, quantité, échantillon",Haute,"quantite_echantillon_generale, quantite_echantillon_briques"
quantite_echantillon_briques,Combien de briques dois-je fournir pour le contrôle qualité ?,quantité de briques pour analyse | combien de briques apporter ? | nombre de briques nécessaire pour contrôle qualité,La quantité de briques demandée est généralement de **16 briques** pour le contrôle qualité.,"Pour le contrôle qualité sur briques, le laboratoire demande généralement un échantillon de **16 briques**. Pour plus de renseignements, merci de vous rapprocher du service client.",Briques et terre cuite,"brique, quantité, échantillon, contrôle qualité",Haute,"quantite_echantillon_generale, quantite_echantillon_carreaux_ceramiques"
broyage_1_mm_norme,Selon quelle norme réalisez-vous l'essai « BROYAGE À 1 MM » ?,norme broyage à 1 mm | référence normative de l'essai broyage à 1 mm | quelle norme utilisez-vous pour cet essai ? | broyage à 1 mm norme applicable,Cet essai est réalisé selon notre mode opératoire interne.,Le laboratoire réalise l'essai « BROYAGE À 1 MM » selon son mode opératoire interne. Rapprochez-vous de nous pour plus de détails sur la méthode appliquée.,Préparation d'échantillons,"broyage, préparation, échantillon",Basse,"broyage_1_mm_delai, broyage_1_mm_accreditation"
broyage_1_mm_delai,Quel est le délai de réalisation de l'essai « BROYAGE À 1 MM » ?,délai de l'essai broyage à 1 mm | combien de temps prend l'essai broyage à 1 mm ? | quand aurai-je les résultats pour broyage à 1 mm | temps de traitement broyage à 1 mm,Le délai de réalisation de l'essai « BROYAGE À 1 MM » est de **4 jours**.,Le laboratoire réalise l'essai « BROYAGE À 1 MM » dans un délai de **4 jours** à compter de la réception de l'échantillon.,Préparation d'échantillons,"broyage, préparation, échantillon",Basse,"broyage_1_mm_norme, broyage_1_mm_accreditation"
broyage_1_mm_accreditation,L'essai « BROYAGE À 1 MM » est-il accrédité ?,accréditation de l'essai broyage à 1 mm | cet essai est-il couvert par l'accréditation ? | portée d'accréditation pour broyage à 1 mm | broyage à 1 mm accrédité,"Non, l'essai « BROYAGE À 1 MM » n'est pas accrédité.",L'essai « BROYAGE À 1 MM » est proposé par le laboratoire mais ne fait pas partie de sa portée d'accréditation actuelle.,Préparation d'échantillons,"broyage, préparation, échantillon",Basse,"broyage_1_mm_norme, broyage_1_mm_delai"
concassage_norme,Selon quelle norme réalisez-vous l'essai « CONCASSAGE » ?,norme concassage | référence normative de l'essai concassage | quelle norme utilisez-vous pour cet essai ? | concassage norme applicable,Cet essai est réalisé selon notre mode opératoire interne.,Le laboratoire réalise l'essai « CONCASSAGE » selon son mode opératoire interne. Rapprochez-vous de nous pour plus de détails sur la méthode appliquée.,Préparation d'échantillons,"concassage, préparation, échantillon",Basse,"concassage_delai, concassage_accreditation"
concassage_delai,Quel est le délai de réalisation de l'essai « CONCASSAGE » ?,délai de l'essai concassage | combien de temps prend l'essai concassage ? | quand aurai-je les résultats pour concassage | temps de traitement concassage,Le délai de réalisation de l'essai « CONCASSAGE » est de **3 jours**.,Le laboratoire réalise l'essai « CONCASSAGE » dans un délai de **3 jours** à compter de la réception de l'échantillon.,Préparation d'échantillons,"concassage, préparation, échantillon",Basse,"concassage_norme, concassage_accreditation"
concassage_accreditation,L'essai « CONCASSAGE » est-il accrédité ?,accréditation de l'essai concassage | cet essai est-il couvert par l'accréditation ? | portée d'accréditation pour concassage | concassage accrédité,"Non, l'essai « CONCASSAGE » n'est pas accrédité.",L'essai « CONCASSAGE » est proposé par le laboratoire mais ne fait pas partie de sa portée d'accréditation actuelle.,Préparation d'échantillons,"concassage, préparation, échantillon",Basse,"concassage_norme, concassage_delai"
decoupage_longitudinal_carottes_norme,Selon quelle norme réalisez-vous l'essai « DÉCOUPAGE LONGITUDINAL DES CAROTTES » ?,norme découpage longitudinal des carottes | référence normative de l'essai découpage longitudinal des carottes | quelle norme utilisez-vous pour cet essai ? | découpage longitudinal des carottes norme applicable,Cet essai est réalisé selon notre mode opératoire interne.,Le laboratoire réalise l'essai « DÉCOUPAGE LONGITUDINAL DES CAROTTES » selon son mode opératoire interne. Rapprochez-vous de nous pour plus de détails sur la méthode appliquée.,Préparation d'échantillons,"decoupage, longitudinal, carottes, préparation, échantillon",Basse,"decoupage_longitudinal_carottes_delai, decoupage_longitudinal_carottes_accreditation"
decoupage_longitudinal_carottes_delai,Quel est le délai de réalisation de l'essai « DÉCOUPAGE LONGITUDINAL DES CAROTTES » ?,délai de l'essai découpage longitudinal des carottes | combien de temps prend l'essai découpage longitudinal des carottes ? | quand aurai-je les résultats pour découpage longitudinal des carottes | temps de traitement découpage longitudinal des carottes,Le délai de réalisation de l'essai « DÉCOUPAGE LONGITUDINAL DES CAROTTES » est de **3 jours**.,Le laboratoire réalise l'essai « DÉCOUPAGE LONGITUDINAL DES CAROTTES » dans un délai de **3 jours** à compter de la réception de l'échantillon.,Préparation d'échantillons,"decoupage, longitudinal, carottes, préparation, échantillon",Basse,"decoupage_longitudinal_carottes_norme, decoupage_longitudinal_carottes_accreditation"
decoupage_longitudinal_carottes_accreditation,L'essai « DÉCOUPAGE LONGITUDINAL DES CAROTTES » est-il accrédité ?,accréditation de l'essai découpage longitudinal des carottes | cet essai est-il couvert par l'accréditation ? | portée d'accréditation pour découpage longitudinal des carottes | découpage longitudinal des carottes accrédité,"Non, l'essai « DÉCOUPAGE LONGITUDINAL DES CAROTTES » n'est pas accrédité.",L'essai « DÉCOUPAGE LONGITUDINAL DES CAROTTES » est proposé par le laboratoire mais ne fait pas partie de sa portée d'accréditation actuelle.,Préparation d'échantillons,"decoupage, longitudinal, carottes, préparation, échantillon",Basse,"decoupage_longitudinal_carottes_norme, decoupage_longitudinal_carottes_delai"
decoupage_cubes_norme,Selon quelle norme réalisez-vous l'essai « DÉCOUPAGE DE CUBES » ?,norme découpage de cubes | référence normative de l'essai découpage de cubes | quelle norme utilisez-vous pour cet essai ? | découpage de cubes norme applicable,Cet essai est réalisé selon notre mode opératoire interne.,Le laboratoire réalise l'essai « DÉCOUPAGE DE CUBES » selon son mode opératoire interne. Rapprochez-vous de nous pour plus de détails sur la méthode appliquée.,Préparation d'échantillons,"decoupage, cubes, préparation, échantillon",Basse,"decoupage_cubes_delai, decoupage_cubes_accreditation"
decoupage_cubes_delai,Quel est le délai de réalisation de l'essai « DÉCOUPAGE DE CUBES » ?,délai de l'essai découpage de cubes | combien de temps prend l'essai découpage de cubes ? | quand aurai-je les résultats pour découpage de cubes | temps de traitement découpage de cubes,Le délai de réalisation de l'essai « DÉCOUPAGE DE CUBES » est de **5 jours**.,Le laboratoire réalise l'essai « DÉCOUPAGE DE CUBES » dans un délai de **5 jours** à compter de la réception de l'échantillon.,Préparation d'échantillons,"decoupage, cubes, préparation, échantillon",Basse,"decoupage_cubes_norme, decoupage_cubes_accreditation"
decoupage_cubes_accreditation,L'essai « DÉCOUPAGE DE CUBES » est-il accrédité ?,accréditation de l'essai découpage de cubes | cet essai est-il couvert par l'accréditation ? | portée d'accréditation pour découpage de cubes | découpage de cubes accrédité,"Non, l'essai « DÉCOUPAGE DE CUBES » n'est pas accrédité.",L'essai « DÉCOUPAGE DE CUBES » est proposé par le laboratoire mais ne fait pas partie de sa portée d'accréditation actuelle.,Préparation d'échantillons,"decoupage, cubes, préparation, échantillon",Basse,"decoupage_cubes_norme, decoupage_cubes_delai"
decoupage_eprouvettes_norme,Selon quelle norme réalisez-vous l'essai « DÉCOUPAGE D'ÉPROUVETTES » ?,norme découpage d'éprouvettes | référence normative de l'essai découpage d'éprouvettes | quelle norme utilisez-vous pour cet essai ? | découpage d'éprouvettes norme applicable,Cet essai est réalisé selon notre mode opératoire interne.,Le laboratoire réalise l'essai « DÉCOUPAGE D'ÉPROUVETTES » selon son mode opératoire interne. Rapprochez-vous de nous pour plus de détails sur la méthode appliquée.,Préparation d'échantillons,"decoupage, eprouvettes, préparation, échantillon",Basse,"decoupage_eprouvettes_delai, decoupage_eprouvettes_accreditation"
decoupage_eprouvettes_delai,Quel est le délai de réalisation de l'essai « DÉCOUPAGE D'ÉPROUVETTES » ?,délai de l'essai découpage d'éprouvettes | combien de temps prend l'essai découpage d'éprouvettes ? | quand aurai-je les résultats pour découpage d'éprouvettes | temps de traitement découpage d'éprouvettes,Le délai de cette prestation vous sera communiqué par le laboratoire au moment de la demande.,Le délai de réalisation de l'essai « DÉCOUPAGE D'ÉPROUVETTES » dépend des conditions de la demande. Contactez le laboratoire pour connaître le délai exact applicable à votre échantillon.,Préparation d'échantillons,"decoupage, eprouvettes, préparation, échantillon",Basse,"decoupage_eprouvettes_norme, decoupage_eprouvettes_accreditation"
decoupage_eprouvettes_accreditation,L'essai « DÉCOUPAGE D'ÉPROUVETTES » est-il accrédité ?,accréditation de l'essai découpage d'éprouvettes | cet essai est-il couvert par l'accréditation ? | portée d'accréditation pour découpage d'éprouvettes | découpage d'éprouvettes accrédité,"Non, l'essai « DÉCOUPAGE D'ÉPROUVETTES » n'est pas accrédité.",L'essai « DÉCOUPAGE D'ÉPROUVETTES » est proposé par le laboratoire mais ne fait pas partie de sa portée d'accréditation actuelle.,Préparation d'échantillons,"decoupage, eprouvettes, préparation, échantillon",Basse,"decoupage_eprouvettes_norme, decoupage_eprouvettes_delai"
decoupage_polissage_norme,Selon quelle norme réalisez-vous l'essai « DÉCOUPAGE ET POLISSAGE » ?,norme découpage et polissage | référence normative de l'essai découpage et polissage | quelle norme utilisez-vous pour cet essai ? | découpage et polissage norme applicable,Cet essai est réalisé selon notre mode opératoire interne.,Le laboratoire réalise l'essai « DÉCOUPAGE ET POLISSAGE » selon son mode opératoire interne. Rapprochez-vous de nous pour plus de détails sur la méthode appliquée.,Préparation d'échantillons,"decoupage, polissage, préparation, échantillon",Basse,"decoupage_polissage_delai, decoupage_polissage_accreditation"
decoupage_polissage_delai,Quel est le délai de réalisation de l'essai « DÉCOUPAGE ET POLISSAGE » ?,délai de l'essai découpage et polissage | combien de temps prend l'essai découpage et polissage ? | quand aurai-je les résultats pour découpage et polissage | temps de traitement découpage et polissage,Le délai de cette prestation vous sera communiqué par le laboratoire au moment de la demande.,Le délai de réalisation de l'essai « DÉCOUPAGE ET POLISSAGE » dépend des conditions de la demande. Contactez le laboratoire pour connaître le délai exact applicable à votre échantillon.,Préparation d'échantillons,"decoupage, polissage, préparation, échantillon",Basse,"decoupage_polissage_norme, decoupage_polissage_accreditation"
decoupage_polissage_accreditation,L'essai « DÉCOUPAGE ET POLISSAGE » est-il accrédité ?,accréditation de l'essai découpage et polissage | cet essai est-il couvert par l'accréditation ? | portée d'accréditation pour découpage et polissage | découpage et polissage accrédité,"Non, l'essai « DÉCOUPAGE ET POLISSAGE » n'est pas accrédité.",L'essai « DÉCOUPAGE ET POLISSAGE » est proposé par le laboratoire mais ne fait pas partie de sa portée d'accréditation actuelle.,Préparation d'échantillons,"decoupage, polissage, préparation, échantillon",Basse,"decoupage_polissage_norme, decoupage_polissage_delai"
finissage_0_063_mm_norme,"Selon quelle norme réalisez-vous l'essai « FINISSAGE À 0,063 MM » ?","norme finissage à 0,063 mm | référence normative de l'essai finissage à 0,063 mm | quelle norme utilisez-vous pour cet essai ? | finissage à 0,063 mm norme applicable",Cet essai est réalisé selon notre mode opératoire interne.,"Le laboratoire réalise l'essai « FINISSAGE À 0,063 MM » selon son mode opératoire interne. Rapprochez-vous de nous pour plus de détails sur la méthode appliquée.",Préparation d'échantillons,"finissage, préparation, échantillon",Basse,"finissage_0_063_mm_delai, finissage_0_063_mm_accreditation"
finissage_0_063_mm_delai,"Quel est le délai de réalisation de l'essai « FINISSAGE À 0,063 MM » ?","délai de l'essai finissage à 0,063 mm | combien de temps prend l'essai finissage à 0,063 mm ? | quand aurai-je les résultats pour finissage à 0,063 mm | temps de traitement finissage à 0,063 mm","Le délai de réalisation de l'essai « FINISSAGE À 0,063 MM » est de **3 jours**.","Le laboratoire réalise l'essai « FINISSAGE À 0,063 MM » dans un délai de **3 jours** à compter de la réception de l'échantillon.",Préparation d'échantillons,"finissage, préparation, échantillon",Basse,"finissage_0_063_mm_norme, finissage_0_063_mm_accreditation"
finissage_0_063_mm_accreditation,"L'essai « FINISSAGE À 0,063 MM » est-il accrédité ?","accréditation de l'essai finissage à 0,063 mm | cet essai est-il couvert par l'accréditation ? | portée d'accréditation pour finissage à 0,063 mm | finissage à 0,063 mm accrédité","Non, l'essai « FINISSAGE À 0,063 MM » n'est pas accrédité.","L'essai « FINISSAGE À 0,063 MM » est proposé par le laboratoire mais ne fait pas partie de sa portée d'accréditation actuelle.",Préparation d'échantillons,"finissage, préparation, échantillon",Basse,"finissage_0_063_mm_norme, finissage_0_063_mm_delai"
finissage_0_1_mm_norme,"Selon quelle norme réalisez-vous l'essai « FINISSAGE À 0,1 MM » ?","norme finissage à 0,1 mm | référence normative de l'essai finissage à 0,1 mm | quelle norme utilisez-vous pour cet essai ? | finissage à 0,1 mm norme applicable",Cet essai est réalisé selon notre mode opératoire interne.,"Le laboratoire réalise l'essai « FINISSAGE À 0,1 MM » selon son mode opératoire interne. Rapprochez-vous de nous pour plus de détails sur la méthode appliquée.",Préparation d'échantillons,"finissage, préparation, échantillon",Basse,"finissage_0_1_mm_delai, finissage_0_1_mm_accreditation"
finissage_0_1_mm_delai,"Quel est le délai de réalisation de l'essai « FINISSAGE À 0,1 MM » ?","délai de l'essai finissage à 0,1 mm | combien de temps prend l'essai finissage à 0,1 mm ? | quand aurai-je les résultats pour finissage à 0,1 mm | temps de traitement finissage à 0,1 mm","Le délai de réalisation de l'essai « FINISSAGE À 0,1 MM » est de **3 jours**.","Le laboratoire réalise l'essai « FINISSAGE À 0,1 MM » dans un délai de **3 jours** à compter de la réception de l'échantillon.",Préparation d'échantillons,"finissage, préparation, échantillon",Basse,"finissage_0_1_mm_norme, finissage_0_1_mm_accreditation"
finissage_0_1_mm_accreditation,"L'essai « FINISSAGE À 0,1 MM » est-il accrédité ?","accréditation de l'essai finissage à 0,1 mm | cet essai est-il couvert par l'accréditation ? | portée d'accréditation pour finissage à 0,1 mm | finissage à 0,1 mm accrédité","Non, l'essai « FINISSAGE À 0,1 MM » n'est pas accrédité.","L'essai « FINISSAGE À 0,1 MM » est proposé par le laboratoire mais ne fait pas partie de sa portée d'accréditation actuelle.",Préparation d'échantillons,"finissage, préparation, échantillon",Basse,"finissage_0_1_mm_norme, finissage_0_1_mm_delai"
preparation_echantillons_pour_envoi_etranger_norme,Selon quelle norme réalisez-vous l'essai « PRÉPARATION DES ÉCHANTILLONS POUR ENVOI À L'ÉTRANGER » ?,norme préparation des échantillons pour envoi à l'étranger | référence normative de l'essai préparation des échantillons pour envoi à l'étranger | quelle norme utilisez-vous pour cet essai ? | préparation des échantillons pour envoi à l'étranger norme applicable,Cet essai est réalisé selon notre mode opératoire interne.,Le laboratoire réalise l'essai « PRÉPARATION DES ÉCHANTILLONS POUR ENVOI À L'ÉTRANGER » selon son mode opératoire interne. Rapprochez-vous de nous pour plus de détails sur la méthode appliquée.,Préparation d'échantillons,"preparation, echantillons, envoi, etranger, préparation, échantillon",Basse,"preparation_echantillons_pour_envoi_etranger_delai, preparation_echantillons_pour_envoi_etranger_accreditation"
preparation_echantillons_pour_envoi_etranger_delai,Quel est le délai de réalisation de l'essai « PRÉPARATION DES ÉCHANTILLONS POUR ENVOI À L'ÉTRANGER » ?,délai de l'essai préparation des échantillons pour envoi à l'étranger | combien de temps prend l'essai préparation des échantillons pour envoi à l'étranger ? | quand aurai-je les résultats pour préparation des échantillons pour envoi à l'étranger | temps de traitement préparation des échantillons pour envoi à l'étranger,Le délai de réalisation de l'essai « PRÉPARATION DES ÉCHANTILLONS POUR ENVOI À L'ÉTRANGER » est de **3 jours**.,Le laboratoire réalise l'essai « PRÉPARATION DES ÉCHANTILLONS POUR ENVOI À L'ÉTRANGER » dans un délai de **3 jours** à compter de la réception de l'échantillon.,Préparation d'échantillons,"preparation, echantillons, envoi, etranger, préparation, échantillon",Basse,"preparation_echantillons_pour_envoi_etranger_norme, preparation_echantillons_pour_envoi_etranger_accreditation"
preparation_echantillons_pour_envoi_etranger_accreditation,L'essai « PRÉPARATION DES ÉCHANTILLONS POUR ENVOI À L'ÉTRANGER » est-il accrédité ?,accréditation de l'essai préparation des échantillons pour envoi à l'étranger | cet essai est-il couvert par l'accréditation ? | portée d'accréditation pour préparation des échantillons pour envoi à l'étranger | préparation des échantillons pour envoi à l'étranger accrédité,"Non, l'essai « PRÉPARATION DES ÉCHANTILLONS POUR ENVOI À L'ÉTRANGER » n'est pas accrédité.",L'essai « PRÉPARATION DES ÉCHANTILLONS POUR ENVOI À L'ÉTRANGER » est proposé par le laboratoire mais ne fait pas partie de sa portée d'accréditation actuelle.,Préparation d'échantillons,"preparation, echantillons, envoi, etranger, préparation, échantillon",Basse,"preparation_echantillons_pour_envoi_etranger_norme, preparation_echantillons_pour_envoi_etranger_delai"
preparation_echantillons_pour_essai_granulat_norme,Selon quelle norme réalisez-vous l'essai « PRÉPARATION DES ÉCHANTILLONS POUR ESSAI SUR GRANULAT » ?,norme préparation des échantillons pour essai sur granulat | référence normative de l'essai préparation des échantillons pour essai sur granulat | quelle norme utilisez-vous pour cet essai ? | préparation des échantillons pour essai sur granulat norme applicable,Cet essai est réalisé selon notre mode opératoire interne.,Le laboratoire réalise l'essai « PRÉPARATION DES ÉCHANTILLONS POUR ESSAI SUR GRANULAT » selon son mode opératoire interne. Rapprochez-vous de nous pour plus de détails sur la méthode appliquée.,Préparation d'échantillons,"essai, preparation, echantillons, granulat, préparation, échantillon",Basse,"preparation_echantillons_pour_essai_granulat_delai, preparation_echantillons_pour_essai_granulat_accreditation"
preparation_echantillons_pour_essai_granulat_delai,Quel est le délai de réalisation de l'essai « PRÉPARATION DES ÉCHANTILLONS POUR ESSAI SUR GRANULAT » ?,délai de l'essai préparation des échantillons pour essai sur granulat | combien de temps prend l'essai préparation des échantillons pour essai sur granulat ? | quand aurai-je les résultats pour préparation des échantillons pour essai sur granulat | temps de traitement préparation des échantillons pour essai sur granulat,Le délai de réalisation de l'essai « PRÉPARATION DES ÉCHANTILLONS POUR ESSAI SUR GRANULAT » est de **2 jours**.,Le laboratoire réalise l'essai « PRÉPARATION DES ÉCHANTILLONS POUR ESSAI SUR GRANULAT » dans un délai de **2 jours** à compter de la réception de l'échantillon.,Préparation d'échantillons,"essai, preparation, echantillons, granulat, préparation, échantillon",Basse,"preparation_echantillons_pour_essai_granulat_norme, preparation_echantillons_pour_essai_granulat_accreditation"
preparation_echantillons_pour_essai_granulat_accreditation,L'essai « PRÉPARATION DES ÉCHANTILLONS POUR ESSAI SUR GRANULAT » est-il accrédité ?,accréditation de l'essai préparation des échantillons pour essai sur granulat | cet essai est-il couvert par l'accréditation ? | portée d'accréditation pour préparation des échantillons pour essai sur granulat | préparation des échantillons pour essai sur granulat accrédité,"Non, l'essai « PRÉPARATION DES ÉCHANTILLONS POUR ESSAI SUR GRANULAT » n'est pas accrédité.",L'essai « PRÉPARATION DES ÉCHANTILLONS POUR ESSAI SUR GRANULAT » est proposé par le laboratoire mais ne fait pas partie de sa portée d'accréditation actuelle.,Préparation d'échantillons,"essai, preparation, echantillons, granulat, préparation, échantillon",Basse,"preparation_echantillons_pour_essai_granulat_norme, preparation_echantillons_pour_essai_granulat_delai"
preparation_lames_minces_norme,Selon quelle norme réalisez-vous l'essai « PRÉPARATION DE LAMES MINCES » ?,norme préparation de lames minces | référence normative de l'essai préparation de lames minces | quelle norme utilisez-vous pour cet essai ? | préparation de lames minces norme applicable,Cet essai est réalisé selon notre mode opératoire interne.,Le laboratoire réalise l'essai « PRÉPARATION DE LAMES MINCES » selon son mode opératoire interne. Rapprochez-vous de nous pour plus de détails sur la méthode appliquée.,Préparation d'échantillons,"preparation, lames, minces, préparation, échantillon",Basse,"preparation_lames_minces_delai, preparation_lames_minces_accreditation"
preparation_lames_minces_delai,Quel est le délai de réalisation de l'essai « PRÉPARATION DE LAMES MINCES » ?,délai de l'essai préparation de lames minces | combien de temps prend l'essai préparation de lames minces ? | quand aurai-je les résultats pour préparation de lames minces | temps de traitement préparation de lames minces,Le délai de réalisation de l'essai « PRÉPARATION DE LAMES MINCES » est de **5 jours**.,Le laboratoire réalise l'essai « PRÉPARATION DE LAMES MINCES » dans un délai de **5 jours** à compter de la réception de l'échantillon.,Préparation d'échantillons,"preparation, lames, minces, préparation, échantillon",Basse,"preparation_lames_minces_norme, preparation_lames_minces_accreditation"
preparation_lames_minces_accreditation,L'essai « PRÉPARATION DE LAMES MINCES » est-il accrédité ?,accréditation de l'essai préparation de lames minces | cet essai est-il couvert par l'accréditation ? | portée d'accréditation pour préparation de lames minces | préparation de lames minces accrédité,"Non, l'essai « PRÉPARATION DE LAMES MINCES » n'est pas accrédité.",L'essai « PRÉPARATION DE LAMES MINCES » est proposé par le laboratoire mais ne fait pas partie de sa portée d'accréditation actuelle.,Préparation d'échantillons,"preparation, lames, minces, préparation, échantillon",Basse,"preparation_lames_minces_norme, preparation_lames_minces_delai"
stockage_archivage_caisses_carottes_au_dela_norme,Selon quelle norme réalisez-vous l'essai « STOCKAGE ET ARCHIVAGE DES CAISSES À CAROTTES AU-DELÀ DE SIX MOIS » ?,norme stockage et archivage des caisses à carottes au-delà de six mois | référence normative de l'essai stockage et archivage des caisses à carottes au-delà de six mois | quelle norme utilisez-vous pour cet essai ? | stockage et archivage des caisses à carottes au-delà de six mois norme applicable,Cet essai est réalisé selon notre mode opératoire interne.,Le laboratoire réalise l'essai « STOCKAGE ET ARCHIVAGE DES CAISSES À CAROTTES AU-DELÀ DE SIX MOIS » selon son mode opératoire interne. Rapprochez-vous de nous pour plus de détails sur la méthode appliquée.,Préparation d'échantillons,"stockage, archivage, caisses, carottes, dela, six, préparation, échantillon",Basse,"stockage_archivage_caisses_carottes_au_dela_delai, stockage_archivage_caisses_carottes_au_dela_accreditation"
stockage_archivage_caisses_carottes_au_dela_delai,Quel est le délai de réalisation de l'essai « STOCKAGE ET ARCHIVAGE DES CAISSES À CAROTTES AU-DELÀ DE SIX MOIS » ?,délai de l'essai stockage et archivage des caisses à carottes au-delà de six mois | combien de temps prend l'essai stockage et archivage des caisses à carottes au-delà de six mois ? | quand aurai-je les résultats pour stockage et archivage des caisses à carottes au-delà de six mois | temps de traitement stockage et archivage des caisses à carottes au-delà de six mois,Le délai de cette prestation vous sera communiqué par le laboratoire au moment de la demande.,Le délai de réalisation de l'essai « STOCKAGE ET ARCHIVAGE DES CAISSES À CAROTTES AU-DELÀ DE SIX MOIS » dépend des conditions de la demande. Contactez le laboratoire pour connaître le délai exact applicable à votre échantillon.,Préparation d'échantillons,"stockage, archivage, caisses, carottes, dela, six, préparation, échantillon",Basse,"stockage_archivage_caisses_carottes_au_dela_norme, stockage_archivage_caisses_carottes_au_dela_accreditation"
stockage_archivage_caisses_carottes_au_dela_accreditation,L'essai « STOCKAGE ET ARCHIVAGE DES CAISSES À CAROTTES AU-DELÀ DE SIX MOIS » est-il accrédité ?,accréditation de l'essai stockage et archivage des caisses à carottes au-delà de six mois | cet essai est-il couvert par l'accréditation ? | portée d'accréditation pour stockage et archivage des caisses à carottes au-delà de six mois | stockage et archivage des caisses à carottes au-delà de six mois accrédité,"Non, l'essai « STOCKAGE ET ARCHIVAGE DES CAISSES À CAROTTES AU-DELÀ DE SIX MOIS » n'est pas accrédité.",L'essai « STOCKAGE ET ARCHIVAGE DES CAISSES À CAROTTES AU-DELÀ DE SIX MOIS » est proposé par le laboratoire mais ne fait pas partie de sa portée d'accréditation actuelle.,Préparation d'échantillons,"stockage, archivage, caisses, carottes, dela, six, préparation, échantillon",Basse,"stockage_archivage_caisses_carottes_au_dela_norme, stockage_archivage_caisses_carottes_au_dela_delai"
mission_prelevement_norme,Selon quelle norme réalisez-vous l'essai « MISSION DE PRÉLÈVEMENT » ?,norme mission de prélèvement | référence normative de l'essai mission de prélèvement | quelle norme utilisez-vous pour cet essai ? | mission de prélèvement norme applicable,Cet essai est réalisé selon notre mode opératoire interne.,Le laboratoire réalise l'essai « MISSION DE PRÉLÈVEMENT » selon son mode opératoire interne. Rapprochez-vous de nous pour plus de détails sur la méthode appliquée.,Préparation d'échantillons,"mission, prelevement, préparation, échantillon",Basse,"mission_prelevement_delai, mission_prelevement_accreditation"
mission_prelevement_delai,Quel est le délai de réalisation de l'essai « MISSION DE PRÉLÈVEMENT » ?,délai de l'essai mission de prélèvement | combien de temps prend l'essai mission de prélèvement ? | quand aurai-je les résultats pour mission de prélèvement | temps de traitement mission de prélèvement,Le délai de réalisation de l'essai « MISSION DE PRÉLÈVEMENT » est de **3 jours**.,Le laboratoire réalise l'essai « MISSION DE PRÉLÈVEMENT » dans un délai de **3 jours** à compter de la réception de l'échantillon.,Préparation d'échantillons,"mission, prelevement, préparation, échantillon",Basse,"mission_prelevement_norme, mission_prelevement_accreditation"
mission_prelevement_accreditation,L'essai « MISSION DE PRÉLÈVEMENT » est-il accrédité ?,accréditation de l'essai mission de prélèvement | cet essai est-il couvert par l'accréditation ? | portée d'accréditation pour mission de prélèvement | mission de prélèvement accrédité,"Non, l'essai « MISSION DE PRÉLÈVEMENT » n'est pas accrédité.",L'essai « MISSION DE PRÉLÈVEMENT » est proposé par le laboratoire mais ne fait pas partie de sa portée d'accréditation actuelle.,Préparation d'échantillons,"mission, prelevement, préparation, échantillon",Basse,"mission_prelevement_norme, mission_prelevement_delai"
determination_teneur_chrome_norme,Selon quelle norme réalisez-vous l'essai « DÉTERMINATION DE LA TENEUR EN CHROME (Cr)-(semi-quantitatif) » ?,norme détermination de la teneur en chrome (cr)-(semi-quantitatif) | référence normative de l'essai détermination de la teneur en chrome (cr)-(semi-quantitatif) | quelle norme utilisez-vous pour cet essai ? | détermination de la teneur en chrome (cr)-(semi-quantitatif) norme applicable,L'essai « DÉTERMINATION DE LA TENEUR EN CHROME (Cr)-(semi-quantitatif) » est réalisé selon **NF EN 196-2**.,Le laboratoire réalise l'essai « DÉTERMINATION DE LA TENEUR EN CHROME (Cr)-(semi-quantitatif) » selon **NF EN 196-2**.,Analyses chimiques - Ciment,"determination, teneur, chrome, ciment, analyse chimique",Moyenne,"determination_teneur_chrome_delai, determination_teneur_chrome_accreditation"
determination_teneur_chrome_delai,Quel est le délai de réalisation de l'essai « DÉTERMINATION DE LA TENEUR EN CHROME (Cr)-(semi-quantitatif) » ?,délai de l'essai détermination de la teneur en chrome (cr)-(semi-quantitatif) | combien de temps prend l'essai détermination de la teneur en chrome (cr)-(semi-quantitatif) ? | quand aurai-je les résultats pour détermination de la teneur en chrome (cr)-(semi-quantitatif) | temps de traitement détermination de la teneur en chrome (cr)-(semi-quantitatif),Le délai de réalisation de l'essai « DÉTERMINATION DE LA TENEUR EN CHROME (Cr)-(semi-quantitatif) » est de **19 jours**.,Le laboratoire réalise l'essai « DÉTERMINATION DE LA TENEUR EN CHROME (Cr)-(semi-quantitatif) » dans un délai de **19 jours** à compter de la réception de l'échantillon.,Analyses chimiques - Ciment,"determination, teneur, chrome, ciment, analyse chimique",Moyenne,"determination_teneur_chrome_norme, determination_teneur_chrome_accreditation"
determination_teneur_chrome_accreditation,L'essai « DÉTERMINATION DE LA TENEUR EN CHROME (Cr)-(semi-quantitatif) » est-il accrédité ?,accréditation de l'essai détermination de la teneur en chrome (cr)-(semi-quantitatif) | cet essai est-il couvert par l'accréditation ? | portée d'accréditation pour détermination de la teneur en chrome (cr)-(semi-quantitatif) | détermination de la teneur en chrome (cr)-(semi-quantitatif) accrédité,"Non, l'essai « DÉTERMINATION DE LA TENEUR EN CHROME (Cr)-(semi-quantitatif) » n'est pas accrédité.",L'essai « DÉTERMINATION DE LA TENEUR EN CHROME (Cr)-(semi-quantitatif) » est proposé par le laboratoire mais ne fait pas partie de sa portée d'accréditation actuelle.,Analyses chimiques - Ciment,"determination, teneur, chrome, ciment, analyse chimique",Moyenne,"determination_teneur_chrome_norme, determination_teneur_chrome_delai"
determination_teneur_silicium_norme,Selon quelle norme réalisez-vous l'essai « DÉTERMINATION DE LA TENEUR EN SILICIUM (Si)-(fluorescence x) » ?,norme détermination de la teneur en silicium (si)-(fluorescence x) | référence normative de l'essai détermination de la teneur en silicium (si)-(fluorescence x) | quelle norme utilisez-vous pour cet essai ? | détermination de la teneur en silicium (si)-(fluorescence x) norme applicable,L'essai « DÉTERMINATION DE LA TENEUR EN SILICIUM (Si)-(fluorescence x) » est réalisé selon **NF EN 196-2**.,Le laboratoire réalise l'essai « DÉTERMINATION DE LA TENEUR EN SILICIUM (Si)-(fluorescence x) » selon **NF EN 196-2**.,Analyses chimiques - Ciment,"determination, teneur, silicium, ciment, analyse chimique",Moyenne,"determination_teneur_silicium_delai, determination_teneur_silicium_accreditation"
determination_teneur_silicium_delai,Quel est le délai de réalisation de l'essai « DÉTERMINATION DE LA TENEUR EN SILICIUM (Si)-(fluorescence x) » ?,délai de l'essai détermination de la teneur en silicium (si)-(fluorescence x) | combien de temps prend l'essai détermination de la teneur en silicium (si)-(fluorescence x) ? | quand aurai-je les résultats pour détermination de la teneur en silicium (si)-(fluorescence x) | temps de traitement détermination de la teneur en silicium (si)-(fluorescence x),Le délai de réalisation de l'essai « DÉTERMINATION DE LA TENEUR EN SILICIUM (Si)-(fluorescence x) » est de **19 jours**.,Le laboratoire réalise l'essai « DÉTERMINATION DE LA TENEUR EN SILICIUM (Si)-(fluorescence x) » dans un délai de **19 jours** à compter de la réception de l'échantillon.,Analyses chimiques - Ciment,"determination, teneur, silicium, ciment, analyse chimique",Moyenne,"determination_teneur_silicium_norme, determination_teneur_silicium_accreditation"
determination_teneur_silicium_accreditation,L'essai « DÉTERMINATION DE LA TENEUR EN SILICIUM (Si)-(fluorescence x) » est-il accrédité ?,accréditation de l'essai détermination de la teneur en silicium (si)-(fluorescence x) | cet essai est-il couvert par l'accréditation ? | portée d'accréditation pour détermination de la teneur en silicium (si)-(fluorescence x) | détermination de la teneur en silicium (si)-(fluorescence x) accrédité,"Non, l'essai « DÉTERMINATION DE LA TENEUR EN SILICIUM (Si)-(fluorescence x) » n'est pas accrédité.",L'essai « DÉTERMINATION DE LA TENEUR EN SILICIUM (Si)-(fluorescence x) » est proposé par le laboratoire mais ne fait pas partie de sa portée d'accréditation actuelle.,Analyses chimiques - Ciment,"determination, teneur, silicium, ciment, analyse chimique",Moyenne,"determination_teneur_silicium_norme, determination_teneur_silicium_delai"
determination_teneur_phosphore_norme,Selon quelle norme réalisez-vous l'essai « DÉTERMINATION DE LA TENEUR EN PHOSPHORE (P)-(semi-quantitatif) » ?,norme détermination de la teneur en phosphore (p)-(semi-quantitatif) | référence normative de l'essai détermination de la teneur en phosphore (p)-(semi-quantitatif) | quelle norme utilisez-vous pour cet essai ? | détermination de la teneur en phosphore (p)-(semi-quantitatif) norme applicable,L'essai « DÉTERMINATION DE LA TENEUR EN PHOSPHORE (P)-(semi-quantitatif) » est réalisé selon **NF EN 196-2**.,Le laboratoire réalise l'essai « DÉTERMINATION DE LA TENEUR EN PHOSPHORE (P)-(semi-quantitatif) » selon **NF EN 196-2**.,Analyses chimiques - Ciment,"determination, teneur, phosphore, ciment, analyse chimique",Moyenne,"determination_teneur_phosphore_delai, determination_teneur_phosphore_accreditation"
determination_teneur_phosphore_delai,Quel est le délai de réalisation de l'essai « DÉTERMINATION DE LA TENEUR EN PHOSPHORE (P)-(semi-quantitatif) » ?,délai de l'essai détermination de la teneur en phosphore (p)-(semi-quantitatif) | combien de temps prend l'essai détermination de la teneur en phosphore (p)-(semi-quantitatif) ? | quand aurai-je les résultats pour détermination de la teneur en phosphore (p)-(semi-quantitatif) | temps de traitement détermination de la teneur en phosphore (p)-(semi-quantitatif),Le délai de réalisation de l'essai « DÉTERMINATION DE LA TENEUR EN PHOSPHORE (P)-(semi-quantitatif) » est de **19 jours**.,Le laboratoire réalise l'essai « DÉTERMINATION DE LA TENEUR EN PHOSPHORE (P)-(semi-quantitatif) » dans un délai de **19 jours** à compter de la réception de l'échantillon.,Analyses chimiques - Ciment,"determination, teneur, phosphore, ciment, analyse chimique",Moyenne,"determination_teneur_phosphore_norme, determination_teneur_phosphore_accreditation"
determination_teneur_phosphore_accreditation,L'essai « DÉTERMINATION DE LA TENEUR EN PHOSPHORE (P)-(semi-quantitatif) » est-il accrédité ?,accréditation de l'essai détermination de la teneur en phosphore (p)-(semi-quantitatif) | cet essai est-il couvert par l'accréditation ? | portée d'accréditation pour détermination de la teneur en phosphore (p)-(semi-quantitatif) | détermination de la teneur en phosphore (p)-(semi-quantitatif) accrédité,"Non, l'essai « DÉTERMINATION DE LA TENEUR EN PHOSPHORE (P)-(semi-quantitatif) » n'est pas accrédité.",L'essai « DÉTERMINATION DE LA TENEUR EN PHOSPHORE (P)-(semi-quantitatif) » est proposé par le laboratoire mais ne fait pas partie de sa portée d'accréditation actuelle.,Analyses chimiques - Ciment,"determination, teneur, phosphore, ciment, analyse chimique",Moyenne,"determination_teneur_phosphore_norme, determination_teneur_phosphore_delai"
determination_teneur_sodium_potassium_norme,"Selon quelle norme réalisez-vous l'essai « DÉTERMINATION DE LA TENEUR EN SODIUM ET DU POTASSIUM (Na, K)-(fluorescence x) » ?","norme détermination de la teneur en sodium et du potassium (na, k)-(fluorescence x) | référence normative de l'essai détermination de la teneur en sodium et du potassium (na, k)-(fluorescence x) | quelle norme utilisez-vous pour cet essai ? | détermination de la teneur en sodium et du potassium (na, k)-(fluorescence x) norme applicable","L'essai « DÉTERMINATION DE LA TENEUR EN SODIUM ET DU POTASSIUM (Na, K)-(fluorescence x) » est réalisé selon **NF EN 196-2**.","Le laboratoire réalise l'essai « DÉTERMINATION DE LA TENEUR EN SODIUM ET DU POTASSIUM (Na, K)-(fluorescence x) » selon **NF EN 196-2**.",Analyses chimiques - Ciment,"determination, teneur, sodium, potassium, ciment, analyse chimique",Moyenne,"determination_teneur_sodium_potassium_delai, determination_teneur_sodium_potassium_accreditation"
determination_teneur_sodium_potassium_delai,"Quel est le délai de réalisation de l'essai « DÉTERMINATION DE LA TENEUR EN SODIUM ET DU POTASSIUM (Na, K)-(fluorescence x) » ?","délai de l'essai détermination de la teneur en sodium et du potassium (na, k)-(fluorescence x) | combien de temps prend l'essai détermination de la teneur en sodium et du potassium (na, k)-(fluorescence x) ? | quand aurai-je les résultats pour détermination de la teneur en sodium et du potassium (na, k)-(fluorescence x) | temps de traitement détermination de la teneur en sodium et du potassium (na, k)-(fluorescence x)","Le délai de réalisation de l'essai « DÉTERMINATION DE LA TENEUR EN SODIUM ET DU POTASSIUM (Na, K)-(fluorescence x) » est de **19 jours**.","Le laboratoire réalise l'essai « DÉTERMINATION DE LA TENEUR EN SODIUM ET DU POTASSIUM (Na, K)-(fluorescence x) » dans un délai de **19 jours** à compter de la réception de l'échantillon.",Analyses chimiques - Ciment,"determination, teneur, sodium, potassium, ciment, analyse chimique",Moyenne,"determination_teneur_sodium_potassium_norme, determination_teneur_sodium_potassium_accreditation"
determination_teneur_sodium_potassium_accreditation,"L'essai « DÉTERMINATION DE LA TENEUR EN SODIUM ET DU POTASSIUM (Na, K)-(fluorescence x) » est-il accrédité ?","accréditation de l'essai détermination de la teneur en sodium et du potassium (na, k)-(fluorescence x) | cet essai est-il couvert par l'accréditation ? | portée d'accréditation pour détermination de la teneur en sodium et du potassium (na, k)-(fluorescence x) | détermination de la teneur en sodium et du potassium (na, k)-(fluorescence x) accrédité","Non, l'essai « DÉTERMINATION DE LA TENEUR EN SODIUM ET DU POTASSIUM (Na, K)-(fluorescence x) » n'est pas accrédité.","L'essai « DÉTERMINATION DE LA TENEUR EN SODIUM ET DU POTASSIUM (Na, K)-(fluorescence x) » est proposé par le laboratoire mais ne fait pas partie de sa portée d'accréditation actuelle.",Analyses chimiques - Ciment,"determination, teneur, sodium, potassium, ciment, analyse chimique",Moyenne,"determination_teneur_sodium_potassium_norme, determination_teneur_sodium_potassium_delai"
determination_teneur_plomb_norme,Selon quelle norme réalisez-vous l'essai « DÉTERMINATION DE LA TENEUR EN PLOMB (Pb)-(semi-quantitatif) » ?,norme détermination de la teneur en plomb (pb)-(semi-quantitatif) | référence normative de l'essai détermination de la teneur en plomb (pb)-(semi-quantitatif) | quelle norme utilisez-vous pour cet essai ? | détermination de la teneur en plomb (pb)-(semi-quantitatif) norme applicable,L'essai « DÉTERMINATION DE LA TENEUR EN PLOMB (Pb)-(semi-quantitatif) » est réalisé selon **NF EN 196-2**.,Le laboratoire réalise l'essai « DÉTERMINATION DE LA TENEUR EN PLOMB (Pb)-(semi-quantitatif) » selon **NF EN 196-2**.,Analyses chimiques - Ciment,"determination, teneur, plomb, ciment, analyse chimique",Moyenne,"determination_teneur_plomb_delai, determination_teneur_plomb_accreditation"
determination_teneur_plomb_delai,Quel est le délai de réalisation de l'essai « DÉTERMINATION DE LA TENEUR EN PLOMB (Pb)-(semi-quantitatif) » ?,délai de l'essai détermination de la teneur en plomb (pb)-(semi-quantitatif) | combien de temps prend l'essai détermination de la teneur en plomb (pb)-(semi-quantitatif) ? | quand aurai-je les résultats pour détermination de la teneur en plomb (pb)-(semi-quantitatif) | temps de traitement détermination de la teneur en plomb (pb)-(semi-quantitatif),Le délai de réalisation de l'essai « DÉTERMINATION DE LA TENEUR EN PLOMB (Pb)-(semi-quantitatif) » est de **19 jours**.,Le laboratoire réalise l'essai « DÉTERMINATION DE LA TENEUR EN PLOMB (Pb)-(semi-quantitatif) » dans un délai de **19 jours** à compter de la réception de l'échantillon.,Analyses chimiques - Ciment,"determination, teneur, plomb, ciment, analyse chimique",Moyenne,"determination_teneur_plomb_norme, determination_teneur_plomb_accreditation"
determination_teneur_plomb_accreditation,L'essai « DÉTERMINATION DE LA TENEUR EN PLOMB (Pb)-(semi-quantitatif) » est-il accrédité ?,accréditation de l'essai détermination de la teneur en plomb (pb)-(semi-quantitatif) | cet essai est-il couvert par l'accréditation ? | portée d'accréditation pour détermination de la teneur en plomb (pb)-(semi-quantitatif) | détermination de la teneur en plomb (pb)-(semi-quantitatif) accrédité,"Non, l'essai « DÉTERMINATION DE LA TENEUR EN PLOMB (Pb)-(semi-quantitatif) » n'est pas accrédité.",L'essai « DÉTERMINATION DE LA TENEUR EN PLOMB (Pb)-(semi-quantitatif) » est proposé par le laboratoire mais ne fait pas partie de sa portée d'accréditation actuelle.,Analyses chimiques - Ciment,"determination, teneur, plomb, ciment, analyse chimique",Moyenne,"determination_teneur_plomb_norme, determination_teneur_plomb_delai"
determination_teneur_argent_norme,Selon quelle norme réalisez-vous l'essai « DÉTERMINATION DE LA TENEUR DE L'ARGENT (Ag)-(semi-quantitatif) » ?,norme détermination de la teneur de l'argent (ag)-(semi-quantitatif) | référence normative de l'essai détermination de la teneur de l'argent (ag)-(semi-quantitatif) | quelle norme utilisez-vous pour cet essai ? | détermination de la teneur de l'argent (ag)-(semi-quantitatif) norme applicable,L'essai « DÉTERMINATION DE LA TENEUR DE L'ARGENT (Ag)-(semi-quantitatif) » est réalisé selon **NF EN 196-2**.,Le laboratoire réalise l'essai « DÉTERMINATION DE LA TENEUR DE L'ARGENT (Ag)-(semi-quantitatif) » selon **NF EN 196-2**.,Analyses chimiques - Ciment,"determination, teneur, argent, ciment, analyse chimique",Moyenne,"determination_teneur_argent_delai, determination_teneur_argent_accreditation"
determination_teneur_argent_delai,Quel est le délai de réalisation de l'essai « DÉTERMINATION DE LA TENEUR DE L'ARGENT (Ag)-(semi-quantitatif) » ?,délai de l'essai détermination de la teneur de l'argent (ag)-(semi-quantitatif) | combien de temps prend l'essai détermination de la teneur de l'argent (ag)-(semi-quantitatif) ? | quand aurai-je les résultats pour détermination de la teneur de l'argent (ag)-(semi-quantitatif) | temps de traitement détermination de la teneur de l'argent (ag)-(semi-quantitatif),Le délai de réalisation de l'essai « DÉTERMINATION DE LA TENEUR DE L'ARGENT (Ag)-(semi-quantitatif) » est de **19 jours**.,Le laboratoire réalise l'essai « DÉTERMINATION DE LA TENEUR DE L'ARGENT (Ag)-(semi-quantitatif) » dans un délai de **19 jours** à compter de la réception de l'échantillon.,Analyses chimiques - Ciment,"determination, teneur, argent, ciment, analyse chimique",Moyenne,"determination_teneur_argent_norme, determination_teneur_argent_accreditation"
determination_teneur_argent_accreditation,L'essai « DÉTERMINATION DE LA TENEUR DE L'ARGENT (Ag)-(semi-quantitatif) » est-il accrédité ?,accréditation de l'essai détermination de la teneur de l'argent (ag)-(semi-quantitatif) | cet essai est-il couvert par l'accréditation ? | portée d'accréditation pour détermination de la teneur de l'argent (ag)-(semi-quantitatif) | détermination de la teneur de l'argent (ag)-(semi-quantitatif) accrédité,"Non, l'essai « DÉTERMINATION DE LA TENEUR DE L'ARGENT (Ag)-(semi-quantitatif) » n'est pas accrédité.",L'essai « DÉTERMINATION DE LA TENEUR DE L'ARGENT (Ag)-(semi-quantitatif) » est proposé par le laboratoire mais ne fait pas partie de sa portée d'accréditation actuelle.,Analyses chimiques - Ciment,"determination, teneur, argent, ciment, analyse chimique",Moyenne,"determination_teneur_argent_norme, determination_teneur_argent_delai"
determination_teneur_cadmium_norme,Selon quelle norme réalisez-vous l'essai « DÉTERMINATION DE LA TENEUR EN CADMIUM (Cd)-(semi-quantitatif) » ?,norme détermination de la teneur en cadmium (cd)-(semi-quantitatif) | référence normative de l'essai détermination de la teneur en cadmium (cd)-(semi-quantitatif) | quelle norme utilisez-vous pour cet essai ? | détermination de la teneur en cadmium (cd)-(semi-quantitatif) norme applicable,L'essai « DÉTERMINATION DE LA TENEUR EN CADMIUM (Cd)-(semi-quantitatif) » est réalisé selon **NF EN 196-2**.,Le laboratoire réalise l'essai « DÉTERMINATION DE LA TENEUR EN CADMIUM (Cd)-(semi-quantitatif) » selon **NF EN 196-2**.,Analyses chimiques - Ciment,"determination, teneur, cadmium, ciment, analyse chimique",Moyenne,"determination_teneur_cadmium_delai, determination_teneur_cadmium_accreditation"
determination_teneur_cadmium_delai,Quel est le délai de réalisation de l'essai « DÉTERMINATION DE LA TENEUR EN CADMIUM (Cd)-(semi-quantitatif) » ?,délai de l'essai détermination de la teneur en cadmium (cd)-(semi-quantitatif) | combien de temps prend l'essai détermination de la teneur en cadmium (cd)-(semi-quantitatif) ? | quand aurai-je les résultats pour détermination de la teneur en cadmium (cd)-(semi-quantitatif) | temps de traitement détermination de la teneur en cadmium (cd)-(semi-quantitatif),Le délai de réalisation de l'essai « DÉTERMINATION DE LA TENEUR EN CADMIUM (Cd)-(semi-quantitatif) » est de **19 jours**.,Le laboratoire réalise l'essai « DÉTERMINATION DE LA TENEUR EN CADMIUM (Cd)-(semi-quantitatif) » dans un délai de **19 jours** à compter de la réception de l'échantillon.,Analyses chimiques - Ciment,"determination, teneur, cadmium, ciment, analyse chimique",Moyenne,"determination_teneur_cadmium_norme, determination_teneur_cadmium_accreditation"
determination_teneur_cadmium_accreditation,L'essai « DÉTERMINATION DE LA TENEUR EN CADMIUM (Cd)-(semi-quantitatif) » est-il accrédité ?,accréditation de l'essai détermination de la teneur en cadmium (cd)-(semi-quantitatif) | cet essai est-il couvert par l'accréditation ? | portée d'accréditation pour détermination de la teneur en cadmium (cd)-(semi-quantitatif) | détermination de la teneur en cadmium (cd)-(semi-quantitatif) accrédité,"Non, l'essai « DÉTERMINATION DE LA TENEUR EN CADMIUM (Cd)-(semi-quantitatif) » n'est pas accrédité.",L'essai « DÉTERMINATION DE LA TENEUR EN CADMIUM (Cd)-(semi-quantitatif) » est proposé par le laboratoire mais ne fait pas partie de sa portée d'accréditation actuelle.,Analyses chimiques - Ciment,"determination, teneur, cadmium, ciment, analyse chimique",Moyenne,"determination_teneur_cadmium_norme, determination_teneur_cadmium_delai"
determination_teneur_calcium_magnesium_norme,Selon quelle norme réalisez-vous l'essai « DÉTERMINATION DE LA TENEUR EN CALCIUM ET MAGNÉSIUM (Mg)-(fluorescence x) » ?,norme détermination de la teneur en calcium et magnésium (mg)-(fluorescence x) | référence normative de l'essai détermination de la teneur en calcium et magnésium (mg)-(fluorescence x) | quelle norme utilisez-vous pour cet essai ? | détermination de la teneur en calcium et magnésium (mg)-(fluorescence x) norme applicable,L'essai « DÉTERMINATION DE LA TENEUR EN CALCIUM ET MAGNÉSIUM (Mg)-(fluorescence x) » est réalisé selon **NF EN 196-2**.,Le laboratoire réalise l'essai « DÉTERMINATION DE LA TENEUR EN CALCIUM ET MAGNÉSIUM (Mg)-(fluorescence x) » selon **NF EN 196-2**.,Analyses chimiques - Ciment,"determination, teneur, calcium, magnesium, ciment, analyse chimique",Moyenne,"determination_teneur_calcium_magnesium_delai, determination_teneur_calcium_magnesium_accreditation"
determination_teneur_calcium_magnesium_delai,Quel est le délai de réalisation de l'essai « DÉTERMINATION DE LA TENEUR EN CALCIUM ET MAGNÉSIUM (Mg)-(fluorescence x) » ?,délai de l'essai détermination de la teneur en calcium et magnésium (mg)-(fluorescence x) | combien de temps prend l'essai détermination de la teneur en calcium et magnésium (mg)-(fluorescence x) ? | quand aurai-je les résultats pour détermination de la teneur en calcium et magnésium (mg)-(fluorescence x) | temps de traitement détermination de la teneur en calcium et magnésium (mg)-(fluorescence x),Le délai de réalisation de l'essai « DÉTERMINATION DE LA TENEUR EN CALCIUM ET MAGNÉSIUM (Mg)-(fluorescence x) » est de **19 jours**.,Le laboratoire réalise l'essai « DÉTERMINATION DE LA TENEUR EN CALCIUM ET MAGNÉSIUM (Mg)-(fluorescence x) » dans un délai de **19 jours** à compter de la réception de l'échantillon.,Analyses chimiques - Ciment,"determination, teneur, calcium, magnesium, ciment, analyse chimique",Moyenne,"determination_teneur_calcium_magnesium_norme, determination_teneur_calcium_magnesium_accreditation"
determination_teneur_calcium_magnesium_accreditation,L'essai « DÉTERMINATION DE LA TENEUR EN CALCIUM ET MAGNÉSIUM (Mg)-(fluorescence x) » est-il accrédité ?,accréditation de l'essai détermination de la teneur en calcium et magnésium (mg)-(fluorescence x) | cet essai est-il couvert par l'accréditation ? | portée d'accréditation pour détermination de la teneur en calcium et magnésium (mg)-(fluorescence x) | détermination de la teneur en calcium et magnésium (mg)-(fluorescence x) accrédité,"Non, l'essai « DÉTERMINATION DE LA TENEUR EN CALCIUM ET MAGNÉSIUM (Mg)-(fluorescence x) » n'est pas accrédité.",L'essai « DÉTERMINATION DE LA TENEUR EN CALCIUM ET MAGNÉSIUM (Mg)-(fluorescence x) » est proposé par le laboratoire mais ne fait pas partie de sa portée d'accréditation actuelle.,Analyses chimiques - Ciment,"determination, teneur, calcium, magnesium, ciment, analyse chimique",Moyenne,"determination_teneur_calcium_magnesium_norme, determination_teneur_calcium_magnesium_delai"
determination_teneur_fer_norme,Selon quelle norme réalisez-vous l'essai « DÉTERMINATION DE LA TENEUR EN FER (Fe) (fluorescence x) » ?,norme détermination de la teneur en fer (fe) (fluorescence x) | référence normative de l'essai détermination de la teneur en fer (fe) (fluorescence x) | quelle norme utilisez-vous pour cet essai ? | détermination de la teneur en fer (fe) (fluorescence x) norme applicable,L'essai « DÉTERMINATION DE LA TENEUR EN FER (Fe) (fluorescence x) » est réalisé selon **NF EN 196-2**.,Le laboratoire réalise l'essai « DÉTERMINATION DE LA TENEUR EN FER (Fe) (fluorescence x) » selon **NF EN 196-2**.,Analyses chimiques - Ciment,"determination, teneur, fer, ciment, analyse chimique",Moyenne,"determination_teneur_fer_delai, determination_teneur_fer_accreditation"
determination_teneur_fer_delai,Quel est le délai de réalisation de l'essai « DÉTERMINATION DE LA TENEUR EN FER (Fe) (fluorescence x) » ?,délai de l'essai détermination de la teneur en fer (fe) (fluorescence x) | combien de temps prend l'essai détermination de la teneur en fer (fe) (fluorescence x) ? | quand aurai-je les résultats pour détermination de la teneur en fer (fe) (fluorescence x) | temps de traitement détermination de la teneur en fer (fe) (fluorescence x),Le délai de réalisation de l'essai « DÉTERMINATION DE LA TENEUR EN FER (Fe) (fluorescence x) » est de **19 jours**.,Le laboratoire réalise l'essai « DÉTERMINATION DE LA TENEUR EN FER (Fe) (fluorescence x) » dans un délai de **19 jours** à compter de la réception de l'échantillon.,Analyses chimiques - Ciment,"determination, teneur, fer, ciment, analyse chimique",Moyenne,"determination_teneur_fer_norme, determination_teneur_fer_accreditation"
determination_teneur_fer_accreditation,L'essai « DÉTERMINATION DE LA TENEUR EN FER (Fe) (fluorescence x) » est-il accrédité ?,accréditation de l'essai détermination de la teneur en fer (fe) (fluorescence x) | cet essai est-il couvert par l'accréditation ? | portée d'accréditation pour détermination de la teneur en fer (fe) (fluorescence x) | détermination de la teneur en fer (fe) (fluorescence x) accrédité,"Non, l'essai « DÉTERMINATION DE LA TENEUR EN FER (Fe) (fluorescence x) » n'est pas accrédité.",L'essai « DÉTERMINATION DE LA TENEUR EN FER (Fe) (fluorescence x) » est proposé par le laboratoire mais ne fait pas partie de sa portée d'accréditation actuelle.,Analyses chimiques - Ciment,"determination, teneur, fer, ciment, analyse chimique",Moyenne,"determination_teneur_fer_norme, determination_teneur_fer_delai"
determination_titre_cru_norme,Selon quelle norme réalisez-vous l'essai « DÉTERMINATION DU TITRE DE CRU » ?,norme détermination du titre de cru | référence normative de l'essai détermination du titre de cru | quelle norme utilisez-vous pour cet essai ? | détermination du titre de cru norme applicable,L'essai « DÉTERMINATION DU TITRE DE CRU » est réalisé selon **Selon mode Operatoire**.,Le laboratoire réalise l'essai « DÉTERMINATION DU TITRE DE CRU » selon **Selon mode Operatoire**.,Analyses chimiques - Ciment,"determination, titre, cru, ciment, analyse chimique",Moyenne,"determination_titre_cru_delai, determination_titre_cru_accreditation"
determination_titre_cru_delai,Quel est le délai de réalisation de l'essai « DÉTERMINATION DU TITRE DE CRU » ?,délai de l'essai détermination du titre de cru | combien de temps prend l'essai détermination du titre de cru ? | quand aurai-je les résultats pour détermination du titre de cru | temps de traitement détermination du titre de cru,Le délai de réalisation de l'essai « DÉTERMINATION DU TITRE DE CRU » est de **15 jours**.,Le laboratoire réalise l'essai « DÉTERMINATION DU TITRE DE CRU » dans un délai de **15 jours** à compter de la réception de l'échantillon.,Analyses chimiques - Ciment,"determination, titre, cru, ciment, analyse chimique",Moyenne,"determination_titre_cru_norme, determination_titre_cru_accreditation"
determination_titre_cru_accreditation,L'essai « DÉTERMINATION DU TITRE DE CRU » est-il accrédité ?,accréditation de l'essai détermination du titre de cru | cet essai est-il couvert par l'accréditation ? | portée d'accréditation pour détermination du titre de cru | détermination du titre de cru accrédité,"Non, l'essai « DÉTERMINATION DU TITRE DE CRU » n'est pas accrédité.",L'essai « DÉTERMINATION DU TITRE DE CRU » est proposé par le laboratoire mais ne fait pas partie de sa portée d'accréditation actuelle.,Analyses chimiques - Ciment,"determination, titre, cru, ciment, analyse chimique",Moyenne,"determination_titre_cru_norme, determination_titre_cru_delai"
determination_teneur_zinc_cuivre_norme,"Selon quelle norme réalisez-vous l'essai « DÉTERMINATION DE LA TENEUR EN ZINC ET DU CUIVRE (Zn, Cu)-(semi-quantitatif) » ?","norme détermination de la teneur en zinc et du cuivre (zn, cu)-(semi-quantitatif) | référence normative de l'essai détermination de la teneur en zinc et du cuivre (zn, cu)-(semi-quantitatif) | quelle norme utilisez-vous pour cet essai ? | détermination de la teneur en zinc et du cuivre (zn, cu)-(semi-quantitatif) norme applicable","L'essai « DÉTERMINATION DE LA TENEUR EN ZINC ET DU CUIVRE (Zn, Cu)-(semi-quantitatif) » est réalisé selon **NF EN 196-2**.","Le laboratoire réalise l'essai « DÉTERMINATION DE LA TENEUR EN ZINC ET DU CUIVRE (Zn, Cu)-(semi-quantitatif) » selon **NF EN 196-2**.",Analyses chimiques - Ciment,"determination, teneur, zinc, cuivre, ciment, analyse chimique",Moyenne,"determination_teneur_zinc_cuivre_delai, determination_teneur_zinc_cuivre_accreditation"
determination_teneur_zinc_cuivre_delai,"Quel est le délai de réalisation de l'essai « DÉTERMINATION DE LA TENEUR EN ZINC ET DU CUIVRE (Zn, Cu)-(semi-quantitatif) » ?","délai de l'essai détermination de la teneur en zinc et du cuivre (zn, cu)-(semi-quantitatif) | combien de temps prend l'essai détermination de la teneur en zinc et du cuivre (zn, cu)-(semi-quantitatif) ? | quand aurai-je les résultats pour détermination de la teneur en zinc et du cuivre (zn, cu)-(semi-quantitatif) | temps de traitement détermination de la teneur en zinc et du cuivre (zn, cu)-(semi-quantitatif)","Le délai de réalisation de l'essai « DÉTERMINATION DE LA TENEUR EN ZINC ET DU CUIVRE (Zn, Cu)-(semi-quantitatif) » est de **19 jours**.","Le laboratoire réalise l'essai « DÉTERMINATION DE LA TENEUR EN ZINC ET DU CUIVRE (Zn, Cu)-(semi-quantitatif) » dans un délai de **19 jours** à compter de la réception de l'échantillon.",Analyses chimiques - Ciment,"determination, teneur, zinc, cuivre, ciment, analyse chimique",Moyenne,"determination_teneur_zinc_cuivre_norme, determination_teneur_zinc_cuivre_accreditation"
determination_teneur_zinc_cuivre_accreditation,"L'essai « DÉTERMINATION DE LA TENEUR EN ZINC ET DU CUIVRE (Zn, Cu)-(semi-quantitatif) » est-il accrédité ?","accréditation de l'essai détermination de la teneur en zinc et du cuivre (zn, cu)-(semi-quantitatif) | cet essai est-il couvert par l'accréditation ? | portée d'accréditation pour détermination de la teneur en zinc et du cuivre (zn, cu)-(semi-quantitatif) | détermination de la teneur en zinc et du cuivre (zn, cu)-(semi-quantitatif) accrédité","Non, l'essai « DÉTERMINATION DE LA TENEUR EN ZINC ET DU CUIVRE (Zn, Cu)-(semi-quantitatif) » n'est pas accrédité.","L'essai « DÉTERMINATION DE LA TENEUR EN ZINC ET DU CUIVRE (Zn, Cu)-(semi-quantitatif) » est proposé par le laboratoire mais ne fait pas partie de sa portée d'accréditation actuelle.",Analyses chimiques - Ciment,"determination, teneur, zinc, cuivre, ciment, analyse chimique",Moyenne,"determination_teneur_zinc_cuivre_norme, determination_teneur_zinc_cuivre_delai"
determination_residus_insolubles_norme,Selon quelle norme réalisez-vous l'essai « DÉTERMINATION DES RÉSIDUS INSOLUBLES » ?,norme détermination des résidus insolubles | référence normative de l'essai détermination des résidus insolubles | quelle norme utilisez-vous pour cet essai ? | détermination des résidus insolubles norme applicable,L'essai « DÉTERMINATION DES RÉSIDUS INSOLUBLES » est réalisé selon **NF EN 196-2**.,Le laboratoire réalise l'essai « DÉTERMINATION DES RÉSIDUS INSOLUBLES » selon **NF EN 196-2**.,Analyses chimiques - Ciment,"determination, residus, insolubles, ciment, analyse chimique",Haute,"determination_residus_insolubles_delai, determination_residus_insolubles_accreditation"
determination_residus_insolubles_delai,Quel est le délai de réalisation de l'essai « DÉTERMINATION DES RÉSIDUS INSOLUBLES » ?,délai de l'essai détermination des résidus insolubles | combien de temps prend l'essai détermination des résidus insolubles ? | quand aurai-je les résultats pour détermination des résidus insolubles | temps de traitement détermination des résidus insolubles,Le délai de réalisation de l'essai « DÉTERMINATION DES RÉSIDUS INSOLUBLES » est de **5 jours**.,Le laboratoire réalise l'essai « DÉTERMINATION DES RÉSIDUS INSOLUBLES » dans un délai de **5 jours** à compter de la réception de l'échantillon.,Analyses chimiques - Ciment,"determination, residus, insolubles, ciment, analyse chimique",Haute,"determination_residus_insolubles_norme, determination_residus_insolubles_accreditation"
determination_residus_insolubles_accreditation,L'essai « DÉTERMINATION DES RÉSIDUS INSOLUBLES » est-il accrédité ?,accréditation de l'essai détermination des résidus insolubles | cet essai est-il couvert par l'accréditation ? | portée d'accréditation pour détermination des résidus insolubles | détermination des résidus insolubles accrédité,"Oui, l'essai « DÉTERMINATION DES RÉSIDUS INSOLUBLES » est accrédité.",Le laboratoire réalise l'essai « DÉTERMINATION DES RÉSIDUS INSOLUBLES » dans le cadre de son accréditation.,Analyses chimiques - Ciment,"determination, residus, insolubles, ciment, analyse chimique",Haute,"determination_residus_insolubles_norme, determination_residus_insolubles_delai"
dosage_chaux_libre_norme,Selon quelle norme réalisez-vous l'essai « DOSAGE DE LA CHAUX LIBRE (CIMENTS ET CLINKERS) » ?,norme dosage de la chaux libre (ciments et clinkers) | référence normative de l'essai dosage de la chaux libre (ciments et clinkers) | quelle norme utilisez-vous pour cet essai ? | dosage de la chaux libre (ciments et clinkers) norme applicable,L'essai « DOSAGE DE LA CHAUX LIBRE (CIMENTS ET CLINKERS) » est réalisé selon **PT 207 CERILH : 1970**.,Le laboratoire réalise l'essai « DOSAGE DE LA CHAUX LIBRE (CIMENTS ET CLINKERS) » selon **PT 207 CERILH : 1970**.,Analyses chimiques - Ciment,"dosage, chaux, libre, ciment, analyse chimique",Haute,"dosage_chaux_libre_delai, dosage_chaux_libre_accreditation"
dosage_chaux_libre_delai,Quel est le délai de réalisation de l'essai « DOSAGE DE LA CHAUX LIBRE (CIMENTS ET CLINKERS) » ?,délai de l'essai dosage de la chaux libre (ciments et clinkers) | combien de temps prend l'essai dosage de la chaux libre (ciments et clinkers) ? | quand aurai-je les résultats pour dosage de la chaux libre (ciments et clinkers) | temps de traitement dosage de la chaux libre (ciments et clinkers),Le délai de réalisation de l'essai « DOSAGE DE LA CHAUX LIBRE (CIMENTS ET CLINKERS) » est de **5 jours**.,Le laboratoire réalise l'essai « DOSAGE DE LA CHAUX LIBRE (CIMENTS ET CLINKERS) » dans un délai de **5 jours** à compter de la réception de l'échantillon.,Analyses chimiques - Ciment,"dosage, chaux, libre, ciment, analyse chimique",Haute,"dosage_chaux_libre_norme, dosage_chaux_libre_accreditation"
dosage_chaux_libre_accreditation,L'essai « DOSAGE DE LA CHAUX LIBRE (CIMENTS ET CLINKERS) » est-il accrédité ?,accréditation de l'essai dosage de la chaux libre (ciments et clinkers) | cet essai est-il couvert par l'accréditation ? | portée d'accréditation pour dosage de la chaux libre (ciments et clinkers) | dosage de la chaux libre (ciments et clinkers) accrédité,"Oui, l'essai « DOSAGE DE LA CHAUX LIBRE (CIMENTS ET CLINKERS) » est accrédité.",Le laboratoire réalise l'essai « DOSAGE DE LA CHAUX LIBRE (CIMENTS ET CLINKERS) » dans le cadre de son accréditation.,Analyses chimiques - Ciment,"dosage, chaux, libre, ciment, analyse chimique",Haute,"dosage_chaux_libre_norme, dosage_chaux_libre_delai"
determination_teneur_alcalins_norme,"Selon quelle norme réalisez-vous l'essai « DÉTERMINATION DE LA TENEUR EN ALCALINS (Na, K)-(fluorescence x) » ?","norme détermination de la teneur en alcalins (na, k)-(fluorescence x) | référence normative de l'essai détermination de la teneur en alcalins (na, k)-(fluorescence x) | quelle norme utilisez-vous pour cet essai ? | détermination de la teneur en alcalins (na, k)-(fluorescence x) norme applicable","L'essai « DÉTERMINATION DE LA TENEUR EN ALCALINS (Na, K)-(fluorescence x) » est réalisé selon **NF EN 196-2**.","Le laboratoire réalise l'essai « DÉTERMINATION DE LA TENEUR EN ALCALINS (Na, K)-(fluorescence x) » selon **NF EN 196-2**.",Analyses chimiques - Ciment,"determination, teneur, alcalins, ciment, analyse chimique",Moyenne,"determination_teneur_alcalins_delai, determination_teneur_alcalins_accreditation"
determination_teneur_alcalins_delai,"Quel est le délai de réalisation de l'essai « DÉTERMINATION DE LA TENEUR EN ALCALINS (Na, K)-(fluorescence x) » ?","délai de l'essai détermination de la teneur en alcalins (na, k)-(fluorescence x) | combien de temps prend l'essai détermination de la teneur en alcalins (na, k)-(fluorescence x) ? | quand aurai-je les résultats pour détermination de la teneur en alcalins (na, k)-(fluorescence x) | temps de traitement détermination de la teneur en alcalins (na, k)-(fluorescence x)","Le délai de réalisation de l'essai « DÉTERMINATION DE LA TENEUR EN ALCALINS (Na, K)-(fluorescence x) » est de **19 jours**.","Le laboratoire réalise l'essai « DÉTERMINATION DE LA TENEUR EN ALCALINS (Na, K)-(fluorescence x) » dans un délai de **19 jours** à compter de la réception de l'échantillon.",Analyses chimiques - Ciment,"determination, teneur, alcalins, ciment, analyse chimique",Moyenne,"determination_teneur_alcalins_norme, determination_teneur_alcalins_accreditation"
determination_teneur_alcalins_accreditation,"L'essai « DÉTERMINATION DE LA TENEUR EN ALCALINS (Na, K)-(fluorescence x) » est-il accrédité ?","accréditation de l'essai détermination de la teneur en alcalins (na, k)-(fluorescence x) | cet essai est-il couvert par l'accréditation ? | portée d'accréditation pour détermination de la teneur en alcalins (na, k)-(fluorescence x) | détermination de la teneur en alcalins (na, k)-(fluorescence x) accrédité","Non, l'essai « DÉTERMINATION DE LA TENEUR EN ALCALINS (Na, K)-(fluorescence x) » n'est pas accrédité.","L'essai « DÉTERMINATION DE LA TENEUR EN ALCALINS (Na, K)-(fluorescence x) » est proposé par le laboratoire mais ne fait pas partie de sa portée d'accréditation actuelle.",Analyses chimiques - Ciment,"determination, teneur, alcalins, ciment, analyse chimique",Moyenne,"determination_teneur_alcalins_norme, determination_teneur_alcalins_delai"
determination_teneur_chlorures_norme,Selon quelle norme réalisez-vous l'essai « DÉTERMINATION DE LA TENEUR EN CHLORURES » ?,norme détermination de la teneur en chlorures | référence normative de l'essai détermination de la teneur en chlorures | quelle norme utilisez-vous pour cet essai ? | détermination de la teneur en chlorures norme applicable,L'essai « DÉTERMINATION DE LA TENEUR EN CHLORURES » est réalisé selon **NF EN 196-2**.,Le laboratoire réalise l'essai « DÉTERMINATION DE LA TENEUR EN CHLORURES » selon **NF EN 196-2**.,Analyses chimiques - Ciment,"determination, teneur, chlorures, ciment, analyse chimique",Haute,"determination_teneur_chlorures_delai, determination_teneur_chlorures_accreditation"
determination_teneur_chlorures_delai,Quel est le délai de réalisation de l'essai « DÉTERMINATION DE LA TENEUR EN CHLORURES » ?,délai de l'essai détermination de la teneur en chlorures | combien de temps prend l'essai détermination de la teneur en chlorures ? | quand aurai-je les résultats pour détermination de la teneur en chlorures | temps de traitement détermination de la teneur en chlorures,Le délai de réalisation de l'essai « DÉTERMINATION DE LA TENEUR EN CHLORURES » est de **4 jours**.,Le laboratoire réalise l'essai « DÉTERMINATION DE LA TENEUR EN CHLORURES » dans un délai de **4 jours** à compter de la réception de l'échantillon.,Analyses chimiques - Ciment,"determination, teneur, chlorures, ciment, analyse chimique",Haute,"determination_teneur_chlorures_norme, determination_teneur_chlorures_accreditation"
determination_teneur_chlorures_accreditation,L'essai « DÉTERMINATION DE LA TENEUR EN CHLORURES » est-il accrédité ?,accréditation de l'essai détermination de la teneur en chlorures | cet essai est-il couvert par l'accréditation ? | portée d'accréditation pour détermination de la teneur en chlorures | détermination de la teneur en chlorures accrédité,"Oui, l'essai « DÉTERMINATION DE LA TENEUR EN CHLORURES » est accrédité.",Le laboratoire réalise l'essai « DÉTERMINATION DE LA TENEUR EN CHLORURES » dans le cadre de son accréditation.,Analyses chimiques - Ciment,"determination, teneur, chlorures, ciment, analyse chimique",Haute,"determination_teneur_chlorures_norme, determination_teneur_chlorures_delai"
determination_teneur_etain_norme,Selon quelle norme réalisez-vous l'essai « DÉTERMINATION DE LA TENEUR EN ÉTAIN (Sn)-(semi-quantitatif) » ?,norme détermination de la teneur en étain (sn)-(semi-quantitatif) | référence normative de l'essai détermination de la teneur en étain (sn)-(semi-quantitatif) | quelle norme utilisez-vous pour cet essai ? | détermination de la teneur en étain (sn)-(semi-quantitatif) norme applicable,L'essai « DÉTERMINATION DE LA TENEUR EN ÉTAIN (Sn)-(semi-quantitatif) » est réalisé selon **NF EN 196-2**.,Le laboratoire réalise l'essai « DÉTERMINATION DE LA TENEUR EN ÉTAIN (Sn)-(semi-quantitatif) » selon **NF EN 196-2**.,Analyses chimiques - Ciment,"determination, teneur, etain, ciment, analyse chimique",Moyenne,"determination_teneur_etain_delai, determination_teneur_etain_accreditation"
determination_teneur_etain_delai,Quel est le délai de réalisation de l'essai « DÉTERMINATION DE LA TENEUR EN ÉTAIN (Sn)-(semi-quantitatif) » ?,délai de l'essai détermination de la teneur en étain (sn)-(semi-quantitatif) | combien de temps prend l'essai détermination de la teneur en étain (sn)-(semi-quantitatif) ? | quand aurai-je les résultats pour détermination de la teneur en étain (sn)-(semi-quantitatif) | temps de traitement détermination de la teneur en étain (sn)-(semi-quantitatif),Le délai de réalisation de l'essai « DÉTERMINATION DE LA TENEUR EN ÉTAIN (Sn)-(semi-quantitatif) » est de **19 jours**.,Le laboratoire réalise l'essai « DÉTERMINATION DE LA TENEUR EN ÉTAIN (Sn)-(semi-quantitatif) » dans un délai de **19 jours** à compter de la réception de l'échantillon.,Analyses chimiques - Ciment,"determination, teneur, etain, ciment, analyse chimique",Moyenne,"determination_teneur_etain_norme, determination_teneur_etain_accreditation"
determination_teneur_etain_accreditation,L'essai « DÉTERMINATION DE LA TENEUR EN ÉTAIN (Sn)-(semi-quantitatif) » est-il accrédité ?,accréditation de l'essai détermination de la teneur en étain (sn)-(semi-quantitatif) | cet essai est-il couvert par l'accréditation ? | portée d'accréditation pour détermination de la teneur en étain (sn)-(semi-quantitatif) | détermination de la teneur en étain (sn)-(semi-quantitatif) accrédité,"Non, l'essai « DÉTERMINATION DE LA TENEUR EN ÉTAIN (Sn)-(semi-quantitatif) » n'est pas accrédité.",L'essai « DÉTERMINATION DE LA TENEUR EN ÉTAIN (Sn)-(semi-quantitatif) » est proposé par le laboratoire mais ne fait pas partie de sa portée d'accréditation actuelle.,Analyses chimiques - Ciment,"determination, teneur, etain, ciment, analyse chimique",Moyenne,"determination_teneur_etain_norme, determination_teneur_etain_delai"
carbone_organique_total_norme,Selon quelle norme réalisez-vous l'essai « CARBONE ORGANIQUE TOTAL (TOC) » ?,norme carbone organique total (toc) | référence normative de l'essai carbone organique total (toc) | quelle norme utilisez-vous pour cet essai ? | carbone organique total (toc) norme applicable,L'essai « CARBONE ORGANIQUE TOTAL (TOC) » est réalisé selon **Selon mode Operatoire**.,Le laboratoire réalise l'essai « CARBONE ORGANIQUE TOTAL (TOC) » selon **Selon mode Operatoire**.,Analyses chimiques - Ciment,"carbone, organique, total, ciment, analyse chimique",Moyenne,"carbone_organique_total_delai, carbone_organique_total_accreditation"
carbone_organique_total_delai,Quel est le délai de réalisation de l'essai « CARBONE ORGANIQUE TOTAL (TOC) » ?,délai de l'essai carbone organique total (toc) | combien de temps prend l'essai carbone organique total (toc) ? | quand aurai-je les résultats pour carbone organique total (toc) | temps de traitement carbone organique total (toc),Le délai de réalisation de l'essai « CARBONE ORGANIQUE TOTAL (TOC) » est de **25 jours**.,Le laboratoire réalise l'essai « CARBONE ORGANIQUE TOTAL (TOC) » dans un délai de **25 jours** à compter de la réception de l'échantillon.,Analyses chimiques - Ciment,"carbone, organique, total, ciment, analyse chimique",Moyenne,"carbone_organique_total_norme, carbone_organique_total_accreditation"
carbone_organique_total_accreditation,L'essai « CARBONE ORGANIQUE TOTAL (TOC) » est-il accrédité ?,accréditation de l'essai carbone organique total (toc) | cet essai est-il couvert par l'accréditation ? | portée d'accréditation pour carbone organique total (toc) | carbone organique total (toc) accrédité,"Non, l'essai « CARBONE ORGANIQUE TOTAL (TOC) » n'est pas accrédité.",L'essai « CARBONE ORGANIQUE TOTAL (TOC) » est proposé par le laboratoire mais ne fait pas partie de sa portée d'accréditation actuelle.,Analyses chimiques - Ciment,"carbone, organique, total, ciment, analyse chimique",Moyenne,"carbone_organique_total_norme, carbone_organique_total_delai"
determination_teneur_beryllium_norme,Selon quelle norme réalisez-vous l'essai « DÉTERMINATION DE LA TENEUR EN BÉRYLLIUM(semi-quantitatif) » ?,norme détermination de la teneur en béryllium(semi-quantitatif) | référence normative de l'essai détermination de la teneur en béryllium(semi-quantitatif) | quelle norme utilisez-vous pour cet essai ? | détermination de la teneur en béryllium(semi-quantitatif) norme applicable,L'essai « DÉTERMINATION DE LA TENEUR EN BÉRYLLIUM(semi-quantitatif) » est réalisé selon **NF EN 196-2**.,Le laboratoire réalise l'essai « DÉTERMINATION DE LA TENEUR EN BÉRYLLIUM(semi-quantitatif) » selon **NF EN 196-2**.,Analyses chimiques - Ciment,"determination, teneur, beryllium, ciment, analyse chimique",Moyenne,"determination_teneur_beryllium_delai, determination_teneur_beryllium_accreditation"
determination_teneur_beryllium_delai,Quel est le délai de réalisation de l'essai « DÉTERMINATION DE LA TENEUR EN BÉRYLLIUM(semi-quantitatif) » ?,délai de l'essai détermination de la teneur en béryllium(semi-quantitatif) | combien de temps prend l'essai détermination de la teneur en béryllium(semi-quantitatif) ? | quand aurai-je les résultats pour détermination de la teneur en béryllium(semi-quantitatif) | temps de traitement détermination de la teneur en béryllium(semi-quantitatif),Le délai de réalisation de l'essai « DÉTERMINATION DE LA TENEUR EN BÉRYLLIUM(semi-quantitatif) » est de **19 jours**.,Le laboratoire réalise l'essai « DÉTERMINATION DE LA TENEUR EN BÉRYLLIUM(semi-quantitatif) » dans un délai de **19 jours** à compter de la réception de l'échantillon.,Analyses chimiques - Ciment,"determination, teneur, beryllium, ciment, analyse chimique",Moyenne,"determination_teneur_beryllium_norme, determination_teneur_beryllium_accreditation"
determination_teneur_beryllium_accreditation,L'essai « DÉTERMINATION DE LA TENEUR EN BÉRYLLIUM(semi-quantitatif) » est-il accrédité ?,accréditation de l'essai détermination de la teneur en béryllium(semi-quantitatif) | cet essai est-il couvert par l'accréditation ? | portée d'accréditation pour détermination de la teneur en béryllium(semi-quantitatif) | détermination de la teneur en béryllium(semi-quantitatif) accrédité,"Non, l'essai « DÉTERMINATION DE LA TENEUR EN BÉRYLLIUM(semi-quantitatif) » n'est pas accrédité.",L'essai « DÉTERMINATION DE LA TENEUR EN BÉRYLLIUM(semi-quantitatif) » est proposé par le laboratoire mais ne fait pas partie de sa portée d'accréditation actuelle.,Analyses chimiques - Ciment,"determination, teneur, beryllium, ciment, analyse chimique",Moyenne,"determination_teneur_beryllium_norme, determination_teneur_beryllium_delai"
determination_eau_cristallisation_norme,Selon quelle norme réalisez-vous l'essai « DÉTERMINATION DE L'EAU DE CRISTALLISATION » ?,norme détermination de l'eau de cristallisation | référence normative de l'essai détermination de l'eau de cristallisation | quelle norme utilisez-vous pour cet essai ? | détermination de l'eau de cristallisation norme applicable,Cet essai est réalisé selon notre mode opératoire interne.,Le laboratoire réalise l'essai « DÉTERMINATION DE L'EAU DE CRISTALLISATION » selon son mode opératoire interne. Rapprochez-vous de nous pour plus de détails sur la méthode appliquée.,Analyses chimiques - Ciment,"determination, eau, cristallisation, ciment, analyse chimique",Basse,"determination_eau_cristallisation_delai, determination_eau_cristallisation_accreditation"
determination_eau_cristallisation_delai,Quel est le délai de réalisation de l'essai « DÉTERMINATION DE L'EAU DE CRISTALLISATION » ?,délai de l'essai détermination de l'eau de cristallisation | combien de temps prend l'essai détermination de l'eau de cristallisation ? | quand aurai-je les résultats pour détermination de l'eau de cristallisation | temps de traitement détermination de l'eau de cristallisation,Le délai de réalisation de l'essai « DÉTERMINATION DE L'EAU DE CRISTALLISATION » est de **4 jours**.,Le laboratoire réalise l'essai « DÉTERMINATION DE L'EAU DE CRISTALLISATION » dans un délai de **4 jours** à compter de la réception de l'échantillon.,Analyses chimiques - Ciment,"determination, eau, cristallisation, ciment, analyse chimique",Basse,"determination_eau_cristallisation_norme, determination_eau_cristallisation_accreditation"
determination_eau_cristallisation_accreditation,L'essai « DÉTERMINATION DE L'EAU DE CRISTALLISATION » est-il accrédité ?,accréditation de l'essai détermination de l'eau de cristallisation | cet essai est-il couvert par l'accréditation ? | portée d'accréditation pour détermination de l'eau de cristallisation | détermination de l'eau de cristallisation accrédité,"Non, l'essai « DÉTERMINATION DE L'EAU DE CRISTALLISATION » n'est pas accrédité.",L'essai « DÉTERMINATION DE L'EAU DE CRISTALLISATION » est proposé par le laboratoire mais ne fait pas partie de sa portée d'accréditation actuelle.,Analyses chimiques - Ciment,"determination, eau, cristallisation, ciment, analyse chimique",Basse,"determination_eau_cristallisation_norme, determination_eau_cristallisation_delai"
analyse_elementaire_par_spectrometrie_fluorescence_x_norme,Selon quelle norme réalisez-vous l'essai « ANALYSE ÉLÉMENTAIRE PAR SPECTROMÉTRIE DE FLUORESCENCE X » ?,norme analyse élémentaire par spectrométrie de fluorescence x | référence normative de l'essai analyse élémentaire par spectrométrie de fluorescence x | quelle norme utilisez-vous pour cet essai ? | analyse élémentaire par spectrométrie de fluorescence x norme applicable,L'essai « ANALYSE ÉLÉMENTAIRE PAR SPECTROMÉTRIE DE FLUORESCENCE X » est réalisé selon **NF EN 196-2**.,Le laboratoire réalise l'essai « ANALYSE ÉLÉMENTAIRE PAR SPECTROMÉTRIE DE FLUORESCENCE X » selon **NF EN 196-2**.,Analyses chimiques - Ciment,"analyse, elementaire, spectrometrie, fluorescence, ciment, analyse chimique",Haute,"analyse_elementaire_par_spectrometrie_fluorescence_x_delai, analyse_elementaire_par_spectrometrie_fluorescence_x_accreditation"
analyse_elementaire_par_spectrometrie_fluorescence_x_delai,Quel est le délai de réalisation de l'essai « ANALYSE ÉLÉMENTAIRE PAR SPECTROMÉTRIE DE FLUORESCENCE X » ?,délai de l'essai analyse élémentaire par spectrométrie de fluorescence x | combien de temps prend l'essai analyse élémentaire par spectrométrie de fluorescence x ? | quand aurai-je les résultats pour analyse élémentaire par spectrométrie de fluorescence x | temps de traitement analyse élémentaire par spectrométrie de fluorescence x,Le délai de réalisation de l'essai « ANALYSE ÉLÉMENTAIRE PAR SPECTROMÉTRIE DE FLUORESCENCE X » est de **19 jours**.,Le laboratoire réalise l'essai « ANALYSE ÉLÉMENTAIRE PAR SPECTROMÉTRIE DE FLUORESCENCE X » dans un délai de **19 jours** à compter de la réception de l'échantillon.,Analyses chimiques - Ciment,"analyse, elementaire, spectrometrie, fluorescence, ciment, analyse chimique",Haute,"analyse_elementaire_par_spectrometrie_fluorescence_x_norme, analyse_elementaire_par_spectrometrie_fluorescence_x_accreditation"
analyse_elementaire_par_spectrometrie_fluorescence_x_accreditation,L'essai « ANALYSE ÉLÉMENTAIRE PAR SPECTROMÉTRIE DE FLUORESCENCE X » est-il accrédité ?,accréditation de l'essai analyse élémentaire par spectrométrie de fluorescence x | cet essai est-il couvert par l'accréditation ? | portée d'accréditation pour analyse élémentaire par spectrométrie de fluorescence x | analyse élémentaire par spectrométrie de fluorescence x accrédité,"Oui, l'essai « ANALYSE ÉLÉMENTAIRE PAR SPECTROMÉTRIE DE FLUORESCENCE X » est accrédité.",Le laboratoire réalise l'essai « ANALYSE ÉLÉMENTAIRE PAR SPECTROMÉTRIE DE FLUORESCENCE X » dans le cadre de son accréditation.,Analyses chimiques - Ciment,"analyse, elementaire, spectrometrie, fluorescence, ciment, analyse chimique",Haute,"analyse_elementaire_par_spectrometrie_fluorescence_x_norme, analyse_elementaire_par_spectrometrie_fluorescence_x_delai"
determination_perte_au_feu_norme,Selon quelle norme réalisez-vous l'essai « DÉTERMINATION DE LA PERTE AU FEU » ?,norme détermination de la perte au feu | référence normative de l'essai détermination de la perte au feu | quelle norme utilisez-vous pour cet essai ? | détermination de la perte au feu norme applicable,L'essai « DÉTERMINATION DE LA PERTE AU FEU » est réalisé selon **NF EN 196-2**.,Le laboratoire réalise l'essai « DÉTERMINATION DE LA PERTE AU FEU » selon **NF EN 196-2**.,Analyses chimiques - Ciment,"determination, perte, feu, ciment, analyse chimique",Haute,"determination_perte_au_feu_delai, determination_perte_au_feu_accreditation"
determination_perte_au_feu_delai,Quel est le délai de réalisation de l'essai « DÉTERMINATION DE LA PERTE AU FEU » ?,délai de l'essai détermination de la perte au feu | combien de temps prend l'essai détermination de la perte au feu ? | quand aurai-je les résultats pour détermination de la perte au feu | temps de traitement détermination de la perte au feu,Le délai de réalisation de l'essai « DÉTERMINATION DE LA PERTE AU FEU » est de **4 jours**.,Le laboratoire réalise l'essai « DÉTERMINATION DE LA PERTE AU FEU » dans un délai de **4 jours** à compter de la réception de l'échantillon.,Analyses chimiques - Ciment,"determination, perte, feu, ciment, analyse chimique",Haute,"determination_perte_au_feu_norme, determination_perte_au_feu_accreditation"
determination_perte_au_feu_accreditation,L'essai « DÉTERMINATION DE LA PERTE AU FEU » est-il accrédité ?,accréditation de l'essai détermination de la perte au feu | cet essai est-il couvert par l'accréditation ? | portée d'accréditation pour détermination de la perte au feu | détermination de la perte au feu accrédité,"Oui, l'essai « DÉTERMINATION DE LA PERTE AU FEU » est accrédité.",Le laboratoire réalise l'essai « DÉTERMINATION DE LA PERTE AU FEU » dans le cadre de son accréditation.,Analyses chimiques - Ciment,"determination, perte, feu, ciment, analyse chimique",Haute,"determination_perte_au_feu_norme, determination_perte_au_feu_delai"
essai_adjuvants_determination_teneur_chlore_norme,Selon quelle norme réalisez-vous l'essai « ESSAI DES ADJUVANTS : DÉTERMINATION DE LA TENEUR EN CHLORE » ?,norme essai des adjuvants : détermination de la teneur en chlore | référence normative de l'essai essai des adjuvants : détermination de la teneur en chlore | quelle norme utilisez-vous pour cet essai ? | essai des adjuvants : détermination de la teneur en chlore norme applicable,Cet essai est réalisé selon notre mode opératoire interne.,Le laboratoire réalise l'essai « ESSAI DES ADJUVANTS : DÉTERMINATION DE LA TENEUR EN CHLORE » selon son mode opératoire interne. Rapprochez-vous de nous pour plus de détails sur la méthode appliquée.,Analyses chimiques - Ciment,"essai, adjuvants, determination, teneur, chlore, ciment, analyse chimique",Basse,"essai_adjuvants_determination_teneur_chlore_delai, essai_adjuvants_determination_teneur_chlore_accreditation"
essai_adjuvants_determination_teneur_chlore_delai,Quel est le délai de réalisation de l'essai « ESSAI DES ADJUVANTS : DÉTERMINATION DE LA TENEUR EN CHLORE » ?,délai de l'essai essai des adjuvants : détermination de la teneur en chlore | combien de temps prend l'essai essai des adjuvants : détermination de la teneur en chlore ? | quand aurai-je les résultats pour essai des adjuvants : détermination de la teneur en chlore | temps de traitement essai des adjuvants : détermination de la teneur en chlore,Le délai de réalisation de l'essai « ESSAI DES ADJUVANTS : DÉTERMINATION DE LA TENEUR EN CHLORE » est de **5 jours**.,Le laboratoire réalise l'essai « ESSAI DES ADJUVANTS : DÉTERMINATION DE LA TENEUR EN CHLORE » dans un délai de **5 jours** à compter de la réception de l'échantillon.,Analyses chimiques - Ciment,"essai, adjuvants, determination, teneur, chlore, ciment, analyse chimique",Basse,"essai_adjuvants_determination_teneur_chlore_norme, essai_adjuvants_determination_teneur_chlore_accreditation"
essai_adjuvants_determination_teneur_chlore_accreditation,L'essai « ESSAI DES ADJUVANTS : DÉTERMINATION DE LA TENEUR EN CHLORE » est-il accrédité ?,accréditation de l'essai essai des adjuvants : détermination de la teneur en chlore | cet essai est-il couvert par l'accréditation ? | portée d'accréditation pour essai des adjuvants : détermination de la teneur en chlore | essai des adjuvants : détermination de la teneur en chlore accrédité,"Non, l'essai « ESSAI DES ADJUVANTS : DÉTERMINATION DE LA TENEUR EN CHLORE » n'est pas accrédité.",L'essai « ESSAI DES ADJUVANTS : DÉTERMINATION DE LA TENEUR EN CHLORE » est proposé par le laboratoire mais ne fait pas partie de sa portée d'accréditation actuelle.,Analyses chimiques - Ciment,"essai, adjuvants, determination, teneur, chlore, ciment, analyse chimique",Basse,"essai_adjuvants_determination_teneur_chlore_norme, essai_adjuvants_determination_teneur_chlore_delai"
essai_adjuvants_determination_teneur_matiere_seche_norme,Selon quelle norme réalisez-vous l'essai « ESSAI DES ADJUVANTS : DÉTERMINATION DE LA TENEUR EN MATIÈRE SÈCHE CONVENTIONNELLE » ?,norme essai des adjuvants : détermination de la teneur en matière sèche conventionnelle | référence normative de l'essai essai des adjuvants : détermination de la teneur en matière sèche conventionnelle | quelle norme utilisez-vous pour cet essai ? | essai des adjuvants : détermination de la teneur en matière sèche conventionnelle norme applicable,Cet essai est réalisé selon notre mode opératoire interne.,Le laboratoire réalise l'essai « ESSAI DES ADJUVANTS : DÉTERMINATION DE LA TENEUR EN MATIÈRE SÈCHE CONVENTIONNELLE » selon son mode opératoire interne. Rapprochez-vous de nous pour plus de détails sur la méthode appliquée.,Analyses chimiques - Ciment,"essai, adjuvants, determination, teneur, matiere, seche, ciment, analyse chimique",Basse,"essai_adjuvants_determination_teneur_matiere_seche_delai, essai_adjuvants_determination_teneur_matiere_seche_accreditation"
essai_adjuvants_determination_teneur_matiere_seche_delai,Quel est le délai de réalisation de l'essai « ESSAI DES ADJUVANTS : DÉTERMINATION DE LA TENEUR EN MATIÈRE SÈCHE CONVENTIONNELLE » ?,délai de l'essai essai des adjuvants : détermination de la teneur en matière sèche conventionnelle | combien de temps prend l'essai essai des adjuvants : détermination de la teneur en matière sèche conventionnelle ? | quand aurai-je les résultats pour essai des adjuvants : détermination de la teneur en matière sèche conventionnelle | temps de traitement essai des adjuvants : détermination de la teneur en matière sèche conventionnelle,Le délai de réalisation de l'essai « ESSAI DES ADJUVANTS : DÉTERMINATION DE LA TENEUR EN MATIÈRE SÈCHE CONVENTIONNELLE » est de **5 jours**.,Le laboratoire réalise l'essai « ESSAI DES ADJUVANTS : DÉTERMINATION DE LA TENEUR EN MATIÈRE SÈCHE CONVENTIONNELLE » dans un délai de **5 jours** à compter de la réception de l'échantillon.,Analyses chimiques - Ciment,"essai, adjuvants, determination, teneur, matiere, seche, ciment, analyse chimique",Basse,"essai_adjuvants_determination_teneur_matiere_seche_norme, essai_adjuvants_determination_teneur_matiere_seche_accreditation"
essai_adjuvants_determination_teneur_matiere_seche_accreditation,L'essai « ESSAI DES ADJUVANTS : DÉTERMINATION DE LA TENEUR EN MATIÈRE SÈCHE CONVENTIONNELLE » est-il accrédité ?,accréditation de l'essai essai des adjuvants : détermination de la teneur en matière sèche conventionnelle | cet essai est-il couvert par l'accréditation ? | portée d'accréditation pour essai des adjuvants : détermination de la teneur en matière sèche conventionnelle | essai des adjuvants : détermination de la teneur en matière sèche conventionnelle accrédité,"Non, l'essai « ESSAI DES ADJUVANTS : DÉTERMINATION DE LA TENEUR EN MATIÈRE SÈCHE CONVENTIONNELLE » n'est pas accrédité.",L'essai « ESSAI DES ADJUVANTS : DÉTERMINATION DE LA TENEUR EN MATIÈRE SÈCHE CONVENTIONNELLE » est proposé par le laboratoire mais ne fait pas partie de sa portée d'accréditation actuelle.,Analyses chimiques - Ciment,"essai, adjuvants, determination, teneur, matiere, seche, ciment, analyse chimique",Basse,"essai_adjuvants_determination_teneur_matiere_seche_norme, essai_adjuvants_determination_teneur_matiere_seche_delai"
preparation_analyse_echantillons_etalons_norme,Selon quelle norme réalisez-vous l'essai « PRÉPARATION ET ANALYSE D'ÉCHANTILLONS ÉTALONS » ?,norme préparation et analyse d'échantillons étalons | référence normative de l'essai préparation et analyse d'échantillons étalons | quelle norme utilisez-vous pour cet essai ? | préparation et analyse d'échantillons étalons norme applicable,Cet essai est réalisé selon notre mode opératoire interne.,Le laboratoire réalise l'essai « PRÉPARATION ET ANALYSE D'ÉCHANTILLONS ÉTALONS » selon son mode opératoire interne. Rapprochez-vous de nous pour plus de détails sur la méthode appliquée.,Analyses chimiques - Ciment,"analyse, preparation, echantillons, etalons, ciment, analyse chimique",Basse,"preparation_analyse_echantillons_etalons_delai, preparation_analyse_echantillons_etalons_accreditation"
preparation_analyse_echantillons_etalons_delai,Quel est le délai de réalisation de l'essai « PRÉPARATION ET ANALYSE D'ÉCHANTILLONS ÉTALONS » ?,délai de l'essai préparation et analyse d'échantillons étalons | combien de temps prend l'essai préparation et analyse d'échantillons étalons ? | quand aurai-je les résultats pour préparation et analyse d'échantillons étalons | temps de traitement préparation et analyse d'échantillons étalons,Le délai de réalisation de l'essai « PRÉPARATION ET ANALYSE D'ÉCHANTILLONS ÉTALONS » est de **60 jours**.,Le laboratoire réalise l'essai « PRÉPARATION ET ANALYSE D'ÉCHANTILLONS ÉTALONS » dans un délai de **60 jours** à compter de la réception de l'échantillon.,Analyses chimiques - Ciment,"analyse, preparation, echantillons, etalons, ciment, analyse chimique",Basse,"preparation_analyse_echantillons_etalons_norme, preparation_analyse_echantillons_etalons_accreditation"
preparation_analyse_echantillons_etalons_accreditation,L'essai « PRÉPARATION ET ANALYSE D'ÉCHANTILLONS ÉTALONS » est-il accrédité ?,accréditation de l'essai préparation et analyse d'échantillons étalons | cet essai est-il couvert par l'accréditation ? | portée d'accréditation pour préparation et analyse d'échantillons étalons | préparation et analyse d'échantillons étalons accrédité,"Non, l'essai « PRÉPARATION ET ANALYSE D'ÉCHANTILLONS ÉTALONS » n'est pas accrédité.",L'essai « PRÉPARATION ET ANALYSE D'ÉCHANTILLONS ÉTALONS » est proposé par le laboratoire mais ne fait pas partie de sa portée d'accréditation actuelle.,Analyses chimiques - Ciment,"analyse, preparation, echantillons, etalons, ciment, analyse chimique",Basse,"preparation_analyse_echantillons_etalons_norme, preparation_analyse_echantillons_etalons_delai"
analyse_echantillons_etalons_norme,Selon quelle norme réalisez-vous l'essai « ANALYSE D'ÉCHANTILLONS ÉTALONS » ?,norme analyse d'échantillons étalons | référence normative de l'essai analyse d'échantillons étalons | quelle norme utilisez-vous pour cet essai ? | analyse d'échantillons étalons norme applicable,Cet essai est réalisé selon notre mode opératoire interne.,Le laboratoire réalise l'essai « ANALYSE D'ÉCHANTILLONS ÉTALONS » selon son mode opératoire interne. Rapprochez-vous de nous pour plus de détails sur la méthode appliquée.,Analyses chimiques - Ciment,"analyse, echantillons, etalons, ciment, analyse chimique",Basse,"analyse_echantillons_etalons_delai, analyse_echantillons_etalons_accreditation"
analyse_echantillons_etalons_delai,Quel est le délai de réalisation de l'essai « ANALYSE D'ÉCHANTILLONS ÉTALONS » ?,délai de l'essai analyse d'échantillons étalons | combien de temps prend l'essai analyse d'échantillons étalons ? | quand aurai-je les résultats pour analyse d'échantillons étalons | temps de traitement analyse d'échantillons étalons,Le délai de réalisation de l'essai « ANALYSE D'ÉCHANTILLONS ÉTALONS » est de **30 jours**.,Le laboratoire réalise l'essai « ANALYSE D'ÉCHANTILLONS ÉTALONS » dans un délai de **30 jours** à compter de la réception de l'échantillon.,Analyses chimiques - Ciment,"analyse, echantillons, etalons, ciment, analyse chimique",Basse,"analyse_echantillons_etalons_norme, analyse_echantillons_etalons_accreditation"
analyse_echantillons_etalons_accreditation,L'essai « ANALYSE D'ÉCHANTILLONS ÉTALONS » est-il accrédité ?,accréditation de l'essai analyse d'échantillons étalons | cet essai est-il couvert par l'accréditation ? | portée d'accréditation pour analyse d'échantillons étalons | analyse d'échantillons étalons accrédité,"Non, l'essai « ANALYSE D'ÉCHANTILLONS ÉTALONS » n'est pas accrédité.",L'essai « ANALYSE D'ÉCHANTILLONS ÉTALONS » est proposé par le laboratoire mais ne fait pas partie de sa portée d'accréditation actuelle.,Analyses chimiques - Ciment,"analyse, echantillons, etalons, ciment, analyse chimique",Basse,"analyse_echantillons_etalons_norme, analyse_echantillons_etalons_delai"
determination_dioxyde_carbone_norme,Selon quelle norme réalisez-vous l'essai « DÉTERMINATION DU DIOXYDE DE CARBONE (CO2) » ?,norme détermination du dioxyde de carbone (co2) | référence normative de l'essai détermination du dioxyde de carbone (co2) | quelle norme utilisez-vous pour cet essai ? | détermination du dioxyde de carbone (co2) norme applicable,Cet essai est réalisé selon notre mode opératoire interne.,Le laboratoire réalise l'essai « DÉTERMINATION DU DIOXYDE DE CARBONE (CO2) » selon son mode opératoire interne. Rapprochez-vous de nous pour plus de détails sur la méthode appliquée.,Analyses chimiques - Ciment,"determination, dioxyde, carbone, ciment, analyse chimique",Basse,"determination_dioxyde_carbone_delai, determination_dioxyde_carbone_accreditation"
determination_dioxyde_carbone_delai,Quel est le délai de réalisation de l'essai « DÉTERMINATION DU DIOXYDE DE CARBONE (CO2) » ?,délai de l'essai détermination du dioxyde de carbone (co2) | combien de temps prend l'essai détermination du dioxyde de carbone (co2) ? | quand aurai-je les résultats pour détermination du dioxyde de carbone (co2) | temps de traitement détermination du dioxyde de carbone (co2),Le délai de réalisation de l'essai « DÉTERMINATION DU DIOXYDE DE CARBONE (CO2) » est de **4 jours**.,Le laboratoire réalise l'essai « DÉTERMINATION DU DIOXYDE DE CARBONE (CO2) » dans un délai de **4 jours** à compter de la réception de l'échantillon.,Analyses chimiques - Ciment,"determination, dioxyde, carbone, ciment, analyse chimique",Basse,"determination_dioxyde_carbone_norme, determination_dioxyde_carbone_accreditation"
determination_dioxyde_carbone_accreditation,L'essai « DÉTERMINATION DU DIOXYDE DE CARBONE (CO2) » est-il accrédité ?,accréditation de l'essai détermination du dioxyde de carbone (co2) | cet essai est-il couvert par l'accréditation ? | portée d'accréditation pour détermination du dioxyde de carbone (co2) | détermination du dioxyde de carbone (co2) accrédité,"Non, l'essai « DÉTERMINATION DU DIOXYDE DE CARBONE (CO2) » n'est pas accrédité.",L'essai « DÉTERMINATION DU DIOXYDE DE CARBONE (CO2) » est proposé par le laboratoire mais ne fait pas partie de sa portée d'accréditation actuelle.,Analyses chimiques - Ciment,"determination, dioxyde, carbone, ciment, analyse chimique",Basse,"determination_dioxyde_carbone_norme, determination_dioxyde_carbone_delai"
essai_alcali_reaction_norme,Selon quelle norme réalisez-vous l'essai « ESSAI ALCALI-RÉACTION » ?,norme essai alcali-réaction | référence normative de l'essai essai alcali-réaction | quelle norme utilisez-vous pour cet essai ? | essai alcali-réaction norme applicable,Cet essai est réalisé selon notre mode opératoire interne.,Le laboratoire réalise l'essai « ESSAI ALCALI-RÉACTION » selon son mode opératoire interne. Rapprochez-vous de nous pour plus de détails sur la méthode appliquée.,Analyses chimiques - Ciment,"essai, alcali, reaction, ciment, analyse chimique",Basse,"essai_alcali_reaction_delai, essai_alcali_reaction_accreditation"
essai_alcali_reaction_delai,Quel est le délai de réalisation de l'essai « ESSAI ALCALI-RÉACTION » ?,délai de l'essai essai alcali-réaction | combien de temps prend l'essai essai alcali-réaction ? | quand aurai-je les résultats pour essai alcali-réaction | temps de traitement essai alcali-réaction,Le délai de réalisation de l'essai « ESSAI ALCALI-RÉACTION » est de **30 jours**.,Le laboratoire réalise l'essai « ESSAI ALCALI-RÉACTION » dans un délai de **30 jours** à compter de la réception de l'échantillon.,Analyses chimiques - Ciment,"essai, alcali, reaction, ciment, analyse chimique",Basse,"essai_alcali_reaction_norme, essai_alcali_reaction_accreditation"
essai_alcali_reaction_accreditation,L'essai « ESSAI ALCALI-RÉACTION » est-il accrédité ?,accréditation de l'essai essai alcali-réaction | cet essai est-il couvert par l'accréditation ? | portée d'accréditation pour essai alcali-réaction | essai alcali-réaction accrédité,"Non, l'essai « ESSAI ALCALI-RÉACTION » n'est pas accrédité.",L'essai « ESSAI ALCALI-RÉACTION » est proposé par le laboratoire mais ne fait pas partie de sa portée d'accréditation actuelle.,Analyses chimiques - Ciment,"essai, alcali, reaction, ciment, analyse chimique",Basse,"essai_alcali_reaction_norme, essai_alcali_reaction_delai"
dosage_soufre_total_norme,Selon quelle norme réalisez-vous l'essai « DOSAGE DU SOUFRE TOTAL » ?,norme dosage du soufre total | référence normative de l'essai dosage du soufre total | quelle norme utilisez-vous pour cet essai ? | dosage du soufre total norme applicable,Cet essai est réalisé selon notre mode opératoire interne.,Le laboratoire réalise l'essai « DOSAGE DU SOUFRE TOTAL » selon son mode opératoire interne. Rapprochez-vous de nous pour plus de détails sur la méthode appliquée.,Analyses chimiques - Ciment,"dosage, soufre, total, ciment, analyse chimique",Basse,"dosage_soufre_total_delai, dosage_soufre_total_accreditation"
dosage_soufre_total_delai,Quel est le délai de réalisation de l'essai « DOSAGE DU SOUFRE TOTAL » ?,délai de l'essai dosage du soufre total | combien de temps prend l'essai dosage du soufre total ? | quand aurai-je les résultats pour dosage du soufre total | temps de traitement dosage du soufre total,Le délai de réalisation de l'essai « DOSAGE DU SOUFRE TOTAL » est de **4 jours**.,Le laboratoire réalise l'essai « DOSAGE DU SOUFRE TOTAL » dans un délai de **4 jours** à compter de la réception de l'échantillon.,Analyses chimiques - Ciment,"dosage, soufre, total, ciment, analyse chimique",Basse,"dosage_soufre_total_norme, dosage_soufre_total_accreditation"
dosage_soufre_total_accreditation,L'essai « DOSAGE DU SOUFRE TOTAL » est-il accrédité ?,accréditation de l'essai dosage du soufre total | cet essai est-il couvert par l'accréditation ? | portée d'accréditation pour dosage du soufre total | dosage du soufre total accrédité,"Non, l'essai « DOSAGE DU SOUFRE TOTAL » n'est pas accrédité.",L'essai « DOSAGE DU SOUFRE TOTAL » est proposé par le laboratoire mais ne fait pas partie de sa portée d'accréditation actuelle.,Analyses chimiques - Ciment,"dosage, soufre, total, ciment, analyse chimique",Basse,"dosage_soufre_total_norme, dosage_soufre_total_delai"
dosage_sulfates_par_gravimetrie_norme,Selon quelle norme réalisez-vous l'essai « DOSAGE DES SULFATES PAR GRAVIMÉTRIE » ?,norme dosage des sulfates par gravimétrie | référence normative de l'essai dosage des sulfates par gravimétrie | quelle norme utilisez-vous pour cet essai ? | dosage des sulfates par gravimétrie norme applicable,Cet essai est réalisé selon notre mode opératoire interne.,Le laboratoire réalise l'essai « DOSAGE DES SULFATES PAR GRAVIMÉTRIE » selon son mode opératoire interne. Rapprochez-vous de nous pour plus de détails sur la méthode appliquée.,Analyses chimiques - Ciment,"dosage, sulfates, gravimetrie, ciment, analyse chimique",Basse,"dosage_sulfates_par_gravimetrie_delai, dosage_sulfates_par_gravimetrie_accreditation"
dosage_sulfates_par_gravimetrie_delai,Quel est le délai de réalisation de l'essai « DOSAGE DES SULFATES PAR GRAVIMÉTRIE » ?,délai de l'essai dosage des sulfates par gravimétrie | combien de temps prend l'essai dosage des sulfates par gravimétrie ? | quand aurai-je les résultats pour dosage des sulfates par gravimétrie | temps de traitement dosage des sulfates par gravimétrie,Le délai de réalisation de l'essai « DOSAGE DES SULFATES PAR GRAVIMÉTRIE » est de **5 jours**.,Le laboratoire réalise l'essai « DOSAGE DES SULFATES PAR GRAVIMÉTRIE » dans un délai de **5 jours** à compter de la réception de l'échantillon.,Analyses chimiques - Ciment,"dosage, sulfates, gravimetrie, ciment, analyse chimique",Basse,"dosage_sulfates_par_gravimetrie_norme, dosage_sulfates_par_gravimetrie_accreditation"
dosage_sulfates_par_gravimetrie_accreditation,L'essai « DOSAGE DES SULFATES PAR GRAVIMÉTRIE » est-il accrédité ?,accréditation de l'essai dosage des sulfates par gravimétrie | cet essai est-il couvert par l'accréditation ? | portée d'accréditation pour dosage des sulfates par gravimétrie | dosage des sulfates par gravimétrie accrédité,"Non, l'essai « DOSAGE DES SULFATES PAR GRAVIMÉTRIE » n'est pas accrédité.",L'essai « DOSAGE DES SULFATES PAR GRAVIMÉTRIE » est proposé par le laboratoire mais ne fait pas partie de sa portée d'accréditation actuelle.,Analyses chimiques - Ciment,"dosage, sulfates, gravimetrie, ciment, analyse chimique",Basse,"dosage_sulfates_par_gravimetrie_norme, dosage_sulfates_par_gravimetrie_delai"
analyse_semi_quantitative_par_fluorescence_x_norme,Selon quelle norme réalisez-vous l'essai « ANALYSE SEMI-QUANTITATIVE PAR FLUORESCENCE X » ?,norme analyse semi-quantitative par fluorescence x | référence normative de l'essai analyse semi-quantitative par fluorescence x | quelle norme utilisez-vous pour cet essai ? | analyse semi-quantitative par fluorescence x norme applicable,L'essai « ANALYSE SEMI-QUANTITATIVE PAR FLUORESCENCE X » est réalisé selon **NF EN 196-2**.,Le laboratoire réalise l'essai « ANALYSE SEMI-QUANTITATIVE PAR FLUORESCENCE X » selon **NF EN 196-2**.,Analyses chimiques - Ciment,"analyse, semi, quantitative, fluorescence, ciment, analyse chimique",Moyenne,"analyse_semi_quantitative_par_fluorescence_x_delai, analyse_semi_quantitative_par_fluorescence_x_accreditation"
analyse_semi_quantitative_par_fluorescence_x_delai,Quel est le délai de réalisation de l'essai « ANALYSE SEMI-QUANTITATIVE PAR FLUORESCENCE X » ?,délai de l'essai analyse semi-quantitative par fluorescence x | combien de temps prend l'essai analyse semi-quantitative par fluorescence x ? | quand aurai-je les résultats pour analyse semi-quantitative par fluorescence x | temps de traitement analyse semi-quantitative par fluorescence x,Le délai de réalisation de l'essai « ANALYSE SEMI-QUANTITATIVE PAR FLUORESCENCE X » est de **19 jours**.,Le laboratoire réalise l'essai « ANALYSE SEMI-QUANTITATIVE PAR FLUORESCENCE X » dans un délai de **19 jours** à compter de la réception de l'échantillon.,Analyses chimiques - Ciment,"analyse, semi, quantitative, fluorescence, ciment, analyse chimique",Moyenne,"analyse_semi_quantitative_par_fluorescence_x_norme, analyse_semi_quantitative_par_fluorescence_x_accreditation"
analyse_semi_quantitative_par_fluorescence_x_accreditation,L'essai « ANALYSE SEMI-QUANTITATIVE PAR FLUORESCENCE X » est-il accrédité ?,accréditation de l'essai analyse semi-quantitative par fluorescence x | cet essai est-il couvert par l'accréditation ? | portée d'accréditation pour analyse semi-quantitative par fluorescence x | analyse semi-quantitative par fluorescence x accrédité,"Non, l'essai « ANALYSE SEMI-QUANTITATIVE PAR FLUORESCENCE X » n'est pas accrédité.",L'essai « ANALYSE SEMI-QUANTITATIVE PAR FLUORESCENCE X » est proposé par le laboratoire mais ne fait pas partie de sa portée d'accréditation actuelle.,Analyses chimiques - Ciment,"analyse, semi, quantitative, fluorescence, ciment, analyse chimique",Moyenne,"analyse_semi_quantitative_par_fluorescence_x_norme, analyse_semi_quantitative_par_fluorescence_x_delai"
determination_metaux_lourds_par_fluorescence_x_norme,Selon quelle norme réalisez-vous l'essai « DÉTERMINATION DES MÉTAUX LOURDS PAR FLUORESCENCE X (semiquantitatif) » ?,norme détermination des métaux lourds par fluorescence x (semiquantitatif) | référence normative de l'essai détermination des métaux lourds par fluorescence x (semiquantitatif) | quelle norme utilisez-vous pour cet essai ? | détermination des métaux lourds par fluorescence x (semiquantitatif) norme applicable,L'essai « DÉTERMINATION DES MÉTAUX LOURDS PAR FLUORESCENCE X (semiquantitatif) » est réalisé selon **NF EN 196-2**.,Le laboratoire réalise l'essai « DÉTERMINATION DES MÉTAUX LOURDS PAR FLUORESCENCE X (semiquantitatif) » selon **NF EN 196-2**.,Analyses chimiques - Ciment,"determination, metaux, lourds, fluorescence, ciment, analyse chimique",Moyenne,"determination_metaux_lourds_par_fluorescence_x_delai, determination_metaux_lourds_par_fluorescence_x_accreditation"
determination_metaux_lourds_par_fluorescence_x_delai,Quel est le délai de réalisation de l'essai « DÉTERMINATION DES MÉTAUX LOURDS PAR FLUORESCENCE X (semiquantitatif) » ?,délai de l'essai détermination des métaux lourds par fluorescence x (semiquantitatif) | combien de temps prend l'essai détermination des métaux lourds par fluorescence x (semiquantitatif) ? | quand aurai-je les résultats pour détermination des métaux lourds par fluorescence x (semiquantitatif) | temps de traitement détermination des métaux lourds par fluorescence x (semiquantitatif),Le délai de réalisation de l'essai « DÉTERMINATION DES MÉTAUX LOURDS PAR FLUORESCENCE X (semiquantitatif) » est de **19 jours**.,Le laboratoire réalise l'essai « DÉTERMINATION DES MÉTAUX LOURDS PAR FLUORESCENCE X (semiquantitatif) » dans un délai de **19 jours** à compter de la réception de l'échantillon.,Analyses chimiques - Ciment,"determination, metaux, lourds, fluorescence, ciment, analyse chimique",Moyenne,"determination_metaux_lourds_par_fluorescence_x_norme, determination_metaux_lourds_par_fluorescence_x_accreditation"
determination_metaux_lourds_par_fluorescence_x_accreditation,L'essai « DÉTERMINATION DES MÉTAUX LOURDS PAR FLUORESCENCE X (semiquantitatif) » est-il accrédité ?,accréditation de l'essai détermination des métaux lourds par fluorescence x (semiquantitatif) | cet essai est-il couvert par l'accréditation ? | portée d'accréditation pour détermination des métaux lourds par fluorescence x (semiquantitatif) | détermination des métaux lourds par fluorescence x (semiquantitatif) accrédité,"Non, l'essai « DÉTERMINATION DES MÉTAUX LOURDS PAR FLUORESCENCE X (semiquantitatif) » n'est pas accrédité.",L'essai « DÉTERMINATION DES MÉTAUX LOURDS PAR FLUORESCENCE X (semiquantitatif) » est proposé par le laboratoire mais ne fait pas partie de sa portée d'accréditation actuelle.,Analyses chimiques - Ciment,"determination, metaux, lourds, fluorescence, ciment, analyse chimique",Moyenne,"determination_metaux_lourds_par_fluorescence_x_norme, determination_metaux_lourds_par_fluorescence_x_delai"
analyse_mineralogique_par_diffraction_rx_norme,Selon quelle norme réalisez-vous l'essai « ANALYSE MINÉRALOGIQUE PAR DIFFRACTION RX (DÉTERMINATION DES CONSTITUANTS MINÉRAUX) » ?,norme analyse minéralogique par diffraction rx (détermination des constituants minéraux) | référence normative de l'essai analyse minéralogique par diffraction rx (détermination des constituants minéraux) | quelle norme utilisez-vous pour cet essai ? | analyse minéralogique par diffraction rx (détermination des constituants minéraux) norme applicable,Cet essai est réalisé selon notre mode opératoire interne.,Le laboratoire réalise l'essai « ANALYSE MINÉRALOGIQUE PAR DIFFRACTION RX (DÉTERMINATION DES CONSTITUANTS MINÉRAUX) » selon son mode opératoire interne. Rapprochez-vous de nous pour plus de détails sur la méthode appliquée.,Analyses minéralogiques,"analyse, mineralogique, diffraction, minéralogie, diffraction RX",Basse,"analyse_mineralogique_par_diffraction_rx_delai, analyse_mineralogique_par_diffraction_rx_accreditation"
analyse_mineralogique_par_diffraction_rx_delai,Quel est le délai de réalisation de l'essai « ANALYSE MINÉRALOGIQUE PAR DIFFRACTION RX (DÉTERMINATION DES CONSTITUANTS MINÉRAUX) » ?,délai de l'essai analyse minéralogique par diffraction rx (détermination des constituants minéraux) | combien de temps prend l'essai analyse minéralogique par diffraction rx (détermination des constituants minéraux) ? | quand aurai-je les résultats pour analyse minéralogique par diffraction rx (détermination des constituants minéraux) | temps de traitement analyse minéralogique par diffraction rx (détermination des constituants minéraux),Le délai de réalisation de l'essai « ANALYSE MINÉRALOGIQUE PAR DIFFRACTION RX (DÉTERMINATION DES CONSTITUANTS MINÉRAUX) » est de **6 jours**.,Le laboratoire réalise l'essai « ANALYSE MINÉRALOGIQUE PAR DIFFRACTION RX (DÉTERMINATION DES CONSTITUANTS MINÉRAUX) » dans un délai de **6 jours** à compter de la réception de l'échantillon.,Analyses minéralogiques,"analyse, mineralogique, diffraction, minéralogie, diffraction RX",Basse,"analyse_mineralogique_par_diffraction_rx_norme, analyse_mineralogique_par_diffraction_rx_accreditation"
analyse_mineralogique_par_diffraction_rx_accreditation,L'essai « ANALYSE MINÉRALOGIQUE PAR DIFFRACTION RX (DÉTERMINATION DES CONSTITUANTS MINÉRAUX) » est-il accrédité ?,accréditation de l'essai analyse minéralogique par diffraction rx (détermination des constituants minéraux) | cet essai est-il couvert par l'accréditation ? | portée d'accréditation pour analyse minéralogique par diffraction rx (détermination des constituants minéraux) | analyse minéralogique par diffraction rx (détermination des constituants minéraux) accrédité,"Non, l'essai « ANALYSE MINÉRALOGIQUE PAR DIFFRACTION RX (DÉTERMINATION DES CONSTITUANTS MINÉRAUX) » n'est pas accrédité.",L'essai « ANALYSE MINÉRALOGIQUE PAR DIFFRACTION RX (DÉTERMINATION DES CONSTITUANTS MINÉRAUX) » est proposé par le laboratoire mais ne fait pas partie de sa portée d'accréditation actuelle.,Analyses minéralogiques,"analyse, mineralogique, diffraction, minéralogie, diffraction RX",Basse,"analyse_mineralogique_par_diffraction_rx_norme, analyse_mineralogique_par_diffraction_rx_delai"
analyse_mineralogique_par_diffraction_rx_2_norme,Selon quelle norme réalisez-vous l'essai « ANALYSE MINÉRALOGIQUE PAR DIFFRACTION RX (DÉTERMINATION DES CONSTITUANTS MINÉRAUX ET ESTIMATION) » ?,norme analyse minéralogique par diffraction rx (détermination des constituants minéraux et estimation) | référence normative de l'essai analyse minéralogique par diffraction rx (détermination des constituants minéraux et estimation) | quelle norme utilisez-vous pour cet essai ? | analyse minéralogique par diffraction rx (détermination des constituants minéraux et estimation) norme applicable,Cet essai est réalisé selon notre mode opératoire interne.,Le laboratoire réalise l'essai « ANALYSE MINÉRALOGIQUE PAR DIFFRACTION RX (DÉTERMINATION DES CONSTITUANTS MINÉRAUX ET ESTIMATION) » selon son mode opératoire interne. Rapprochez-vous de nous pour plus de détails sur la méthode appliquée.,Analyses minéralogiques,"analyse, mineralogique, diffraction, minéralogie, diffraction RX",Basse,"analyse_mineralogique_par_diffraction_rx_2_delai, analyse_mineralogique_par_diffraction_rx_2_accreditation"
analyse_mineralogique_par_diffraction_rx_2_delai,Quel est le délai de réalisation de l'essai « ANALYSE MINÉRALOGIQUE PAR DIFFRACTION RX (DÉTERMINATION DES CONSTITUANTS MINÉRAUX ET ESTIMATION) » ?,délai de l'essai analyse minéralogique par diffraction rx (détermination des constituants minéraux et estimation) | combien de temps prend l'essai analyse minéralogique par diffraction rx (détermination des constituants minéraux et estimation) ? | quand aurai-je les résultats pour analyse minéralogique par diffraction rx (détermination des constituants minéraux et estimation) | temps de traitement analyse minéralogique par diffraction rx (détermination des constituants minéraux et estimation),Le délai de réalisation de l'essai « ANALYSE MINÉRALOGIQUE PAR DIFFRACTION RX (DÉTERMINATION DES CONSTITUANTS MINÉRAUX ET ESTIMATION) » est de **22 jours**.,Le laboratoire réalise l'essai « ANALYSE MINÉRALOGIQUE PAR DIFFRACTION RX (DÉTERMINATION DES CONSTITUANTS MINÉRAUX ET ESTIMATION) » dans un délai de **22 jours** à compter de la réception de l'échantillon.,Analyses minéralogiques,"analyse, mineralogique, diffraction, minéralogie, diffraction RX",Basse,"analyse_mineralogique_par_diffraction_rx_2_norme, analyse_mineralogique_par_diffraction_rx_2_accreditation"
analyse_mineralogique_par_diffraction_rx_2_accreditation,L'essai « ANALYSE MINÉRALOGIQUE PAR DIFFRACTION RX (DÉTERMINATION DES CONSTITUANTS MINÉRAUX ET ESTIMATION) » est-il accrédité ?,accréditation de l'essai analyse minéralogique par diffraction rx (détermination des constituants minéraux et estimation) | cet essai est-il couvert par l'accréditation ? | portée d'accréditation pour analyse minéralogique par diffraction rx (détermination des constituants minéraux et estimation) | analyse minéralogique par diffraction rx (détermination des constituants minéraux et estimation) accrédité,"Non, l'essai « ANALYSE MINÉRALOGIQUE PAR DIFFRACTION RX (DÉTERMINATION DES CONSTITUANTS MINÉRAUX ET ESTIMATION) » n'est pas accrédité.",L'essai « ANALYSE MINÉRALOGIQUE PAR DIFFRACTION RX (DÉTERMINATION DES CONSTITUANTS MINÉRAUX ET ESTIMATION) » est proposé par le laboratoire mais ne fait pas partie de sa portée d'accréditation actuelle.,Analyses minéralogiques,"analyse, mineralogique, diffraction, minéralogie, diffraction RX",Basse,"analyse_mineralogique_par_diffraction_rx_2_norme, analyse_mineralogique_par_diffraction_rx_2_delai"
presence_absence_amiante_norme,Selon quelle norme réalisez-vous l'essai « PRÉSENCE OU ABSENCE D'AMIANTE » ?,norme présence ou absence d'amiante | référence normative de l'essai présence ou absence d'amiante | quelle norme utilisez-vous pour cet essai ? | présence ou absence d'amiante norme applicable,Cet essai est réalisé selon notre mode opératoire interne.,Le laboratoire réalise l'essai « PRÉSENCE OU ABSENCE D'AMIANTE » selon son mode opératoire interne. Rapprochez-vous de nous pour plus de détails sur la méthode appliquée.,Analyses minéralogiques,"presence, absence, amiante, minéralogie, diffraction RX",Basse,"presence_absence_amiante_delai, presence_absence_amiante_accreditation"
presence_absence_amiante_delai,Quel est le délai de réalisation de l'essai « PRÉSENCE OU ABSENCE D'AMIANTE » ?,délai de l'essai présence ou absence d'amiante | combien de temps prend l'essai présence ou absence d'amiante ? | quand aurai-je les résultats pour présence ou absence d'amiante | temps de traitement présence ou absence d'amiante,Le délai de réalisation de l'essai « PRÉSENCE OU ABSENCE D'AMIANTE » est de **10 jours**.,Le laboratoire réalise l'essai « PRÉSENCE OU ABSENCE D'AMIANTE » dans un délai de **10 jours** à compter de la réception de l'échantillon.,Analyses minéralogiques,"presence, absence, amiante, minéralogie, diffraction RX",Basse,"presence_absence_amiante_norme, presence_absence_amiante_accreditation"
presence_absence_amiante_accreditation,L'essai « PRÉSENCE OU ABSENCE D'AMIANTE » est-il accrédité ?,accréditation de l'essai présence ou absence d'amiante | cet essai est-il couvert par l'accréditation ? | portée d'accréditation pour présence ou absence d'amiante | présence ou absence d'amiante accrédité,"Non, l'essai « PRÉSENCE OU ABSENCE D'AMIANTE » n'est pas accrédité.",L'essai « PRÉSENCE OU ABSENCE D'AMIANTE » est proposé par le laboratoire mais ne fait pas partie de sa portée d'accréditation actuelle.,Analyses minéralogiques,"presence, absence, amiante, minéralogie, diffraction RX",Basse,"presence_absence_amiante_norme, presence_absence_amiante_delai"
methode_essai_analyse_ciments_clinkers_norme,Selon quelle norme réalisez-vous l'essai « MÉTHODE D'ESSAI ET ANALYSE DES CIMENTS ET CLINKERS (DÉTERMINATION QUANTITATIVE DES CONSTITUANTS) » ?,norme méthode d'essai et analyse des ciments et clinkers (détermination quantitative des constituants) | référence normative de l'essai méthode d'essai et analyse des ciments et clinkers (détermination quantitative des constituants) | quelle norme utilisez-vous pour cet essai ? | méthode d'essai et analyse des ciments et clinkers (détermination quantitative des constituants) norme applicable,L'essai « MÉTHODE D'ESSAI ET ANALYSE DES CIMENTS ET CLINKERS (DÉTERMINATION QUANTITATIVE DES CONSTITUANTS) » est réalisé selon **PD CEN/TR 196-4/2007**.,Le laboratoire réalise l'essai « MÉTHODE D'ESSAI ET ANALYSE DES CIMENTS ET CLINKERS (DÉTERMINATION QUANTITATIVE DES CONSTITUANTS) » selon **PD CEN/TR 196-4/2007**.,Analyses minéralogiques,"essai, analyse, methode, ciments, clinkers, minéralogie, diffraction RX",Haute,"methode_essai_analyse_ciments_clinkers_delai, methode_essai_analyse_ciments_clinkers_accreditation"
methode_essai_analyse_ciments_clinkers_delai,Quel est le délai de réalisation de l'essai « MÉTHODE D'ESSAI ET ANALYSE DES CIMENTS ET CLINKERS (DÉTERMINATION QUANTITATIVE DES CONSTITUANTS) » ?,délai de l'essai méthode d'essai et analyse des ciments et clinkers (détermination quantitative des constituants) | combien de temps prend l'essai méthode d'essai et analyse des ciments et clinkers (détermination quantitative des constituants) ? | quand aurai-je les résultats pour méthode d'essai et analyse des ciments et clinkers (détermination quantitative des constituants) | temps de traitement méthode d'essai et analyse des ciments et clinkers (détermination quantitative des constituants),Le délai de réalisation de l'essai « MÉTHODE D'ESSAI ET ANALYSE DES CIMENTS ET CLINKERS (DÉTERMINATION QUANTITATIVE DES CONSTITUANTS) » est de **7 jours**.,Le laboratoire réalise l'essai « MÉTHODE D'ESSAI ET ANALYSE DES CIMENTS ET CLINKERS (DÉTERMINATION QUANTITATIVE DES CONSTITUANTS) » dans un délai de **7 jours** à compter de la réception de l'échantillon.,Analyses minéralogiques,"essai, analyse, methode, ciments, clinkers, minéralogie, diffraction RX",Haute,"methode_essai_analyse_ciments_clinkers_norme, methode_essai_analyse_ciments_clinkers_accreditation"
methode_essai_analyse_ciments_clinkers_accreditation,L'essai « MÉTHODE D'ESSAI ET ANALYSE DES CIMENTS ET CLINKERS (DÉTERMINATION QUANTITATIVE DES CONSTITUANTS) » est-il accrédité ?,accréditation de l'essai méthode d'essai et analyse des ciments et clinkers (détermination quantitative des constituants) | cet essai est-il couvert par l'accréditation ? | portée d'accréditation pour méthode d'essai et analyse des ciments et clinkers (détermination quantitative des constituants) | méthode d'essai et analyse des ciments et clinkers (détermination quantitative des constituants) accrédité,"Oui, l'essai « MÉTHODE D'ESSAI ET ANALYSE DES CIMENTS ET CLINKERS (DÉTERMINATION QUANTITATIVE DES CONSTITUANTS) » est accrédité.",Le laboratoire réalise l'essai « MÉTHODE D'ESSAI ET ANALYSE DES CIMENTS ET CLINKERS (DÉTERMINATION QUANTITATIVE DES CONSTITUANTS) » dans le cadre de son accréditation.,Analyses minéralogiques,"essai, analyse, methode, ciments, clinkers, minéralogie, diffraction RX",Haute,"methode_essai_analyse_ciments_clinkers_norme, methode_essai_analyse_ciments_clinkers_delai"
controle_qualite_clinkers_par_microscope_optique_norme,Selon quelle norme réalisez-vous l'essai « CONTRÔLE QUALITÉ DES CLINKERS PAR MICROSCOPE OPTIQUE » ?,norme contrôle qualité des clinkers par microscope optique | référence normative de l'essai contrôle qualité des clinkers par microscope optique | quelle norme utilisez-vous pour cet essai ? | contrôle qualité des clinkers par microscope optique norme applicable,Cet essai est réalisé selon notre mode opératoire interne.,Le laboratoire réalise l'essai « CONTRÔLE QUALITÉ DES CLINKERS PAR MICROSCOPE OPTIQUE » selon son mode opératoire interne. Rapprochez-vous de nous pour plus de détails sur la méthode appliquée.,Analyses minéralogiques,"controle, qualite, clinkers, microscope, optique, minéralogie, diffraction RX",Basse,"controle_qualite_clinkers_par_microscope_optique_delai, controle_qualite_clinkers_par_microscope_optique_accreditation"
controle_qualite_clinkers_par_microscope_optique_delai,Quel est le délai de réalisation de l'essai « CONTRÔLE QUALITÉ DES CLINKERS PAR MICROSCOPE OPTIQUE » ?,délai de l'essai contrôle qualité des clinkers par microscope optique | combien de temps prend l'essai contrôle qualité des clinkers par microscope optique ? | quand aurai-je les résultats pour contrôle qualité des clinkers par microscope optique | temps de traitement contrôle qualité des clinkers par microscope optique,Le délai de réalisation de l'essai « CONTRÔLE QUALITÉ DES CLINKERS PAR MICROSCOPE OPTIQUE » est de **22 jours**.,Le laboratoire réalise l'essai « CONTRÔLE QUALITÉ DES CLINKERS PAR MICROSCOPE OPTIQUE » dans un délai de **22 jours** à compter de la réception de l'échantillon.,Analyses minéralogiques,"controle, qualite, clinkers, microscope, optique, minéralogie, diffraction RX",Basse,"controle_qualite_clinkers_par_microscope_optique_norme, controle_qualite_clinkers_par_microscope_optique_accreditation"
controle_qualite_clinkers_par_microscope_optique_accreditation,L'essai « CONTRÔLE QUALITÉ DES CLINKERS PAR MICROSCOPE OPTIQUE » est-il accrédité ?,accréditation de l'essai contrôle qualité des clinkers par microscope optique | cet essai est-il couvert par l'accréditation ? | portée d'accréditation pour contrôle qualité des clinkers par microscope optique | contrôle qualité des clinkers par microscope optique accrédité,"Non, l'essai « CONTRÔLE QUALITÉ DES CLINKERS PAR MICROSCOPE OPTIQUE » n'est pas accrédité.",L'essai « CONTRÔLE QUALITÉ DES CLINKERS PAR MICROSCOPE OPTIQUE » est proposé par le laboratoire mais ne fait pas partie de sa portée d'accréditation actuelle.,Analyses minéralogiques,"controle, qualite, clinkers, microscope, optique, minéralogie, diffraction RX",Basse,"controle_qualite_clinkers_par_microscope_optique_norme, controle_qualite_clinkers_par_microscope_optique_delai"
etude_petrographique_roches_naturelles_norme,Selon quelle norme réalisez-vous l'essai « ÉTUDE PÉTROGRAPHIQUE DES ROCHES NATURELLES » ?,norme étude pétrographique des roches naturelles | référence normative de l'essai étude pétrographique des roches naturelles | quelle norme utilisez-vous pour cet essai ? | étude pétrographique des roches naturelles norme applicable,Cet essai est réalisé selon notre mode opératoire interne.,Le laboratoire réalise l'essai « ÉTUDE PÉTROGRAPHIQUE DES ROCHES NATURELLES » selon son mode opératoire interne. Rapprochez-vous de nous pour plus de détails sur la méthode appliquée.,Étude pétrographique,"etude, petrographique, roches, naturelles, pétrographie, roche",Basse,"etude_petrographique_roches_naturelles_delai, etude_petrographique_roches_naturelles_accreditation"
etude_petrographique_roches_naturelles_delai,Quel est le délai de réalisation de l'essai « ÉTUDE PÉTROGRAPHIQUE DES ROCHES NATURELLES » ?,délai de l'essai étude pétrographique des roches naturelles | combien de temps prend l'essai étude pétrographique des roches naturelles ? | quand aurai-je les résultats pour étude pétrographique des roches naturelles | temps de traitement étude pétrographique des roches naturelles,Le délai de réalisation de l'essai « ÉTUDE PÉTROGRAPHIQUE DES ROCHES NATURELLES » est de **30 jours**.,Le laboratoire réalise l'essai « ÉTUDE PÉTROGRAPHIQUE DES ROCHES NATURELLES » dans un délai de **30 jours** à compter de la réception de l'échantillon.,Étude pétrographique,"etude, petrographique, roches, naturelles, pétrographie, roche",Basse,"etude_petrographique_roches_naturelles_norme, etude_petrographique_roches_naturelles_accreditation"
etude_petrographique_roches_naturelles_accreditation,L'essai « ÉTUDE PÉTROGRAPHIQUE DES ROCHES NATURELLES » est-il accrédité ?,accréditation de l'essai étude pétrographique des roches naturelles | cet essai est-il couvert par l'accréditation ? | portée d'accréditation pour étude pétrographique des roches naturelles | étude pétrographique des roches naturelles accrédité,"Non, l'essai « ÉTUDE PÉTROGRAPHIQUE DES ROCHES NATURELLES » n'est pas accrédité.",L'essai « ÉTUDE PÉTROGRAPHIQUE DES ROCHES NATURELLES » est proposé par le laboratoire mais ne fait pas partie de sa portée d'accréditation actuelle.,Étude pétrographique,"etude, petrographique, roches, naturelles, pétrographie, roche",Basse,"etude_petrographique_roches_naturelles_norme, etude_petrographique_roches_naturelles_delai"
etude_petrographique_sables_norme,Selon quelle norme réalisez-vous l'essai « ÉTUDE PÉTROGRAPHIQUE DES SABLES (MORPHOLOGIE) » ?,norme étude pétrographique des sables (morphologie) | référence normative de l'essai étude pétrographique des sables (morphologie) | quelle norme utilisez-vous pour cet essai ? | étude pétrographique des sables (morphologie) norme applicable,Cet essai est réalisé selon notre mode opératoire interne.,Le laboratoire réalise l'essai « ÉTUDE PÉTROGRAPHIQUE DES SABLES (MORPHOLOGIE) » selon son mode opératoire interne. Rapprochez-vous de nous pour plus de détails sur la méthode appliquée.,Étude pétrographique,"etude, petrographique, sables, pétrographie, roche",Basse,"etude_petrographique_sables_delai, etude_petrographique_sables_accreditation"
etude_petrographique_sables_delai,Quel est le délai de réalisation de l'essai « ÉTUDE PÉTROGRAPHIQUE DES SABLES (MORPHOLOGIE) » ?,délai de l'essai étude pétrographique des sables (morphologie) | combien de temps prend l'essai étude pétrographique des sables (morphologie) ? | quand aurai-je les résultats pour étude pétrographique des sables (morphologie) | temps de traitement étude pétrographique des sables (morphologie),Le délai de réalisation de l'essai « ÉTUDE PÉTROGRAPHIQUE DES SABLES (MORPHOLOGIE) » est de **5 jours**.,Le laboratoire réalise l'essai « ÉTUDE PÉTROGRAPHIQUE DES SABLES (MORPHOLOGIE) » dans un délai de **5 jours** à compter de la réception de l'échantillon.,Étude pétrographique,"etude, petrographique, sables, pétrographie, roche",Basse,"etude_petrographique_sables_norme, etude_petrographique_sables_accreditation"
etude_petrographique_sables_accreditation,L'essai « ÉTUDE PÉTROGRAPHIQUE DES SABLES (MORPHOLOGIE) » est-il accrédité ?,accréditation de l'essai étude pétrographique des sables (morphologie) | cet essai est-il couvert par l'accréditation ? | portée d'accréditation pour étude pétrographique des sables (morphologie) | étude pétrographique des sables (morphologie) accrédité,"Non, l'essai « ÉTUDE PÉTROGRAPHIQUE DES SABLES (MORPHOLOGIE) » n'est pas accrédité.",L'essai « ÉTUDE PÉTROGRAPHIQUE DES SABLES (MORPHOLOGIE) » est proposé par le laboratoire mais ne fait pas partie de sa portée d'accréditation actuelle.,Étude pétrographique,"etude, petrographique, sables, pétrographie, roche",Basse,"etude_petrographique_sables_norme, etude_petrographique_sables_delai"
etude_petrographique_sables_2_norme,Selon quelle norme réalisez-vous l'essai « ÉTUDE PÉTROGRAPHIQUE DES SABLES (ÉTUDE DE L'ORIGINE) » ?,norme étude pétrographique des sables (étude de l'origine) | référence normative de l'essai étude pétrographique des sables (étude de l'origine) | quelle norme utilisez-vous pour cet essai ? | étude pétrographique des sables (étude de l'origine) norme applicable,Cet essai est réalisé selon notre mode opératoire interne.,Le laboratoire réalise l'essai « ÉTUDE PÉTROGRAPHIQUE DES SABLES (ÉTUDE DE L'ORIGINE) » selon son mode opératoire interne. Rapprochez-vous de nous pour plus de détails sur la méthode appliquée.,Étude pétrographique,"etude, petrographique, sables, pétrographie, roche",Basse,"etude_petrographique_sables_2_delai, etude_petrographique_sables_2_accreditation"
etude_petrographique_sables_2_delai,Quel est le délai de réalisation de l'essai « ÉTUDE PÉTROGRAPHIQUE DES SABLES (ÉTUDE DE L'ORIGINE) » ?,délai de l'essai étude pétrographique des sables (étude de l'origine) | combien de temps prend l'essai étude pétrographique des sables (étude de l'origine) ? | quand aurai-je les résultats pour étude pétrographique des sables (étude de l'origine) | temps de traitement étude pétrographique des sables (étude de l'origine),Le délai de réalisation de l'essai « ÉTUDE PÉTROGRAPHIQUE DES SABLES (ÉTUDE DE L'ORIGINE) » est de **5 jours**.,Le laboratoire réalise l'essai « ÉTUDE PÉTROGRAPHIQUE DES SABLES (ÉTUDE DE L'ORIGINE) » dans un délai de **5 jours** à compter de la réception de l'échantillon.,Étude pétrographique,"etude, petrographique, sables, pétrographie, roche",Basse,"etude_petrographique_sables_2_norme, etude_petrographique_sables_2_accreditation"
etude_petrographique_sables_2_accreditation,L'essai « ÉTUDE PÉTROGRAPHIQUE DES SABLES (ÉTUDE DE L'ORIGINE) » est-il accrédité ?,accréditation de l'essai étude pétrographique des sables (étude de l'origine) | cet essai est-il couvert par l'accréditation ? | portée d'accréditation pour étude pétrographique des sables (étude de l'origine) | étude pétrographique des sables (étude de l'origine) accrédité,"Non, l'essai « ÉTUDE PÉTROGRAPHIQUE DES SABLES (ÉTUDE DE L'ORIGINE) » n'est pas accrédité.",L'essai « ÉTUDE PÉTROGRAPHIQUE DES SABLES (ÉTUDE DE L'ORIGINE) » est proposé par le laboratoire mais ne fait pas partie de sa portée d'accréditation actuelle.,Étude pétrographique,"etude, petrographique, sables, pétrographie, roche",Basse,"etude_petrographique_sables_2_norme, etude_petrographique_sables_2_delai"
mesures_electrometriques_ph_avec_electrode_verre_norme,Selon quelle norme réalisez-vous l'essai « MESURES ÉLECTROMÉTRIQUES DU pH AVEC ÉLECTRODE DE VERRE » ?,norme mesures électrométriques du ph avec électrode de verre | référence normative de l'essai mesures électrométriques du ph avec électrode de verre | quelle norme utilisez-vous pour cet essai ? | mesures électrométriques du ph avec électrode de verre norme applicable,L'essai « MESURES ÉLECTROMÉTRIQUES DU pH AVEC ÉLECTRODE DE VERRE » est réalisé selon **PH metre -ISO 10523**.,Le laboratoire réalise l'essai « MESURES ÉLECTROMÉTRIQUES DU pH AVEC ÉLECTRODE DE VERRE » selon **PH metre -ISO 10523**.,Eau et environnement,"mesures, electrometriques, avec, electrode, verre, eau, environnement",Moyenne,"mesures_electrometriques_ph_avec_electrode_verre_delai, mesures_electrometriques_ph_avec_electrode_verre_accreditation"
mesures_electrometriques_ph_avec_electrode_verre_delai,Quel est le délai de réalisation de l'essai « MESURES ÉLECTROMÉTRIQUES DU pH AVEC ÉLECTRODE DE VERRE » ?,délai de l'essai mesures électrométriques du ph avec électrode de verre | combien de temps prend l'essai mesures électrométriques du ph avec électrode de verre ? | quand aurai-je les résultats pour mesures électrométriques du ph avec électrode de verre | temps de traitement mesures électrométriques du ph avec électrode de verre,Le délai de réalisation de l'essai « MESURES ÉLECTROMÉTRIQUES DU pH AVEC ÉLECTRODE DE VERRE » est de **3 jours**.,Le laboratoire réalise l'essai « MESURES ÉLECTROMÉTRIQUES DU pH AVEC ÉLECTRODE DE VERRE » dans un délai de **3 jours** à compter de la réception de l'échantillon.,Eau et environnement,"mesures, electrometriques, avec, electrode, verre, eau, environnement",Moyenne,"mesures_electrometriques_ph_avec_electrode_verre_norme, mesures_electrometriques_ph_avec_electrode_verre_accreditation"
mesures_electrometriques_ph_avec_electrode_verre_accreditation,L'essai « MESURES ÉLECTROMÉTRIQUES DU pH AVEC ÉLECTRODE DE VERRE » est-il accrédité ?,accréditation de l'essai mesures électrométriques du ph avec électrode de verre | cet essai est-il couvert par l'accréditation ? | portée d'accréditation pour mesures électrométriques du ph avec électrode de verre | mesures électrométriques du ph avec électrode de verre accrédité,"Non, l'essai « MESURES ÉLECTROMÉTRIQUES DU pH AVEC ÉLECTRODE DE VERRE » n'est pas accrédité.",L'essai « MESURES ÉLECTROMÉTRIQUES DU pH AVEC ÉLECTRODE DE VERRE » est proposé par le laboratoire mais ne fait pas partie de sa portée d'accréditation actuelle.,Eau et environnement,"mesures, electrometriques, avec, electrode, verre, eau, environnement",Moyenne,"mesures_electrometriques_ph_avec_electrode_verre_norme, mesures_electrometriques_ph_avec_electrode_verre_delai"
determination_conductivite_norme,Selon quelle norme réalisez-vous l'essai « DÉTERMINATION DE LA CONDUCTIVITÉ » ?,norme détermination de la conductivité | référence normative de l'essai détermination de la conductivité | quelle norme utilisez-vous pour cet essai ? | détermination de la conductivité norme applicable,L'essai « DÉTERMINATION DE LA CONDUCTIVITÉ » est réalisé selon **Conductimétre-NF EN 27888:janvier2025**.,Le laboratoire réalise l'essai « DÉTERMINATION DE LA CONDUCTIVITÉ » selon **Conductimétre-NF EN 27888:janvier2025**.,Eau et environnement,"determination, conductivite, eau, environnement",Moyenne,"determination_conductivite_delai, determination_conductivite_accreditation"
determination_conductivite_delai,Quel est le délai de réalisation de l'essai « DÉTERMINATION DE LA CONDUCTIVITÉ » ?,délai de l'essai détermination de la conductivité | combien de temps prend l'essai détermination de la conductivité ? | quand aurai-je les résultats pour détermination de la conductivité | temps de traitement détermination de la conductivité,Le délai de réalisation de l'essai « DÉTERMINATION DE LA CONDUCTIVITÉ » est de **3 jours**.,Le laboratoire réalise l'essai « DÉTERMINATION DE LA CONDUCTIVITÉ » dans un délai de **3 jours** à compter de la réception de l'échantillon.,Eau et environnement,"determination, conductivite, eau, environnement",Moyenne,"determination_conductivite_norme, determination_conductivite_accreditation"
determination_conductivite_accreditation,L'essai « DÉTERMINATION DE LA CONDUCTIVITÉ » est-il accrédité ?,accréditation de l'essai détermination de la conductivité | cet essai est-il couvert par l'accréditation ? | portée d'accréditation pour détermination de la conductivité | détermination de la conductivité accrédité,"Non, l'essai « DÉTERMINATION DE LA CONDUCTIVITÉ » n'est pas accrédité.",L'essai « DÉTERMINATION DE LA CONDUCTIVITÉ » est proposé par le laboratoire mais ne fait pas partie de sa portée d'accréditation actuelle.,Eau et environnement,"determination, conductivite, eau, environnement",Moyenne,"determination_conductivite_norme, determination_conductivite_delai"
determination_taux_salinite_norme,Selon quelle norme réalisez-vous l'essai « DÉTERMINATION DU TAUX DE SALINITÉ (TDS) » ?,norme détermination du taux de salinité (tds) | référence normative de l'essai détermination du taux de salinité (tds) | quelle norme utilisez-vous pour cet essai ? | détermination du taux de salinité (tds) norme applicable,L'essai « DÉTERMINATION DU TAUX DE SALINITÉ (TDS) » est réalisé selon **Conductimétre**.,Le laboratoire réalise l'essai « DÉTERMINATION DU TAUX DE SALINITÉ (TDS) » selon **Conductimétre**.,Eau et environnement,"determination, taux, salinite, eau, environnement",Moyenne,"determination_taux_salinite_delai, determination_taux_salinite_accreditation"
determination_taux_salinite_delai,Quel est le délai de réalisation de l'essai « DÉTERMINATION DU TAUX DE SALINITÉ (TDS) » ?,délai de l'essai détermination du taux de salinité (tds) | combien de temps prend l'essai détermination du taux de salinité (tds) ? | quand aurai-je les résultats pour détermination du taux de salinité (tds) | temps de traitement détermination du taux de salinité (tds),Le délai de réalisation de l'essai « DÉTERMINATION DU TAUX DE SALINITÉ (TDS) » est de **5 jours**.,Le laboratoire réalise l'essai « DÉTERMINATION DU TAUX DE SALINITÉ (TDS) » dans un délai de **5 jours** à compter de la réception de l'échantillon.,Eau et environnement,"determination, taux, salinite, eau, environnement",Moyenne,"determination_taux_salinite_norme, determination_taux_salinite_accreditation"
determination_taux_salinite_accreditation,L'essai « DÉTERMINATION DU TAUX DE SALINITÉ (TDS) » est-il accrédité ?,accréditation de l'essai détermination du taux de salinité (tds) | cet essai est-il couvert par l'accréditation ? | portée d'accréditation pour détermination du taux de salinité (tds) | détermination du taux de salinité (tds) accrédité,"Non, l'essai « DÉTERMINATION DU TAUX DE SALINITÉ (TDS) » n'est pas accrédité.",L'essai « DÉTERMINATION DU TAUX DE SALINITÉ (TDS) » est proposé par le laboratoire mais ne fait pas partie de sa portée d'accréditation actuelle.,Eau et environnement,"determination, taux, salinite, eau, environnement",Moyenne,"determination_taux_salinite_norme, determination_taux_salinite_delai"
determination_titre_alcalimetrique_complet_norme,Selon quelle norme réalisez-vous l'essai « DÉTERMINATION DU TITRE ALCALIMÉTRIQUE COMPLET (TAC) » ?,norme détermination du titre alcalimétrique complet (tac) | référence normative de l'essai détermination du titre alcalimétrique complet (tac) | quelle norme utilisez-vous pour cet essai ? | détermination du titre alcalimétrique complet (tac) norme applicable,L'essai « DÉTERMINATION DU TITRE ALCALIMÉTRIQUE COMPLET (TAC) » est réalisé selon **Méthode d'analyse J-RODIER**.,Le laboratoire réalise l'essai « DÉTERMINATION DU TITRE ALCALIMÉTRIQUE COMPLET (TAC) » selon **Méthode d'analyse J-RODIER**.,Eau et environnement,"determination, titre, alcalimetrique, complet, eau, environnement",Moyenne,"determination_titre_alcalimetrique_complet_delai, determination_titre_alcalimetrique_complet_accreditation"
determination_titre_alcalimetrique_complet_delai,Quel est le délai de réalisation de l'essai « DÉTERMINATION DU TITRE ALCALIMÉTRIQUE COMPLET (TAC) » ?,délai de l'essai détermination du titre alcalimétrique complet (tac) | combien de temps prend l'essai détermination du titre alcalimétrique complet (tac) ? | quand aurai-je les résultats pour détermination du titre alcalimétrique complet (tac) | temps de traitement détermination du titre alcalimétrique complet (tac),Le délai de réalisation de l'essai « DÉTERMINATION DU TITRE ALCALIMÉTRIQUE COMPLET (TAC) » est de **5 jours**.,Le laboratoire réalise l'essai « DÉTERMINATION DU TITRE ALCALIMÉTRIQUE COMPLET (TAC) » dans un délai de **5 jours** à compter de la réception de l'échantillon.,Eau et environnement,"determination, titre, alcalimetrique, complet, eau, environnement",Moyenne,"determination_titre_alcalimetrique_complet_norme, determination_titre_alcalimetrique_complet_accreditation"
determination_titre_alcalimetrique_complet_accreditation,L'essai « DÉTERMINATION DU TITRE ALCALIMÉTRIQUE COMPLET (TAC) » est-il accrédité ?,accréditation de l'essai détermination du titre alcalimétrique complet (tac) | cet essai est-il couvert par l'accréditation ? | portée d'accréditation pour détermination du titre alcalimétrique complet (tac) | détermination du titre alcalimétrique complet (tac) accrédité,"Non, l'essai « DÉTERMINATION DU TITRE ALCALIMÉTRIQUE COMPLET (TAC) » n'est pas accrédité.",L'essai « DÉTERMINATION DU TITRE ALCALIMÉTRIQUE COMPLET (TAC) » est proposé par le laboratoire mais ne fait pas partie de sa portée d'accréditation actuelle.,Eau et environnement,"determination, titre, alcalimetrique, complet, eau, environnement",Moyenne,"determination_titre_alcalimetrique_complet_norme, determination_titre_alcalimetrique_complet_delai"
determination_matieres_suspension_norme,Selon quelle norme réalisez-vous l'essai « DÉTERMINATION DES MATIÈRES EN SUSPENSION (MES) » ?,norme détermination des matières en suspension (mes) | référence normative de l'essai détermination des matières en suspension (mes) | quelle norme utilisez-vous pour cet essai ? | détermination des matières en suspension (mes) norme applicable,L'essai « DÉTERMINATION DES MATIÈRES EN SUSPENSION (MES) » est réalisé selon **Méthode d'analyse J-RODIER**.,Le laboratoire réalise l'essai « DÉTERMINATION DES MATIÈRES EN SUSPENSION (MES) » selon **Méthode d'analyse J-RODIER**.,Eau et environnement,"determination, matieres, suspension, eau, environnement",Moyenne,"determination_matieres_suspension_delai, determination_matieres_suspension_accreditation"
determination_matieres_suspension_delai,Quel est le délai de réalisation de l'essai « DÉTERMINATION DES MATIÈRES EN SUSPENSION (MES) » ?,délai de l'essai détermination des matières en suspension (mes) | combien de temps prend l'essai détermination des matières en suspension (mes) ? | quand aurai-je les résultats pour détermination des matières en suspension (mes) | temps de traitement détermination des matières en suspension (mes),Le délai de réalisation de l'essai « DÉTERMINATION DES MATIÈRES EN SUSPENSION (MES) » est de **5 jours**.,Le laboratoire réalise l'essai « DÉTERMINATION DES MATIÈRES EN SUSPENSION (MES) » dans un délai de **5 jours** à compter de la réception de l'échantillon.,Eau et environnement,"determination, matieres, suspension, eau, environnement",Moyenne,"determination_matieres_suspension_norme, determination_matieres_suspension_accreditation"
determination_matieres_suspension_accreditation,L'essai « DÉTERMINATION DES MATIÈRES EN SUSPENSION (MES) » est-il accrédité ?,accréditation de l'essai détermination des matières en suspension (mes) | cet essai est-il couvert par l'accréditation ? | portée d'accréditation pour détermination des matières en suspension (mes) | détermination des matières en suspension (mes) accrédité,"Non, l'essai « DÉTERMINATION DES MATIÈRES EN SUSPENSION (MES) » n'est pas accrédité.",L'essai « DÉTERMINATION DES MATIÈRES EN SUSPENSION (MES) » est proposé par le laboratoire mais ne fait pas partie de sa portée d'accréditation actuelle.,Eau et environnement,"determination, matieres, suspension, eau, environnement",Moyenne,"determination_matieres_suspension_norme, determination_matieres_suspension_delai"
determination_matieres_decantables_norme,Selon quelle norme réalisez-vous l'essai « DÉTERMINATION DES MATIÈRES DÉCANTABLES (MD) » ?,norme détermination des matières décantables (md) | référence normative de l'essai détermination des matières décantables (md) | quelle norme utilisez-vous pour cet essai ? | détermination des matières décantables (md) norme applicable,L'essai « DÉTERMINATION DES MATIÈRES DÉCANTABLES (MD) » est réalisé selon **Méthode d'analyse J-RODIER**.,Le laboratoire réalise l'essai « DÉTERMINATION DES MATIÈRES DÉCANTABLES (MD) » selon **Méthode d'analyse J-RODIER**.,Eau et environnement,"determination, matieres, decantables, eau, environnement",Moyenne,"determination_matieres_decantables_delai, determination_matieres_decantables_accreditation"
determination_matieres_decantables_delai,Quel est le délai de réalisation de l'essai « DÉTERMINATION DES MATIÈRES DÉCANTABLES (MD) » ?,délai de l'essai détermination des matières décantables (md) | combien de temps prend l'essai détermination des matières décantables (md) ? | quand aurai-je les résultats pour détermination des matières décantables (md) | temps de traitement détermination des matières décantables (md),Le délai de réalisation de l'essai « DÉTERMINATION DES MATIÈRES DÉCANTABLES (MD) » est de **5 jours**.,Le laboratoire réalise l'essai « DÉTERMINATION DES MATIÈRES DÉCANTABLES (MD) » dans un délai de **5 jours** à compter de la réception de l'échantillon.,Eau et environnement,"determination, matieres, decantables, eau, environnement",Moyenne,"determination_matieres_decantables_norme, determination_matieres_decantables_accreditation"
determination_matieres_decantables_accreditation,L'essai « DÉTERMINATION DES MATIÈRES DÉCANTABLES (MD) » est-il accrédité ?,accréditation de l'essai détermination des matières décantables (md) | cet essai est-il couvert par l'accréditation ? | portée d'accréditation pour détermination des matières décantables (md) | détermination des matières décantables (md) accrédité,"Non, l'essai « DÉTERMINATION DES MATIÈRES DÉCANTABLES (MD) » n'est pas accrédité.",L'essai « DÉTERMINATION DES MATIÈRES DÉCANTABLES (MD) » est proposé par le laboratoire mais ne fait pas partie de sa portée d'accréditation actuelle.,Eau et environnement,"determination, matieres, decantables, eau, environnement",Moyenne,"determination_matieres_decantables_norme, determination_matieres_decantables_delai"
determination_sels_dissous_norme,Selon quelle norme réalisez-vous l'essai « DÉTERMINATION DES SELS DISSOUS (SD) » ?,norme détermination des sels dissous (sd) | référence normative de l'essai détermination des sels dissous (sd) | quelle norme utilisez-vous pour cet essai ? | détermination des sels dissous (sd) norme applicable,L'essai « DÉTERMINATION DES SELS DISSOUS (SD) » est réalisé selon **Méthode d'analyse J-RODIER**.,Le laboratoire réalise l'essai « DÉTERMINATION DES SELS DISSOUS (SD) » selon **Méthode d'analyse J-RODIER**.,Eau et environnement,"determination, sels, dissous, eau, environnement",Moyenne,"determination_sels_dissous_delai, determination_sels_dissous_accreditation"
determination_sels_dissous_delai,Quel est le délai de réalisation de l'essai « DÉTERMINATION DES SELS DISSOUS (SD) » ?,délai de l'essai détermination des sels dissous (sd) | combien de temps prend l'essai détermination des sels dissous (sd) ? | quand aurai-je les résultats pour détermination des sels dissous (sd) | temps de traitement détermination des sels dissous (sd),Le délai de réalisation de l'essai « DÉTERMINATION DES SELS DISSOUS (SD) » est de **5 jours**.,Le laboratoire réalise l'essai « DÉTERMINATION DES SELS DISSOUS (SD) » dans un délai de **5 jours** à compter de la réception de l'échantillon.,Eau et environnement,"determination, sels, dissous, eau, environnement",Moyenne,"determination_sels_dissous_norme, determination_sels_dissous_accreditation"
determination_sels_dissous_accreditation,L'essai « DÉTERMINATION DES SELS DISSOUS (SD) » est-il accrédité ?,accréditation de l'essai détermination des sels dissous (sd) | cet essai est-il couvert par l'accréditation ? | portée d'accréditation pour détermination des sels dissous (sd) | détermination des sels dissous (sd) accrédité,"Non, l'essai « DÉTERMINATION DES SELS DISSOUS (SD) » n'est pas accrédité.",L'essai « DÉTERMINATION DES SELS DISSOUS (SD) » est proposé par le laboratoire mais ne fait pas partie de sa portée d'accréditation actuelle.,Eau et environnement,"determination, sels, dissous, eau, environnement",Moyenne,"determination_sels_dissous_norme, determination_sels_dissous_delai"
determination_residus_secs_norme,Selon quelle norme réalisez-vous l'essai « DÉTERMINATION DES RÉSIDUS SECS (RS) » ?,norme détermination des résidus secs (rs) | référence normative de l'essai détermination des résidus secs (rs) | quelle norme utilisez-vous pour cet essai ? | détermination des résidus secs (rs) norme applicable,L'essai « DÉTERMINATION DES RÉSIDUS SECS (RS) » est réalisé selon **Méthode d'analyse J-RODIER**.,Le laboratoire réalise l'essai « DÉTERMINATION DES RÉSIDUS SECS (RS) » selon **Méthode d'analyse J-RODIER**.,Eau et environnement,"determination, residus, secs, eau, environnement",Moyenne,"determination_residus_secs_delai, determination_residus_secs_accreditation"
determination_residus_secs_delai,Quel est le délai de réalisation de l'essai « DÉTERMINATION DES RÉSIDUS SECS (RS) » ?,délai de l'essai détermination des résidus secs (rs) | combien de temps prend l'essai détermination des résidus secs (rs) ? | quand aurai-je les résultats pour détermination des résidus secs (rs) | temps de traitement détermination des résidus secs (rs),Le délai de réalisation de l'essai « DÉTERMINATION DES RÉSIDUS SECS (RS) » est de **5 jours**.,Le laboratoire réalise l'essai « DÉTERMINATION DES RÉSIDUS SECS (RS) » dans un délai de **5 jours** à compter de la réception de l'échantillon.,Eau et environnement,"determination, residus, secs, eau, environnement",Moyenne,"determination_residus_secs_norme, determination_residus_secs_accreditation"
determination_residus_secs_accreditation,L'essai « DÉTERMINATION DES RÉSIDUS SECS (RS) » est-il accrédité ?,accréditation de l'essai détermination des résidus secs (rs) | cet essai est-il couvert par l'accréditation ? | portée d'accréditation pour détermination des résidus secs (rs) | détermination des résidus secs (rs) accrédité,"Non, l'essai « DÉTERMINATION DES RÉSIDUS SECS (RS) » n'est pas accrédité.",L'essai « DÉTERMINATION DES RÉSIDUS SECS (RS) » est proposé par le laboratoire mais ne fait pas partie de sa portée d'accréditation actuelle.,Eau et environnement,"determination, residus, secs, eau, environnement",Moyenne,"determination_residus_secs_norme, determination_residus_secs_delai"
determination_durete_eau_norme,Selon quelle norme réalisez-vous l'essai « DETERMINATION DE LA DURETÉ DE L'EAU (TITRE HYDROTIMÉTRIQUE) (TH) » ?,norme determination de la dureté de l'eau (titre hydrotimétrique) (th) | référence normative de l'essai determination de la dureté de l'eau (titre hydrotimétrique) (th) | quelle norme utilisez-vous pour cet essai ? | determination de la dureté de l'eau (titre hydrotimétrique) (th) norme applicable,L'essai « DETERMINATION DE LA DURETÉ DE L'EAU (TITRE HYDROTIMÉTRIQUE) (TH) » est réalisé selon **Méthode d'analyse J-RODIER**.,Le laboratoire réalise l'essai « DETERMINATION DE LA DURETÉ DE L'EAU (TITRE HYDROTIMÉTRIQUE) (TH) » selon **Méthode d'analyse J-RODIER**.,Eau et environnement,"determination, durete, eau, environnement",Moyenne,"determination_durete_eau_delai, determination_durete_eau_accreditation"
determination_durete_eau_delai,Quel est le délai de réalisation de l'essai « DETERMINATION DE LA DURETÉ DE L'EAU (TITRE HYDROTIMÉTRIQUE) (TH) » ?,délai de l'essai determination de la dureté de l'eau (titre hydrotimétrique) (th) | combien de temps prend l'essai determination de la dureté de l'eau (titre hydrotimétrique) (th) ? | quand aurai-je les résultats pour determination de la dureté de l'eau (titre hydrotimétrique) (th) | temps de traitement determination de la dureté de l'eau (titre hydrotimétrique) (th),Le délai de réalisation de l'essai « DETERMINATION DE LA DURETÉ DE L'EAU (TITRE HYDROTIMÉTRIQUE) (TH) » est de **5 jours**.,Le laboratoire réalise l'essai « DETERMINATION DE LA DURETÉ DE L'EAU (TITRE HYDROTIMÉTRIQUE) (TH) » dans un délai de **5 jours** à compter de la réception de l'échantillon.,Eau et environnement,"determination, durete, eau, environnement",Moyenne,"determination_durete_eau_norme, determination_durete_eau_accreditation"
determination_durete_eau_accreditation,L'essai « DETERMINATION DE LA DURETÉ DE L'EAU (TITRE HYDROTIMÉTRIQUE) (TH) » est-il accrédité ?,accréditation de l'essai determination de la dureté de l'eau (titre hydrotimétrique) (th) | cet essai est-il couvert par l'accréditation ? | portée d'accréditation pour determination de la dureté de l'eau (titre hydrotimétrique) (th) | determination de la dureté de l'eau (titre hydrotimétrique) (th) accrédité,"Non, l'essai « DETERMINATION DE LA DURETÉ DE L'EAU (TITRE HYDROTIMÉTRIQUE) (TH) » n'est pas accrédité.",L'essai « DETERMINATION DE LA DURETÉ DE L'EAU (TITRE HYDROTIMÉTRIQUE) (TH) » est proposé par le laboratoire mais ne fait pas partie de sa portée d'accréditation actuelle.,Eau et environnement,"determination, durete, eau, environnement",Moyenne,"determination_durete_eau_norme, determination_durete_eau_delai"
dosage_carbone_organique_total_norme,Selon quelle norme réalisez-vous l'essai « DOSAGE DU CARBONE ORGANIQUE TOTAL (COT) » ?,norme dosage du carbone organique total (cot) | référence normative de l'essai dosage du carbone organique total (cot) | quelle norme utilisez-vous pour cet essai ? | dosage du carbone organique total (cot) norme applicable,L'essai « DOSAGE DU CARBONE ORGANIQUE TOTAL (COT) » est réalisé selon **SPECTRO-DR 3900**.,Le laboratoire réalise l'essai « DOSAGE DU CARBONE ORGANIQUE TOTAL (COT) » selon **SPECTRO-DR 3900**.,Eau et environnement,"dosage, carbone, organique, total, eau, environnement",Moyenne,"dosage_carbone_organique_total_delai, dosage_carbone_organique_total_accreditation"
dosage_carbone_organique_total_delai,Quel est le délai de réalisation de l'essai « DOSAGE DU CARBONE ORGANIQUE TOTAL (COT) » ?,délai de l'essai dosage du carbone organique total (cot) | combien de temps prend l'essai dosage du carbone organique total (cot) ? | quand aurai-je les résultats pour dosage du carbone organique total (cot) | temps de traitement dosage du carbone organique total (cot),Le délai de réalisation de l'essai « DOSAGE DU CARBONE ORGANIQUE TOTAL (COT) » est de **5 jours**.,Le laboratoire réalise l'essai « DOSAGE DU CARBONE ORGANIQUE TOTAL (COT) » dans un délai de **5 jours** à compter de la réception de l'échantillon.,Eau et environnement,"dosage, carbone, organique, total, eau, environnement",Moyenne,"dosage_carbone_organique_total_norme, dosage_carbone_organique_total_accreditation"
dosage_carbone_organique_total_accreditation,L'essai « DOSAGE DU CARBONE ORGANIQUE TOTAL (COT) » est-il accrédité ?,accréditation de l'essai dosage du carbone organique total (cot) | cet essai est-il couvert par l'accréditation ? | portée d'accréditation pour dosage du carbone organique total (cot) | dosage du carbone organique total (cot) accrédité,"Non, l'essai « DOSAGE DU CARBONE ORGANIQUE TOTAL (COT) » n'est pas accrédité.",L'essai « DOSAGE DU CARBONE ORGANIQUE TOTAL (COT) » est proposé par le laboratoire mais ne fait pas partie de sa portée d'accréditation actuelle.,Eau et environnement,"dosage, carbone, organique, total, eau, environnement",Moyenne,"dosage_carbone_organique_total_norme, dosage_carbone_organique_total_delai"
dosage_carbone_organique_dissous_norme,Selon quelle norme réalisez-vous l'essai « DOSAGE DU CARBONE ORGANIQUE DISSOUS (COD) » ?,norme dosage du carbone organique dissous (cod) | référence normative de l'essai dosage du carbone organique dissous (cod) | quelle norme utilisez-vous pour cet essai ? | dosage du carbone organique dissous (cod) norme applicable,L'essai « DOSAGE DU CARBONE ORGANIQUE DISSOUS (COD) » est réalisé selon **Méthode d'analyse J-RODIER**.,Le laboratoire réalise l'essai « DOSAGE DU CARBONE ORGANIQUE DISSOUS (COD) » selon **Méthode d'analyse J-RODIER**.,Eau et environnement,"dosage, carbone, organique, dissous, eau, environnement",Moyenne,"dosage_carbone_organique_dissous_delai, dosage_carbone_organique_dissous_accreditation"
dosage_carbone_organique_dissous_delai,Quel est le délai de réalisation de l'essai « DOSAGE DU CARBONE ORGANIQUE DISSOUS (COD) » ?,délai de l'essai dosage du carbone organique dissous (cod) | combien de temps prend l'essai dosage du carbone organique dissous (cod) ? | quand aurai-je les résultats pour dosage du carbone organique dissous (cod) | temps de traitement dosage du carbone organique dissous (cod),Le délai de réalisation de l'essai « DOSAGE DU CARBONE ORGANIQUE DISSOUS (COD) » est de **5 jours**.,Le laboratoire réalise l'essai « DOSAGE DU CARBONE ORGANIQUE DISSOUS (COD) » dans un délai de **5 jours** à compter de la réception de l'échantillon.,Eau et environnement,"dosage, carbone, organique, dissous, eau, environnement",Moyenne,"dosage_carbone_organique_dissous_norme, dosage_carbone_organique_dissous_accreditation"
dosage_carbone_organique_dissous_accreditation,L'essai « DOSAGE DU CARBONE ORGANIQUE DISSOUS (COD) » est-il accrédité ?,accréditation de l'essai dosage du carbone organique dissous (cod) | cet essai est-il couvert par l'accréditation ? | portée d'accréditation pour dosage du carbone organique dissous (cod) | dosage du carbone organique dissous (cod) accrédité,"Non, l'essai « DOSAGE DU CARBONE ORGANIQUE DISSOUS (COD) » n'est pas accrédité.",L'essai « DOSAGE DU CARBONE ORGANIQUE DISSOUS (COD) » est proposé par le laboratoire mais ne fait pas partie de sa portée d'accréditation actuelle.,Eau et environnement,"dosage, carbone, organique, dissous, eau, environnement",Moyenne,"dosage_carbone_organique_dissous_norme, dosage_carbone_organique_dissous_delai"
dosage_carbone_total_dissous_norme,Selon quelle norme réalisez-vous l'essai « DOSAGE DU CARBONE TOTAL DISSOUS (CO2) » ?,norme dosage du carbone total dissous (co2) | référence normative de l'essai dosage du carbone total dissous (co2) | quelle norme utilisez-vous pour cet essai ? | dosage du carbone total dissous (co2) norme applicable,L'essai « DOSAGE DU CARBONE TOTAL DISSOUS (CO2) » est réalisé selon **SPECTRO-DR 3900**.,Le laboratoire réalise l'essai « DOSAGE DU CARBONE TOTAL DISSOUS (CO2) » selon **SPECTRO-DR 3900**.,Eau et environnement,"dosage, carbone, total, dissous, eau, environnement",Moyenne,"dosage_carbone_total_dissous_delai, dosage_carbone_total_dissous_accreditation"
dosage_carbone_total_dissous_delai,Quel est le délai de réalisation de l'essai « DOSAGE DU CARBONE TOTAL DISSOUS (CO2) » ?,délai de l'essai dosage du carbone total dissous (co2) | combien de temps prend l'essai dosage du carbone total dissous (co2) ? | quand aurai-je les résultats pour dosage du carbone total dissous (co2) | temps de traitement dosage du carbone total dissous (co2),Le délai de réalisation de l'essai « DOSAGE DU CARBONE TOTAL DISSOUS (CO2) » est de **5 jours**.,Le laboratoire réalise l'essai « DOSAGE DU CARBONE TOTAL DISSOUS (CO2) » dans un délai de **5 jours** à compter de la réception de l'échantillon.,Eau et environnement,"dosage, carbone, total, dissous, eau, environnement",Moyenne,"dosage_carbone_total_dissous_norme, dosage_carbone_total_dissous_accreditation"
dosage_carbone_total_dissous_accreditation,L'essai « DOSAGE DU CARBONE TOTAL DISSOUS (CO2) » est-il accrédité ?,accréditation de l'essai dosage du carbone total dissous (co2) | cet essai est-il couvert par l'accréditation ? | portée d'accréditation pour dosage du carbone total dissous (co2) | dosage du carbone total dissous (co2) accrédité,"Non, l'essai « DOSAGE DU CARBONE TOTAL DISSOUS (CO2) » n'est pas accrédité.",L'essai « DOSAGE DU CARBONE TOTAL DISSOUS (CO2) » est proposé par le laboratoire mais ne fait pas partie de sa portée d'accréditation actuelle.,Eau et environnement,"dosage, carbone, total, dissous, eau, environnement",Moyenne,"dosage_carbone_total_dissous_norme, dosage_carbone_total_dissous_delai"
dosage_silicium_norme,Selon quelle norme réalisez-vous l'essai « DOSAGE DU SILICIUM (Si4+) » ?,norme dosage du silicium (si4+) | référence normative de l'essai dosage du silicium (si4+) | quelle norme utilisez-vous pour cet essai ? | dosage du silicium (si4+) norme applicable,Cet essai est réalisé selon notre mode opératoire interne.,Le laboratoire réalise l'essai « DOSAGE DU SILICIUM (Si4+) » selon son mode opératoire interne. Rapprochez-vous de nous pour plus de détails sur la méthode appliquée.,Eau et environnement,"dosage, silicium, eau, environnement",Basse,"dosage_silicium_delai, dosage_silicium_accreditation"
dosage_silicium_delai,Quel est le délai de réalisation de l'essai « DOSAGE DU SILICIUM (Si4+) » ?,délai de l'essai dosage du silicium (si4+) | combien de temps prend l'essai dosage du silicium (si4+) ? | quand aurai-je les résultats pour dosage du silicium (si4+) | temps de traitement dosage du silicium (si4+),Le délai de réalisation de l'essai « DOSAGE DU SILICIUM (Si4+) » est de **10 jours**.,Le laboratoire réalise l'essai « DOSAGE DU SILICIUM (Si4+) » dans un délai de **10 jours** à compter de la réception de l'échantillon.,Eau et environnement,"dosage, silicium, eau, environnement",Basse,"dosage_silicium_norme, dosage_silicium_accreditation"
dosage_silicium_accreditation,L'essai « DOSAGE DU SILICIUM (Si4+) » est-il accrédité ?,accréditation de l'essai dosage du silicium (si4+) | cet essai est-il couvert par l'accréditation ? | portée d'accréditation pour dosage du silicium (si4+) | dosage du silicium (si4+) accrédité,"Non, l'essai « DOSAGE DU SILICIUM (Si4+) » n'est pas accrédité.",L'essai « DOSAGE DU SILICIUM (Si4+) » est proposé par le laboratoire mais ne fait pas partie de sa portée d'accréditation actuelle.,Eau et environnement,"dosage, silicium, eau, environnement",Basse,"dosage_silicium_norme, dosage_silicium_delai"
dosage_alumine_norme,Selon quelle norme réalisez-vous l'essai « DOSAGE DE L'ALUMINE (Al3+) » ?,norme dosage de l'alumine (al3+) | référence normative de l'essai dosage de l'alumine (al3+) | quelle norme utilisez-vous pour cet essai ? | dosage de l'alumine (al3+) norme applicable,Cet essai est réalisé selon notre mode opératoire interne.,Le laboratoire réalise l'essai « DOSAGE DE L'ALUMINE (Al3+) » selon son mode opératoire interne. Rapprochez-vous de nous pour plus de détails sur la méthode appliquée.,Eau et environnement,"dosage, alumine, eau, environnement",Basse,"dosage_alumine_delai, dosage_alumine_accreditation"
dosage_alumine_delai,Quel est le délai de réalisation de l'essai « DOSAGE DE L'ALUMINE (Al3+) » ?,délai de l'essai dosage de l'alumine (al3+) | combien de temps prend l'essai dosage de l'alumine (al3+) ? | quand aurai-je les résultats pour dosage de l'alumine (al3+) | temps de traitement dosage de l'alumine (al3+),Le délai de réalisation de l'essai « DOSAGE DE L'ALUMINE (Al3+) » est de **10 jours**.,Le laboratoire réalise l'essai « DOSAGE DE L'ALUMINE (Al3+) » dans un délai de **10 jours** à compter de la réception de l'échantillon.,Eau et environnement,"dosage, alumine, eau, environnement",Basse,"dosage_alumine_norme, dosage_alumine_accreditation"
dosage_alumine_accreditation,L'essai « DOSAGE DE L'ALUMINE (Al3+) » est-il accrédité ?,accréditation de l'essai dosage de l'alumine (al3+) | cet essai est-il couvert par l'accréditation ? | portée d'accréditation pour dosage de l'alumine (al3+) | dosage de l'alumine (al3+) accrédité,"Non, l'essai « DOSAGE DE L'ALUMINE (Al3+) » n'est pas accrédité.",L'essai « DOSAGE DE L'ALUMINE (Al3+) » est proposé par le laboratoire mais ne fait pas partie de sa portée d'accréditation actuelle.,Eau et environnement,"dosage, alumine, eau, environnement",Basse,"dosage_alumine_norme, dosage_alumine_delai"
dosage_calcium_norme,Selon quelle norme réalisez-vous l'essai « DOSAGE DU CALCIUM (Ca2+) » ?,norme dosage du calcium (ca2+) | référence normative de l'essai dosage du calcium (ca2+) | quelle norme utilisez-vous pour cet essai ? | dosage du calcium (ca2+) norme applicable,L'essai « DOSAGE DU CALCIUM (Ca2+) » est réalisé selon **Méthode d'analyse SAAF-NF EN ISO 7980**.,Le laboratoire réalise l'essai « DOSAGE DU CALCIUM (Ca2+) » selon **Méthode d'analyse SAAF-NF EN ISO 7980**.,Eau et environnement,"dosage, calcium, eau, environnement",Moyenne,"dosage_calcium_delai, dosage_calcium_accreditation"
dosage_calcium_delai,Quel est le délai de réalisation de l'essai « DOSAGE DU CALCIUM (Ca2+) » ?,délai de l'essai dosage du calcium (ca2+) | combien de temps prend l'essai dosage du calcium (ca2+) ? | quand aurai-je les résultats pour dosage du calcium (ca2+) | temps de traitement dosage du calcium (ca2+),Le délai de réalisation de l'essai « DOSAGE DU CALCIUM (Ca2+) » est de **10 jours**.,Le laboratoire réalise l'essai « DOSAGE DU CALCIUM (Ca2+) » dans un délai de **10 jours** à compter de la réception de l'échantillon.,Eau et environnement,"dosage, calcium, eau, environnement",Moyenne,"dosage_calcium_norme, dosage_calcium_accreditation"
dosage_calcium_accreditation,L'essai « DOSAGE DU CALCIUM (Ca2+) » est-il accrédité ?,accréditation de l'essai dosage du calcium (ca2+) | cet essai est-il couvert par l'accréditation ? | portée d'accréditation pour dosage du calcium (ca2+) | dosage du calcium (ca2+) accrédité,"Non, l'essai « DOSAGE DU CALCIUM (Ca2+) » n'est pas accrédité.",L'essai « DOSAGE DU CALCIUM (Ca2+) » est proposé par le laboratoire mais ne fait pas partie de sa portée d'accréditation actuelle.,Eau et environnement,"dosage, calcium, eau, environnement",Moyenne,"dosage_calcium_norme, dosage_calcium_delai"
dosage_potassium_norme,Selon quelle norme réalisez-vous l'essai « DOSAGE DU POTASSIUM (K+) » ?,norme dosage du potassium (k+) | référence normative de l'essai dosage du potassium (k+) | quelle norme utilisez-vous pour cet essai ? | dosage du potassium (k+) norme applicable,L'essai « DOSAGE DU POTASSIUM (K+) » est réalisé selon **Méthode d'analyse SAAF-NF T90-020**.,Le laboratoire réalise l'essai « DOSAGE DU POTASSIUM (K+) » selon **Méthode d'analyse SAAF-NF T90-020**.,Eau et environnement,"dosage, potassium, eau, environnement",Moyenne,"dosage_potassium_delai, dosage_potassium_accreditation"
dosage_potassium_delai,Quel est le délai de réalisation de l'essai « DOSAGE DU POTASSIUM (K+) » ?,délai de l'essai dosage du potassium (k+) | combien de temps prend l'essai dosage du potassium (k+) ? | quand aurai-je les résultats pour dosage du potassium (k+) | temps de traitement dosage du potassium (k+),Le délai de réalisation de l'essai « DOSAGE DU POTASSIUM (K+) » est de **10 jours**.,Le laboratoire réalise l'essai « DOSAGE DU POTASSIUM (K+) » dans un délai de **10 jours** à compter de la réception de l'échantillon.,Eau et environnement,"dosage, potassium, eau, environnement",Moyenne,"dosage_potassium_norme, dosage_potassium_accreditation"
dosage_potassium_accreditation,L'essai « DOSAGE DU POTASSIUM (K+) » est-il accrédité ?,accréditation de l'essai dosage du potassium (k+) | cet essai est-il couvert par l'accréditation ? | portée d'accréditation pour dosage du potassium (k+) | dosage du potassium (k+) accrédité,"Non, l'essai « DOSAGE DU POTASSIUM (K+) » n'est pas accrédité.",L'essai « DOSAGE DU POTASSIUM (K+) » est proposé par le laboratoire mais ne fait pas partie de sa portée d'accréditation actuelle.,Eau et environnement,"dosage, potassium, eau, environnement",Moyenne,"dosage_potassium_norme, dosage_potassium_delai"
dosage_sodium_norme,Selon quelle norme réalisez-vous l'essai « DOSAGE DU SODIUM (Na+) » ?,norme dosage du sodium (na+) | référence normative de l'essai dosage du sodium (na+) | quelle norme utilisez-vous pour cet essai ? | dosage du sodium (na+) norme applicable,L'essai « DOSAGE DU SODIUM (Na+) » est réalisé selon **Méthode d'analyse SAAF-NF T90-020**.,Le laboratoire réalise l'essai « DOSAGE DU SODIUM (Na+) » selon **Méthode d'analyse SAAF-NF T90-020**.,Eau et environnement,"dosage, sodium, eau, environnement",Moyenne,"dosage_sodium_delai, dosage_sodium_accreditation"
dosage_sodium_delai,Quel est le délai de réalisation de l'essai « DOSAGE DU SODIUM (Na+) » ?,délai de l'essai dosage du sodium (na+) | combien de temps prend l'essai dosage du sodium (na+) ? | quand aurai-je les résultats pour dosage du sodium (na+) | temps de traitement dosage du sodium (na+),Le délai de réalisation de l'essai « DOSAGE DU SODIUM (Na+) » est de **10 jours**.,Le laboratoire réalise l'essai « DOSAGE DU SODIUM (Na+) » dans un délai de **10 jours** à compter de la réception de l'échantillon.,Eau et environnement,"dosage, sodium, eau, environnement",Moyenne,"dosage_sodium_norme, dosage_sodium_accreditation"
dosage_sodium_accreditation,L'essai « DOSAGE DU SODIUM (Na+) » est-il accrédité ?,accréditation de l'essai dosage du sodium (na+) | cet essai est-il couvert par l'accréditation ? | portée d'accréditation pour dosage du sodium (na+) | dosage du sodium (na+) accrédité,"Non, l'essai « DOSAGE DU SODIUM (Na+) » n'est pas accrédité.",L'essai « DOSAGE DU SODIUM (Na+) » est proposé par le laboratoire mais ne fait pas partie de sa portée d'accréditation actuelle.,Eau et environnement,"dosage, sodium, eau, environnement",Moyenne,"dosage_sodium_norme, dosage_sodium_delai"
dosage_magnesium_norme,Selon quelle norme réalisez-vous l'essai « DOSAGE DU MAGNÉSIUM (Mg2+) » ?,norme dosage du magnésium (mg2+) | référence normative de l'essai dosage du magnésium (mg2+) | quelle norme utilisez-vous pour cet essai ? | dosage du magnésium (mg2+) norme applicable,L'essai « DOSAGE DU MAGNÉSIUM (Mg2+) » est réalisé selon **Méthode d'analyse SAAF-NF EN ISO 7980**.,Le laboratoire réalise l'essai « DOSAGE DU MAGNÉSIUM (Mg2+) » selon **Méthode d'analyse SAAF-NF EN ISO 7980**.,Eau et environnement,"dosage, magnesium, eau, environnement",Moyenne,"dosage_magnesium_delai, dosage_magnesium_accreditation"
dosage_magnesium_delai,Quel est le délai de réalisation de l'essai « DOSAGE DU MAGNÉSIUM (Mg2+) » ?,délai de l'essai dosage du magnésium (mg2+) | combien de temps prend l'essai dosage du magnésium (mg2+) ? | quand aurai-je les résultats pour dosage du magnésium (mg2+) | temps de traitement dosage du magnésium (mg2+),Le délai de réalisation de l'essai « DOSAGE DU MAGNÉSIUM (Mg2+) » est de **10 jours**.,Le laboratoire réalise l'essai « DOSAGE DU MAGNÉSIUM (Mg2+) » dans un délai de **10 jours** à compter de la réception de l'échantillon.,Eau et environnement,"dosage, magnesium, eau, environnement",Moyenne,"dosage_magnesium_norme, dosage_magnesium_accreditation"
dosage_magnesium_accreditation,L'essai « DOSAGE DU MAGNÉSIUM (Mg2+) » est-il accrédité ?,accréditation de l'essai dosage du magnésium (mg2+) | cet essai est-il couvert par l'accréditation ? | portée d'accréditation pour dosage du magnésium (mg2+) | dosage du magnésium (mg2+) accrédité,"Non, l'essai « DOSAGE DU MAGNÉSIUM (Mg2+) » n'est pas accrédité.",L'essai « DOSAGE DU MAGNÉSIUM (Mg2+) » est proposé par le laboratoire mais ne fait pas partie de sa portée d'accréditation actuelle.,Eau et environnement,"dosage, magnesium, eau, environnement",Moyenne,"dosage_magnesium_norme, dosage_magnesium_delai"
dosage_fer_norme,Selon quelle norme réalisez-vous l'essai « DOSAGE DU FER (Fe3+) » ?,norme dosage du fer (fe3+) | référence normative de l'essai dosage du fer (fe3+) | quelle norme utilisez-vous pour cet essai ? | dosage du fer (fe3+) norme applicable,L'essai « DOSAGE DU FER (Fe3+) » est réalisé selon **Méthode d'analyse SAAF-FD T 90-112**.,Le laboratoire réalise l'essai « DOSAGE DU FER (Fe3+) » selon **Méthode d'analyse SAAF-FD T 90-112**.,Eau et environnement,"dosage, fer, eau, environnement",Moyenne,"dosage_fer_delai, dosage_fer_accreditation"
dosage_fer_delai,Quel est le délai de réalisation de l'essai « DOSAGE DU FER (Fe3+) » ?,délai de l'essai dosage du fer (fe3+) | combien de temps prend l'essai dosage du fer (fe3+) ? | quand aurai-je les résultats pour dosage du fer (fe3+) | temps de traitement dosage du fer (fe3+),Le délai de réalisation de l'essai « DOSAGE DU FER (Fe3+) » est de **10 jours**.,Le laboratoire réalise l'essai « DOSAGE DU FER (Fe3+) » dans un délai de **10 jours** à compter de la réception de l'échantillon.,Eau et environnement,"dosage, fer, eau, environnement",Moyenne,"dosage_fer_norme, dosage_fer_accreditation"
dosage_fer_accreditation,L'essai « DOSAGE DU FER (Fe3+) » est-il accrédité ?,accréditation de l'essai dosage du fer (fe3+) | cet essai est-il couvert par l'accréditation ? | portée d'accréditation pour dosage du fer (fe3+) | dosage du fer (fe3+) accrédité,"Non, l'essai « DOSAGE DU FER (Fe3+) » n'est pas accrédité.",L'essai « DOSAGE DU FER (Fe3+) » est proposé par le laboratoire mais ne fait pas partie de sa portée d'accréditation actuelle.,Eau et environnement,"dosage, fer, eau, environnement",Moyenne,"dosage_fer_norme, dosage_fer_delai"
dosage_manganese_norme,Selon quelle norme réalisez-vous l'essai « DOSAGE DU MANGANÈSE (Mn2+) » ?,norme dosage du manganèse (mn2+) | référence normative de l'essai dosage du manganèse (mn2+) | quelle norme utilisez-vous pour cet essai ? | dosage du manganèse (mn2+) norme applicable,L'essai « DOSAGE DU MANGANÈSE (Mn2+) » est réalisé selon **Méthode d'analyse SAAF-FD T 90-112**.,Le laboratoire réalise l'essai « DOSAGE DU MANGANÈSE (Mn2+) » selon **Méthode d'analyse SAAF-FD T 90-112**.,Eau et environnement,"dosage, manganese, eau, environnement",Moyenne,"dosage_manganese_delai, dosage_manganese_accreditation"
dosage_manganese_delai,Quel est le délai de réalisation de l'essai « DOSAGE DU MANGANÈSE (Mn2+) » ?,délai de l'essai dosage du manganèse (mn2+) | combien de temps prend l'essai dosage du manganèse (mn2+) ? | quand aurai-je les résultats pour dosage du manganèse (mn2+) | temps de traitement dosage du manganèse (mn2+),Le délai de réalisation de l'essai « DOSAGE DU MANGANÈSE (Mn2+) » est de **10 jours**.,Le laboratoire réalise l'essai « DOSAGE DU MANGANÈSE (Mn2+) » dans un délai de **10 jours** à compter de la réception de l'échantillon.,Eau et environnement,"dosage, manganese, eau, environnement",Moyenne,"dosage_manganese_norme, dosage_manganese_accreditation"
dosage_manganese_accreditation,L'essai « DOSAGE DU MANGANÈSE (Mn2+) » est-il accrédité ?,accréditation de l'essai dosage du manganèse (mn2+) | cet essai est-il couvert par l'accréditation ? | portée d'accréditation pour dosage du manganèse (mn2+) | dosage du manganèse (mn2+) accrédité,"Non, l'essai « DOSAGE DU MANGANÈSE (Mn2+) » n'est pas accrédité.",L'essai « DOSAGE DU MANGANÈSE (Mn2+) » est proposé par le laboratoire mais ne fait pas partie de sa portée d'accréditation actuelle.,Eau et environnement,"dosage, manganese, eau, environnement",Moyenne,"dosage_manganese_norme, dosage_manganese_delai"
dosage_zinc_norme,Selon quelle norme réalisez-vous l'essai « DOSAGE DU ZINC (Zn2+) » ?,norme dosage du zinc (zn2+) | référence normative de l'essai dosage du zinc (zn2+) | quelle norme utilisez-vous pour cet essai ? | dosage du zinc (zn2+) norme applicable,L'essai « DOSAGE DU ZINC (Zn2+) » est réalisé selon **FD T 90-112- SAAF/DR 3900**.,Le laboratoire réalise l'essai « DOSAGE DU ZINC (Zn2+) » selon **FD T 90-112- SAAF/DR 3900**.,Eau et environnement,"dosage, zinc, eau, environnement",Moyenne,"dosage_zinc_delai, dosage_zinc_accreditation"
dosage_zinc_delai,Quel est le délai de réalisation de l'essai « DOSAGE DU ZINC (Zn2+) » ?,délai de l'essai dosage du zinc (zn2+) | combien de temps prend l'essai dosage du zinc (zn2+) ? | quand aurai-je les résultats pour dosage du zinc (zn2+) | temps de traitement dosage du zinc (zn2+),Le délai de réalisation de l'essai « DOSAGE DU ZINC (Zn2+) » est de **10 jours**.,Le laboratoire réalise l'essai « DOSAGE DU ZINC (Zn2+) » dans un délai de **10 jours** à compter de la réception de l'échantillon.,Eau et environnement,"dosage, zinc, eau, environnement",Moyenne,"dosage_zinc_norme, dosage_zinc_accreditation"
dosage_zinc_accreditation,L'essai « DOSAGE DU ZINC (Zn2+) » est-il accrédité ?,accréditation de l'essai dosage du zinc (zn2+) | cet essai est-il couvert par l'accréditation ? | portée d'accréditation pour dosage du zinc (zn2+) | dosage du zinc (zn2+) accrédité,"Non, l'essai « DOSAGE DU ZINC (Zn2+) » n'est pas accrédité.",L'essai « DOSAGE DU ZINC (Zn2+) » est proposé par le laboratoire mais ne fait pas partie de sa portée d'accréditation actuelle.,Eau et environnement,"dosage, zinc, eau, environnement",Moyenne,"dosage_zinc_norme, dosage_zinc_delai"
dosage_plomb_norme,Selon quelle norme réalisez-vous l'essai « DOSAGE DU PLOMB (Pb2+) » ?,norme dosage du plomb (pb2+) | référence normative de l'essai dosage du plomb (pb2+) | quelle norme utilisez-vous pour cet essai ? | dosage du plomb (pb2+) norme applicable,L'essai « DOSAGE DU PLOMB (Pb2+) » est réalisé selon **FD T 90-112- SAAF/DR 3900**.,Le laboratoire réalise l'essai « DOSAGE DU PLOMB (Pb2+) » selon **FD T 90-112- SAAF/DR 3900**.,Eau et environnement,"dosage, plomb, eau, environnement",Moyenne,"dosage_plomb_delai, dosage_plomb_accreditation"
dosage_plomb_delai,Quel est le délai de réalisation de l'essai « DOSAGE DU PLOMB (Pb2+) » ?,délai de l'essai dosage du plomb (pb2+) | combien de temps prend l'essai dosage du plomb (pb2+) ? | quand aurai-je les résultats pour dosage du plomb (pb2+) | temps de traitement dosage du plomb (pb2+),Le délai de réalisation de l'essai « DOSAGE DU PLOMB (Pb2+) » est de **10 jours**.,Le laboratoire réalise l'essai « DOSAGE DU PLOMB (Pb2+) » dans un délai de **10 jours** à compter de la réception de l'échantillon.,Eau et environnement,"dosage, plomb, eau, environnement",Moyenne,"dosage_plomb_norme, dosage_plomb_accreditation"
dosage_plomb_accreditation,L'essai « DOSAGE DU PLOMB (Pb2+) » est-il accrédité ?,accréditation de l'essai dosage du plomb (pb2+) | cet essai est-il couvert par l'accréditation ? | portée d'accréditation pour dosage du plomb (pb2+) | dosage du plomb (pb2+) accrédité,"Non, l'essai « DOSAGE DU PLOMB (Pb2+) » n'est pas accrédité.",L'essai « DOSAGE DU PLOMB (Pb2+) » est proposé par le laboratoire mais ne fait pas partie de sa portée d'accréditation actuelle.,Eau et environnement,"dosage, plomb, eau, environnement",Moyenne,"dosage_plomb_norme, dosage_plomb_delai"
dosage_chrome_norme,Selon quelle norme réalisez-vous l'essai « DOSAGE DU CHROME (Cr6+) » ?,norme dosage du chrome (cr6+) | référence normative de l'essai dosage du chrome (cr6+) | quelle norme utilisez-vous pour cet essai ? | dosage du chrome (cr6+) norme applicable,L'essai « DOSAGE DU CHROME (Cr6+) » est réalisé selon **Méthode d'analyse DR 3900**.,Le laboratoire réalise l'essai « DOSAGE DU CHROME (Cr6+) » selon **Méthode d'analyse DR 3900**.,Eau et environnement,"dosage, chrome, eau, environnement",Moyenne,"dosage_chrome_delai, dosage_chrome_accreditation"
dosage_chrome_delai,Quel est le délai de réalisation de l'essai « DOSAGE DU CHROME (Cr6+) » ?,délai de l'essai dosage du chrome (cr6+) | combien de temps prend l'essai dosage du chrome (cr6+) ? | quand aurai-je les résultats pour dosage du chrome (cr6+) | temps de traitement dosage du chrome (cr6+),Le délai de réalisation de l'essai « DOSAGE DU CHROME (Cr6+) » est de **10 jours**.,Le laboratoire réalise l'essai « DOSAGE DU CHROME (Cr6+) » dans un délai de **10 jours** à compter de la réception de l'échantillon.,Eau et environnement,"dosage, chrome, eau, environnement",Moyenne,"dosage_chrome_norme, dosage_chrome_accreditation"
dosage_chrome_accreditation,L'essai « DOSAGE DU CHROME (Cr6+) » est-il accrédité ?,accréditation de l'essai dosage du chrome (cr6+) | cet essai est-il couvert par l'accréditation ? | portée d'accréditation pour dosage du chrome (cr6+) | dosage du chrome (cr6+) accrédité,"Non, l'essai « DOSAGE DU CHROME (Cr6+) » n'est pas accrédité.",L'essai « DOSAGE DU CHROME (Cr6+) » est proposé par le laboratoire mais ne fait pas partie de sa portée d'accréditation actuelle.,Eau et environnement,"dosage, chrome, eau, environnement",Moyenne,"dosage_chrome_norme, dosage_chrome_delai"
dosage_cadmium_norme,Selon quelle norme réalisez-vous l'essai « DOSAGE DU CADMIUM (Cd2+) » ?,norme dosage du cadmium (cd2+) | référence normative de l'essai dosage du cadmium (cd2+) | quelle norme utilisez-vous pour cet essai ? | dosage du cadmium (cd2+) norme applicable,L'essai « DOSAGE DU CADMIUM (Cd2+) » est réalisé selon **NF EN ISO 5961 SAAF/DR 3900**.,Le laboratoire réalise l'essai « DOSAGE DU CADMIUM (Cd2+) » selon **NF EN ISO 5961 SAAF/DR 3900**.,Eau et environnement,"dosage, cadmium, eau, environnement",Moyenne,"dosage_cadmium_delai, dosage_cadmium_accreditation"
dosage_cadmium_delai,Quel est le délai de réalisation de l'essai « DOSAGE DU CADMIUM (Cd2+) » ?,délai de l'essai dosage du cadmium (cd2+) | combien de temps prend l'essai dosage du cadmium (cd2+) ? | quand aurai-je les résultats pour dosage du cadmium (cd2+) | temps de traitement dosage du cadmium (cd2+),Le délai de réalisation de l'essai « DOSAGE DU CADMIUM (Cd2+) » est de **10 jours**.,Le laboratoire réalise l'essai « DOSAGE DU CADMIUM (Cd2+) » dans un délai de **10 jours** à compter de la réception de l'échantillon.,Eau et environnement,"dosage, cadmium, eau, environnement",Moyenne,"dosage_cadmium_norme, dosage_cadmium_accreditation"
dosage_cadmium_accreditation,L'essai « DOSAGE DU CADMIUM (Cd2+) » est-il accrédité ?,accréditation de l'essai dosage du cadmium (cd2+) | cet essai est-il couvert par l'accréditation ? | portée d'accréditation pour dosage du cadmium (cd2+) | dosage du cadmium (cd2+) accrédité,"Non, l'essai « DOSAGE DU CADMIUM (Cd2+) » n'est pas accrédité.",L'essai « DOSAGE DU CADMIUM (Cd2+) » est proposé par le laboratoire mais ne fait pas partie de sa portée d'accréditation actuelle.,Eau et environnement,"dosage, cadmium, eau, environnement",Moyenne,"dosage_cadmium_norme, dosage_cadmium_delai"
dosage_cuivre_norme,Selon quelle norme réalisez-vous l'essai « DOSAGE DU CUIVRE (Cu2+) » ?,norme dosage du cuivre (cu2+) | référence normative de l'essai dosage du cuivre (cu2+) | quelle norme utilisez-vous pour cet essai ? | dosage du cuivre (cu2+) norme applicable,L'essai « DOSAGE DU CUIVRE (Cu2+) » est réalisé selon **Méthode d'analyse SAAF-FD T 90-112**.,Le laboratoire réalise l'essai « DOSAGE DU CUIVRE (Cu2+) » selon **Méthode d'analyse SAAF-FD T 90-112**.,Eau et environnement,"dosage, cuivre, eau, environnement",Moyenne,"dosage_cuivre_delai, dosage_cuivre_accreditation"
dosage_cuivre_delai,Quel est le délai de réalisation de l'essai « DOSAGE DU CUIVRE (Cu2+) » ?,délai de l'essai dosage du cuivre (cu2+) | combien de temps prend l'essai dosage du cuivre (cu2+) ? | quand aurai-je les résultats pour dosage du cuivre (cu2+) | temps de traitement dosage du cuivre (cu2+),Le délai de réalisation de l'essai « DOSAGE DU CUIVRE (Cu2+) » est de **10 jours**.,Le laboratoire réalise l'essai « DOSAGE DU CUIVRE (Cu2+) » dans un délai de **10 jours** à compter de la réception de l'échantillon.,Eau et environnement,"dosage, cuivre, eau, environnement",Moyenne,"dosage_cuivre_norme, dosage_cuivre_accreditation"
dosage_cuivre_accreditation,L'essai « DOSAGE DU CUIVRE (Cu2+) » est-il accrédité ?,accréditation de l'essai dosage du cuivre (cu2+) | cet essai est-il couvert par l'accréditation ? | portée d'accréditation pour dosage du cuivre (cu2+) | dosage du cuivre (cu2+) accrédité,"Non, l'essai « DOSAGE DU CUIVRE (Cu2+) » n'est pas accrédité.",L'essai « DOSAGE DU CUIVRE (Cu2+) » est proposé par le laboratoire mais ne fait pas partie de sa portée d'accréditation actuelle.,Eau et environnement,"dosage, cuivre, eau, environnement",Moyenne,"dosage_cuivre_norme, dosage_cuivre_delai"
dosage_argent_norme,Selon quelle norme réalisez-vous l'essai « DOSAGE DE L'ARGENT (Ag+) » ?,norme dosage de l'argent (ag+) | référence normative de l'essai dosage de l'argent (ag+) | quelle norme utilisez-vous pour cet essai ? | dosage de l'argent (ag+) norme applicable,L'essai « DOSAGE DE L'ARGENT (Ag+) » est réalisé selon **Méthode d'analyse SAAF-FD T 90-112**.,Le laboratoire réalise l'essai « DOSAGE DE L'ARGENT (Ag+) » selon **Méthode d'analyse SAAF-FD T 90-112**.,Eau et environnement,"dosage, argent, eau, environnement",Moyenne,"dosage_argent_delai, dosage_argent_accreditation"
dosage_argent_delai,Quel est le délai de réalisation de l'essai « DOSAGE DE L'ARGENT (Ag+) » ?,délai de l'essai dosage de l'argent (ag+) | combien de temps prend l'essai dosage de l'argent (ag+) ? | quand aurai-je les résultats pour dosage de l'argent (ag+) | temps de traitement dosage de l'argent (ag+),Le délai de réalisation de l'essai « DOSAGE DE L'ARGENT (Ag+) » est de **10 jours**.,Le laboratoire réalise l'essai « DOSAGE DE L'ARGENT (Ag+) » dans un délai de **10 jours** à compter de la réception de l'échantillon.,Eau et environnement,"dosage, argent, eau, environnement",Moyenne,"dosage_argent_norme, dosage_argent_accreditation"
dosage_argent_accreditation,L'essai « DOSAGE DE L'ARGENT (Ag+) » est-il accrédité ?,accréditation de l'essai dosage de l'argent (ag+) | cet essai est-il couvert par l'accréditation ? | portée d'accréditation pour dosage de l'argent (ag+) | dosage de l'argent (ag+) accrédité,"Non, l'essai « DOSAGE DE L'ARGENT (Ag+) » n'est pas accrédité.",L'essai « DOSAGE DE L'ARGENT (Ag+) » est proposé par le laboratoire mais ne fait pas partie de sa portée d'accréditation actuelle.,Eau et environnement,"dosage, argent, eau, environnement",Moyenne,"dosage_argent_norme, dosage_argent_delai"
dosage_nickel_norme,Selon quelle norme réalisez-vous l'essai « DOSAGE DU NICKEL (Ni2+) » ?,norme dosage du nickel (ni2+) | référence normative de l'essai dosage du nickel (ni2+) | quelle norme utilisez-vous pour cet essai ? | dosage du nickel (ni2+) norme applicable,L'essai « DOSAGE DU NICKEL (Ni2+) » est réalisé selon **Méthode d'analyse SAAF-FD T 90-112**.,Le laboratoire réalise l'essai « DOSAGE DU NICKEL (Ni2+) » selon **Méthode d'analyse SAAF-FD T 90-112**.,Eau et environnement,"dosage, nickel, eau, environnement",Moyenne,"dosage_nickel_delai, dosage_nickel_accreditation"
dosage_nickel_delai,Quel est le délai de réalisation de l'essai « DOSAGE DU NICKEL (Ni2+) » ?,délai de l'essai dosage du nickel (ni2+) | combien de temps prend l'essai dosage du nickel (ni2+) ? | quand aurai-je les résultats pour dosage du nickel (ni2+) | temps de traitement dosage du nickel (ni2+),Le délai de réalisation de l'essai « DOSAGE DU NICKEL (Ni2+) » est de **10 jours**.,Le laboratoire réalise l'essai « DOSAGE DU NICKEL (Ni2+) » dans un délai de **10 jours** à compter de la réception de l'échantillon.,Eau et environnement,"dosage, nickel, eau, environnement",Moyenne,"dosage_nickel_norme, dosage_nickel_accreditation"
dosage_nickel_accreditation,L'essai « DOSAGE DU NICKEL (Ni2+) » est-il accrédité ?,accréditation de l'essai dosage du nickel (ni2+) | cet essai est-il couvert par l'accréditation ? | portée d'accréditation pour dosage du nickel (ni2+) | dosage du nickel (ni2+) accrédité,"Non, l'essai « DOSAGE DU NICKEL (Ni2+) » n'est pas accrédité.",L'essai « DOSAGE DU NICKEL (Ni2+) » est proposé par le laboratoire mais ne fait pas partie de sa portée d'accréditation actuelle.,Eau et environnement,"dosage, nickel, eau, environnement",Moyenne,"dosage_nickel_norme, dosage_nickel_delai"
dosage_cobalt_norme,Selon quelle norme réalisez-vous l'essai « DOSAGE DU COBALT (Co2+) » ?,norme dosage du cobalt (co2+) | référence normative de l'essai dosage du cobalt (co2+) | quelle norme utilisez-vous pour cet essai ? | dosage du cobalt (co2+) norme applicable,L'essai « DOSAGE DU COBALT (Co2+) » est réalisé selon **Métodde d'essai SAAF-FD T 90-112**.,Le laboratoire réalise l'essai « DOSAGE DU COBALT (Co2+) » selon **Métodde d'essai SAAF-FD T 90-112**.,Eau et environnement,"dosage, cobalt, eau, environnement",Moyenne,"dosage_cobalt_delai, dosage_cobalt_accreditation"
dosage_cobalt_delai,Quel est le délai de réalisation de l'essai « DOSAGE DU COBALT (Co2+) » ?,délai de l'essai dosage du cobalt (co2+) | combien de temps prend l'essai dosage du cobalt (co2+) ? | quand aurai-je les résultats pour dosage du cobalt (co2+) | temps de traitement dosage du cobalt (co2+),Le délai de réalisation de l'essai « DOSAGE DU COBALT (Co2+) » est de **10 jours**.,Le laboratoire réalise l'essai « DOSAGE DU COBALT (Co2+) » dans un délai de **10 jours** à compter de la réception de l'échantillon.,Eau et environnement,"dosage, cobalt, eau, environnement",Moyenne,"dosage_cobalt_norme, dosage_cobalt_accreditation"
dosage_cobalt_accreditation,L'essai « DOSAGE DU COBALT (Co2+) » est-il accrédité ?,accréditation de l'essai dosage du cobalt (co2+) | cet essai est-il couvert par l'accréditation ? | portée d'accréditation pour dosage du cobalt (co2+) | dosage du cobalt (co2+) accrédité,"Non, l'essai « DOSAGE DU COBALT (Co2+) » n'est pas accrédité.",L'essai « DOSAGE DU COBALT (Co2+) » est proposé par le laboratoire mais ne fait pas partie de sa portée d'accréditation actuelle.,Eau et environnement,"dosage, cobalt, eau, environnement",Moyenne,"dosage_cobalt_norme, dosage_cobalt_delai"
dosage_bore_norme,Selon quelle norme réalisez-vous l'essai « DOSAGE DU BORE (B) » ?,norme dosage du bore (b) | référence normative de l'essai dosage du bore (b) | quelle norme utilisez-vous pour cet essai ? | dosage du bore (b) norme applicable,L'essai « DOSAGE DU BORE (B) » est réalisé selon **Méthode d'analyse DR 3900**.,Le laboratoire réalise l'essai « DOSAGE DU BORE (B) » selon **Méthode d'analyse DR 3900**.,Eau et environnement,"dosage, bore, eau, environnement",Moyenne,"dosage_bore_delai, dosage_bore_accreditation"
dosage_bore_delai,Quel est le délai de réalisation de l'essai « DOSAGE DU BORE (B) » ?,délai de l'essai dosage du bore (b) | combien de temps prend l'essai dosage du bore (b) ? | quand aurai-je les résultats pour dosage du bore (b) | temps de traitement dosage du bore (b),Le délai de réalisation de l'essai « DOSAGE DU BORE (B) » est de **10 jours**.,Le laboratoire réalise l'essai « DOSAGE DU BORE (B) » dans un délai de **10 jours** à compter de la réception de l'échantillon.,Eau et environnement,"dosage, bore, eau, environnement",Moyenne,"dosage_bore_norme, dosage_bore_accreditation"
dosage_bore_accreditation,L'essai « DOSAGE DU BORE (B) » est-il accrédité ?,accréditation de l'essai dosage du bore (b) | cet essai est-il couvert par l'accréditation ? | portée d'accréditation pour dosage du bore (b) | dosage du bore (b) accrédité,"Non, l'essai « DOSAGE DU BORE (B) » n'est pas accrédité.",L'essai « DOSAGE DU BORE (B) » est proposé par le laboratoire mais ne fait pas partie de sa portée d'accréditation actuelle.,Eau et environnement,"dosage, bore, eau, environnement",Moyenne,"dosage_bore_norme, dosage_bore_delai"
dosage_etain_norme,Selon quelle norme réalisez-vous l'essai « DOSAGE DE L'ÉTAIN (Sn4+) » ?,norme dosage de l'étain (sn4+) | référence normative de l'essai dosage de l'étain (sn4+) | quelle norme utilisez-vous pour cet essai ? | dosage de l'étain (sn4+) norme applicable,L'essai « DOSAGE DE L'ÉTAIN (Sn4+) » est réalisé selon **Spéctromètre DR 3900**.,Le laboratoire réalise l'essai « DOSAGE DE L'ÉTAIN (Sn4+) » selon **Spéctromètre DR 3900**.,Eau et environnement,"dosage, etain, eau, environnement",Moyenne,"dosage_etain_delai, dosage_etain_accreditation"
dosage_etain_delai,Quel est le délai de réalisation de l'essai « DOSAGE DE L'ÉTAIN (Sn4+) » ?,délai de l'essai dosage de l'étain (sn4+) | combien de temps prend l'essai dosage de l'étain (sn4+) ? | quand aurai-je les résultats pour dosage de l'étain (sn4+) | temps de traitement dosage de l'étain (sn4+),Le délai de réalisation de l'essai « DOSAGE DE L'ÉTAIN (Sn4+) » est de **10 jours**.,Le laboratoire réalise l'essai « DOSAGE DE L'ÉTAIN (Sn4+) » dans un délai de **10 jours** à compter de la réception de l'échantillon.,Eau et environnement,"dosage, etain, eau, environnement",Moyenne,"dosage_etain_norme, dosage_etain_accreditation"
dosage_etain_accreditation,L'essai « DOSAGE DE L'ÉTAIN (Sn4+) » est-il accrédité ?,accréditation de l'essai dosage de l'étain (sn4+) | cet essai est-il couvert par l'accréditation ? | portée d'accréditation pour dosage de l'étain (sn4+) | dosage de l'étain (sn4+) accrédité,"Non, l'essai « DOSAGE DE L'ÉTAIN (Sn4+) » n'est pas accrédité.",L'essai « DOSAGE DE L'ÉTAIN (Sn4+) » est proposé par le laboratoire mais ne fait pas partie de sa portée d'accréditation actuelle.,Eau et environnement,"dosage, etain, eau, environnement",Moyenne,"dosage_etain_norme, dosage_etain_delai"
dosage_chlorures_norme,Selon quelle norme réalisez-vous l'essai « DOSAGE DES CHLORURES (Cl-) » ?,norme dosage des chlorures (cl-) | référence normative de l'essai dosage des chlorures (cl-) | quelle norme utilisez-vous pour cet essai ? | dosage des chlorures (cl-) norme applicable,L'essai « DOSAGE DES CHLORURES (Cl-) » est réalisé selon **Méthode d'analyse J-RODIER**.,Le laboratoire réalise l'essai « DOSAGE DES CHLORURES (Cl-) » selon **Méthode d'analyse J-RODIER**.,Eau et environnement,"dosage, chlorures, eau, environnement",Moyenne,"dosage_chlorures_delai, dosage_chlorures_accreditation"
dosage_chlorures_delai,Quel est le délai de réalisation de l'essai « DOSAGE DES CHLORURES (Cl-) » ?,délai de l'essai dosage des chlorures (cl-) | combien de temps prend l'essai dosage des chlorures (cl-) ? | quand aurai-je les résultats pour dosage des chlorures (cl-) | temps de traitement dosage des chlorures (cl-),Le délai de réalisation de l'essai « DOSAGE DES CHLORURES (Cl-) » est de **3 jours**.,Le laboratoire réalise l'essai « DOSAGE DES CHLORURES (Cl-) » dans un délai de **3 jours** à compter de la réception de l'échantillon.,Eau et environnement,"dosage, chlorures, eau, environnement",Moyenne,"dosage_chlorures_norme, dosage_chlorures_accreditation"
dosage_chlorures_accreditation,L'essai « DOSAGE DES CHLORURES (Cl-) » est-il accrédité ?,accréditation de l'essai dosage des chlorures (cl-) | cet essai est-il couvert par l'accréditation ? | portée d'accréditation pour dosage des chlorures (cl-) | dosage des chlorures (cl-) accrédité,"Non, l'essai « DOSAGE DES CHLORURES (Cl-) » n'est pas accrédité.",L'essai « DOSAGE DES CHLORURES (Cl-) » est proposé par le laboratoire mais ne fait pas partie de sa portée d'accréditation actuelle.,Eau et environnement,"dosage, chlorures, eau, environnement",Moyenne,"dosage_chlorures_norme, dosage_chlorures_delai"
dosage_mercure_norme,Selon quelle norme réalisez-vous l'essai « DOSAGE DU MERCURE (Hg) » ?,norme dosage du mercure (hg) | référence normative de l'essai dosage du mercure (hg) | quelle norme utilisez-vous pour cet essai ? | dosage du mercure (hg) norme applicable,Cet essai est réalisé selon notre mode opératoire interne.,Le laboratoire réalise l'essai « DOSAGE DU MERCURE (Hg) » selon son mode opératoire interne. Rapprochez-vous de nous pour plus de détails sur la méthode appliquée.,Eau et environnement,"dosage, mercure, eau, environnement",Basse,"dosage_mercure_delai, dosage_mercure_accreditation"
dosage_mercure_delai,Quel est le délai de réalisation de l'essai « DOSAGE DU MERCURE (Hg) » ?,délai de l'essai dosage du mercure (hg) | combien de temps prend l'essai dosage du mercure (hg) ? | quand aurai-je les résultats pour dosage du mercure (hg) | temps de traitement dosage du mercure (hg),Le délai de réalisation de l'essai « DOSAGE DU MERCURE (Hg) » est de **10 jours**.,Le laboratoire réalise l'essai « DOSAGE DU MERCURE (Hg) » dans un délai de **10 jours** à compter de la réception de l'échantillon.,Eau et environnement,"dosage, mercure, eau, environnement",Basse,"dosage_mercure_norme, dosage_mercure_accreditation"
dosage_mercure_accreditation,L'essai « DOSAGE DU MERCURE (Hg) » est-il accrédité ?,accréditation de l'essai dosage du mercure (hg) | cet essai est-il couvert par l'accréditation ? | portée d'accréditation pour dosage du mercure (hg) | dosage du mercure (hg) accrédité,"Non, l'essai « DOSAGE DU MERCURE (Hg) » n'est pas accrédité.",L'essai « DOSAGE DU MERCURE (Hg) » est proposé par le laboratoire mais ne fait pas partie de sa portée d'accréditation actuelle.,Eau et environnement,"dosage, mercure, eau, environnement",Basse,"dosage_mercure_norme, dosage_mercure_delai"
dosage_arsenic_norme,Selon quelle norme réalisez-vous l'essai « DOSAGE DE L'ARSENIC (As) » ?,norme dosage de l'arsenic (as) | référence normative de l'essai dosage de l'arsenic (as) | quelle norme utilisez-vous pour cet essai ? | dosage de l'arsenic (as) norme applicable,Cet essai est réalisé selon notre mode opératoire interne.,Le laboratoire réalise l'essai « DOSAGE DE L'ARSENIC (As) » selon son mode opératoire interne. Rapprochez-vous de nous pour plus de détails sur la méthode appliquée.,Eau et environnement,"dosage, arsenic, eau, environnement",Basse,"dosage_arsenic_delai, dosage_arsenic_accreditation"
dosage_arsenic_delai,Quel est le délai de réalisation de l'essai « DOSAGE DE L'ARSENIC (As) » ?,délai de l'essai dosage de l'arsenic (as) | combien de temps prend l'essai dosage de l'arsenic (as) ? | quand aurai-je les résultats pour dosage de l'arsenic (as) | temps de traitement dosage de l'arsenic (as),Le délai de réalisation de l'essai « DOSAGE DE L'ARSENIC (As) » est de **10 jours**.,Le laboratoire réalise l'essai « DOSAGE DE L'ARSENIC (As) » dans un délai de **10 jours** à compter de la réception de l'échantillon.,Eau et environnement,"dosage, arsenic, eau, environnement",Basse,"dosage_arsenic_norme, dosage_arsenic_accreditation"
dosage_arsenic_accreditation,L'essai « DOSAGE DE L'ARSENIC (As) » est-il accrédité ?,accréditation de l'essai dosage de l'arsenic (as) | cet essai est-il couvert par l'accréditation ? | portée d'accréditation pour dosage de l'arsenic (as) | dosage de l'arsenic (as) accrédité,"Non, l'essai « DOSAGE DE L'ARSENIC (As) » n'est pas accrédité.",L'essai « DOSAGE DE L'ARSENIC (As) » est proposé par le laboratoire mais ne fait pas partie de sa portée d'accréditation actuelle.,Eau et environnement,"dosage, arsenic, eau, environnement",Basse,"dosage_arsenic_norme, dosage_arsenic_delai"
dosage_selenium_norme,Selon quelle norme réalisez-vous l'essai « DOSAGE DU SELENIUM (Se) » ?,norme dosage du selenium (se) | référence normative de l'essai dosage du selenium (se) | quelle norme utilisez-vous pour cet essai ? | dosage du selenium (se) norme applicable,Cet essai est réalisé selon notre mode opératoire interne.,Le laboratoire réalise l'essai « DOSAGE DU SELENIUM (Se) » selon son mode opératoire interne. Rapprochez-vous de nous pour plus de détails sur la méthode appliquée.,Eau et environnement,"dosage, selenium, eau, environnement",Basse,"dosage_selenium_delai, dosage_selenium_accreditation"
dosage_selenium_delai,Quel est le délai de réalisation de l'essai « DOSAGE DU SELENIUM (Se) » ?,délai de l'essai dosage du selenium (se) | combien de temps prend l'essai dosage du selenium (se) ? | quand aurai-je les résultats pour dosage du selenium (se) | temps de traitement dosage du selenium (se),Le délai de réalisation de l'essai « DOSAGE DU SELENIUM (Se) » est de **10 jours**.,Le laboratoire réalise l'essai « DOSAGE DU SELENIUM (Se) » dans un délai de **10 jours** à compter de la réception de l'échantillon.,Eau et environnement,"dosage, selenium, eau, environnement",Basse,"dosage_selenium_norme, dosage_selenium_accreditation"
dosage_selenium_accreditation,L'essai « DOSAGE DU SELENIUM (Se) » est-il accrédité ?,accréditation de l'essai dosage du selenium (se) | cet essai est-il couvert par l'accréditation ? | portée d'accréditation pour dosage du selenium (se) | dosage du selenium (se) accrédité,"Non, l'essai « DOSAGE DU SELENIUM (Se) » n'est pas accrédité.",L'essai « DOSAGE DU SELENIUM (Se) » est proposé par le laboratoire mais ne fait pas partie de sa portée d'accréditation actuelle.,Eau et environnement,"dosage, selenium, eau, environnement",Basse,"dosage_selenium_norme, dosage_selenium_delai"
dosage_sulfates_norme,Selon quelle norme réalisez-vous l'essai « DOSAGE DES SULFATES (SO4) » ?,norme dosage des sulfates (so4) | référence normative de l'essai dosage des sulfates (so4) | quelle norme utilisez-vous pour cet essai ? | dosage des sulfates (so4) norme applicable,L'essai « DOSAGE DES SULFATES (SO4) » est réalisé selon **Méthode d'analyse DR 3900**.,Le laboratoire réalise l'essai « DOSAGE DES SULFATES (SO4) » selon **Méthode d'analyse DR 3900**.,Eau et environnement,"dosage, sulfates, eau, environnement",Moyenne,"dosage_sulfates_delai, dosage_sulfates_accreditation"
dosage_sulfates_delai,Quel est le délai de réalisation de l'essai « DOSAGE DES SULFATES (SO4) » ?,délai de l'essai dosage des sulfates (so4) | combien de temps prend l'essai dosage des sulfates (so4) ? | quand aurai-je les résultats pour dosage des sulfates (so4) | temps de traitement dosage des sulfates (so4),Le délai de réalisation de l'essai « DOSAGE DES SULFATES (SO4) » est de **5 jours**.,Le laboratoire réalise l'essai « DOSAGE DES SULFATES (SO4) » dans un délai de **5 jours** à compter de la réception de l'échantillon.,Eau et environnement,"dosage, sulfates, eau, environnement",Moyenne,"dosage_sulfates_norme, dosage_sulfates_accreditation"
dosage_sulfates_accreditation,L'essai « DOSAGE DES SULFATES (SO4) » est-il accrédité ?,accréditation de l'essai dosage des sulfates (so4) | cet essai est-il couvert par l'accréditation ? | portée d'accréditation pour dosage des sulfates (so4) | dosage des sulfates (so4) accrédité,"Non, l'essai « DOSAGE DES SULFATES (SO4) » n'est pas accrédité.",L'essai « DOSAGE DES SULFATES (SO4) » est proposé par le laboratoire mais ne fait pas partie de sa portée d'accréditation actuelle.,Eau et environnement,"dosage, sulfates, eau, environnement",Moyenne,"dosage_sulfates_norme, dosage_sulfates_delai"
dosage_nitrates_norme,Selon quelle norme réalisez-vous l'essai « DOSAGE DES NITRATES (NO3-) » ?,norme dosage des nitrates (no3-) | référence normative de l'essai dosage des nitrates (no3-) | quelle norme utilisez-vous pour cet essai ? | dosage des nitrates (no3-) norme applicable,L'essai « DOSAGE DES NITRATES (NO3-) » est réalisé selon **Méthode d'analyse DR 3900**.,Le laboratoire réalise l'essai « DOSAGE DES NITRATES (NO3-) » selon **Méthode d'analyse DR 3900**.,Eau et environnement,"dosage, nitrates, eau, environnement",Moyenne,"dosage_nitrates_delai, dosage_nitrates_accreditation"
dosage_nitrates_delai,Quel est le délai de réalisation de l'essai « DOSAGE DES NITRATES (NO3-) » ?,délai de l'essai dosage des nitrates (no3-) | combien de temps prend l'essai dosage des nitrates (no3-) ? | quand aurai-je les résultats pour dosage des nitrates (no3-) | temps de traitement dosage des nitrates (no3-),Le délai de réalisation de l'essai « DOSAGE DES NITRATES (NO3-) » est de **5 jours**.,Le laboratoire réalise l'essai « DOSAGE DES NITRATES (NO3-) » dans un délai de **5 jours** à compter de la réception de l'échantillon.,Eau et environnement,"dosage, nitrates, eau, environnement",Moyenne,"dosage_nitrates_norme, dosage_nitrates_accreditation"
dosage_nitrates_accreditation,L'essai « DOSAGE DES NITRATES (NO3-) » est-il accrédité ?,accréditation de l'essai dosage des nitrates (no3-) | cet essai est-il couvert par l'accréditation ? | portée d'accréditation pour dosage des nitrates (no3-) | dosage des nitrates (no3-) accrédité,"Non, l'essai « DOSAGE DES NITRATES (NO3-) » n'est pas accrédité.",L'essai « DOSAGE DES NITRATES (NO3-) » est proposé par le laboratoire mais ne fait pas partie de sa portée d'accréditation actuelle.,Eau et environnement,"dosage, nitrates, eau, environnement",Moyenne,"dosage_nitrates_norme, dosage_nitrates_delai"
dosage_nitrites_norme,Selon quelle norme réalisez-vous l'essai « DOSAGE DES NITRITES (NO2-) » ?,norme dosage des nitrites (no2-) | référence normative de l'essai dosage des nitrites (no2-) | quelle norme utilisez-vous pour cet essai ? | dosage des nitrites (no2-) norme applicable,L'essai « DOSAGE DES NITRITES (NO2-) » est réalisé selon **Méthode d'analyse DR 3900**.,Le laboratoire réalise l'essai « DOSAGE DES NITRITES (NO2-) » selon **Méthode d'analyse DR 3900**.,Eau et environnement,"dosage, nitrites, eau, environnement",Moyenne,"dosage_nitrites_delai, dosage_nitrites_accreditation"
dosage_nitrites_delai,Quel est le délai de réalisation de l'essai « DOSAGE DES NITRITES (NO2-) » ?,délai de l'essai dosage des nitrites (no2-) | combien de temps prend l'essai dosage des nitrites (no2-) ? | quand aurai-je les résultats pour dosage des nitrites (no2-) | temps de traitement dosage des nitrites (no2-),Le délai de réalisation de l'essai « DOSAGE DES NITRITES (NO2-) » est de **5 jours**.,Le laboratoire réalise l'essai « DOSAGE DES NITRITES (NO2-) » dans un délai de **5 jours** à compter de la réception de l'échantillon.,Eau et environnement,"dosage, nitrites, eau, environnement",Moyenne,"dosage_nitrites_norme, dosage_nitrites_accreditation"
dosage_nitrites_accreditation,L'essai « DOSAGE DES NITRITES (NO2-) » est-il accrédité ?,accréditation de l'essai dosage des nitrites (no2-) | cet essai est-il couvert par l'accréditation ? | portée d'accréditation pour dosage des nitrites (no2-) | dosage des nitrites (no2-) accrédité,"Non, l'essai « DOSAGE DES NITRITES (NO2-) » n'est pas accrédité.",L'essai « DOSAGE DES NITRITES (NO2-) » est proposé par le laboratoire mais ne fait pas partie de sa portée d'accréditation actuelle.,Eau et environnement,"dosage, nitrites, eau, environnement",Moyenne,"dosage_nitrites_norme, dosage_nitrites_delai"
dosage_ammonium_norme,Selon quelle norme réalisez-vous l'essai « DOSAGE DE L'AMMONIUM (NH4+) » ?,norme dosage de l'ammonium (nh4+) | référence normative de l'essai dosage de l'ammonium (nh4+) | quelle norme utilisez-vous pour cet essai ? | dosage de l'ammonium (nh4+) norme applicable,L'essai « DOSAGE DE L'AMMONIUM (NH4+) » est réalisé selon **Méthode d'analyse DR 3900**.,Le laboratoire réalise l'essai « DOSAGE DE L'AMMONIUM (NH4+) » selon **Méthode d'analyse DR 3900**.,Eau et environnement,"dosage, ammonium, eau, environnement",Moyenne,"dosage_ammonium_delai, dosage_ammonium_accreditation"
dosage_ammonium_delai,Quel est le délai de réalisation de l'essai « DOSAGE DE L'AMMONIUM (NH4+) » ?,délai de l'essai dosage de l'ammonium (nh4+) | combien de temps prend l'essai dosage de l'ammonium (nh4+) ? | quand aurai-je les résultats pour dosage de l'ammonium (nh4+) | temps de traitement dosage de l'ammonium (nh4+),Le délai de réalisation de l'essai « DOSAGE DE L'AMMONIUM (NH4+) » est de **5 jours**.,Le laboratoire réalise l'essai « DOSAGE DE L'AMMONIUM (NH4+) » dans un délai de **5 jours** à compter de la réception de l'échantillon.,Eau et environnement,"dosage, ammonium, eau, environnement",Moyenne,"dosage_ammonium_norme, dosage_ammonium_accreditation"
dosage_ammonium_accreditation,L'essai « DOSAGE DE L'AMMONIUM (NH4+) » est-il accrédité ?,accréditation de l'essai dosage de l'ammonium (nh4+) | cet essai est-il couvert par l'accréditation ? | portée d'accréditation pour dosage de l'ammonium (nh4+) | dosage de l'ammonium (nh4+) accrédité,"Non, l'essai « DOSAGE DE L'AMMONIUM (NH4+) » n'est pas accrédité.",L'essai « DOSAGE DE L'AMMONIUM (NH4+) » est proposé par le laboratoire mais ne fait pas partie de sa portée d'accréditation actuelle.,Eau et environnement,"dosage, ammonium, eau, environnement",Moyenne,"dosage_ammonium_norme, dosage_ammonium_delai"
dosage_azote_total_norme,Selon quelle norme réalisez-vous l'essai « DOSAGE DE L'AZOTE TOTAL (NT) » ?,norme dosage de l'azote total (nt) | référence normative de l'essai dosage de l'azote total (nt) | quelle norme utilisez-vous pour cet essai ? | dosage de l'azote total (nt) norme applicable,L'essai « DOSAGE DE L'AZOTE TOTAL (NT) » est réalisé selon **Méthode d'analyse DR 3900**.,Le laboratoire réalise l'essai « DOSAGE DE L'AZOTE TOTAL (NT) » selon **Méthode d'analyse DR 3900**.,Eau et environnement,"dosage, azote, total, eau, environnement",Moyenne,"dosage_azote_total_delai, dosage_azote_total_accreditation"
dosage_azote_total_delai,Quel est le délai de réalisation de l'essai « DOSAGE DE L'AZOTE TOTAL (NT) » ?,délai de l'essai dosage de l'azote total (nt) | combien de temps prend l'essai dosage de l'azote total (nt) ? | quand aurai-je les résultats pour dosage de l'azote total (nt) | temps de traitement dosage de l'azote total (nt),Le délai de réalisation de l'essai « DOSAGE DE L'AZOTE TOTAL (NT) » est de **5 jours**.,Le laboratoire réalise l'essai « DOSAGE DE L'AZOTE TOTAL (NT) » dans un délai de **5 jours** à compter de la réception de l'échantillon.,Eau et environnement,"dosage, azote, total, eau, environnement",Moyenne,"dosage_azote_total_norme, dosage_azote_total_accreditation"
dosage_azote_total_accreditation,L'essai « DOSAGE DE L'AZOTE TOTAL (NT) » est-il accrédité ?,accréditation de l'essai dosage de l'azote total (nt) | cet essai est-il couvert par l'accréditation ? | portée d'accréditation pour dosage de l'azote total (nt) | dosage de l'azote total (nt) accrédité,"Non, l'essai « DOSAGE DE L'AZOTE TOTAL (NT) » n'est pas accrédité.",L'essai « DOSAGE DE L'AZOTE TOTAL (NT) » est proposé par le laboratoire mais ne fait pas partie de sa portée d'accréditation actuelle.,Eau et environnement,"dosage, azote, total, eau, environnement",Moyenne,"dosage_azote_total_norme, dosage_azote_total_delai"
dosage_phenols_norme,Selon quelle norme réalisez-vous l'essai « DOSAGE DES PHÉNOLS » ?,norme dosage des phénols | référence normative de l'essai dosage des phénols | quelle norme utilisez-vous pour cet essai ? | dosage des phénols norme applicable,L'essai « DOSAGE DES PHÉNOLS » est réalisé selon **Spéctromètre DR 3900**.,Le laboratoire réalise l'essai « DOSAGE DES PHÉNOLS » selon **Spéctromètre DR 3900**.,Eau et environnement,"dosage, phenols, eau, environnement",Moyenne,"dosage_phenols_delai, dosage_phenols_accreditation"
dosage_phenols_delai,Quel est le délai de réalisation de l'essai « DOSAGE DES PHÉNOLS » ?,délai de l'essai dosage des phénols | combien de temps prend l'essai dosage des phénols ? | quand aurai-je les résultats pour dosage des phénols | temps de traitement dosage des phénols,Le délai de réalisation de l'essai « DOSAGE DES PHÉNOLS » est de **5 jours**.,Le laboratoire réalise l'essai « DOSAGE DES PHÉNOLS » dans un délai de **5 jours** à compter de la réception de l'échantillon.,Eau et environnement,"dosage, phenols, eau, environnement",Moyenne,"dosage_phenols_norme, dosage_phenols_accreditation"
dosage_phenols_accreditation,L'essai « DOSAGE DES PHÉNOLS » est-il accrédité ?,accréditation de l'essai dosage des phénols | cet essai est-il couvert par l'accréditation ? | portée d'accréditation pour dosage des phénols | dosage des phénols accrédité,"Non, l'essai « DOSAGE DES PHÉNOLS » n'est pas accrédité.",L'essai « DOSAGE DES PHÉNOLS » est proposé par le laboratoire mais ne fait pas partie de sa portée d'accréditation actuelle.,Eau et environnement,"dosage, phenols, eau, environnement",Moyenne,"dosage_phenols_norme, dosage_phenols_delai"
dosage_beryllium_norme,Selon quelle norme réalisez-vous l'essai « DOSAGE DU BÉRYLLIUM (Be) » ?,norme dosage du béryllium (be) | référence normative de l'essai dosage du béryllium (be) | quelle norme utilisez-vous pour cet essai ? | dosage du béryllium (be) norme applicable,L'essai « DOSAGE DU BÉRYLLIUM (Be) » est réalisé selon **Spéctromètre DR 3900**.,Le laboratoire réalise l'essai « DOSAGE DU BÉRYLLIUM (Be) » selon **Spéctromètre DR 3900**.,Eau et environnement,"dosage, beryllium, eau, environnement",Moyenne,"dosage_beryllium_delai, dosage_beryllium_accreditation"
dosage_beryllium_delai,Quel est le délai de réalisation de l'essai « DOSAGE DU BÉRYLLIUM (Be) » ?,délai de l'essai dosage du béryllium (be) | combien de temps prend l'essai dosage du béryllium (be) ? | quand aurai-je les résultats pour dosage du béryllium (be) | temps de traitement dosage du béryllium (be),Le délai de réalisation de l'essai « DOSAGE DU BÉRYLLIUM (Be) » est de **10 jours**.,Le laboratoire réalise l'essai « DOSAGE DU BÉRYLLIUM (Be) » dans un délai de **10 jours** à compter de la réception de l'échantillon.,Eau et environnement,"dosage, beryllium, eau, environnement",Moyenne,"dosage_beryllium_norme, dosage_beryllium_accreditation"
dosage_beryllium_accreditation,L'essai « DOSAGE DU BÉRYLLIUM (Be) » est-il accrédité ?,accréditation de l'essai dosage du béryllium (be) | cet essai est-il couvert par l'accréditation ? | portée d'accréditation pour dosage du béryllium (be) | dosage du béryllium (be) accrédité,"Non, l'essai « DOSAGE DU BÉRYLLIUM (Be) » n'est pas accrédité.",L'essai « DOSAGE DU BÉRYLLIUM (Be) » est proposé par le laboratoire mais ne fait pas partie de sa portée d'accréditation actuelle.,Eau et environnement,"dosage, beryllium, eau, environnement",Moyenne,"dosage_beryllium_norme, dosage_beryllium_delai"
dosage_cyanures_norme,Selon quelle norme réalisez-vous l'essai « DOSAGE DES CYANURES (CN-) » ?,norme dosage des cyanures (cn-) | référence normative de l'essai dosage des cyanures (cn-) | quelle norme utilisez-vous pour cet essai ? | dosage des cyanures (cn-) norme applicable,L'essai « DOSAGE DES CYANURES (CN-) » est réalisé selon **Spéctromètre DR 3900**.,Le laboratoire réalise l'essai « DOSAGE DES CYANURES (CN-) » selon **Spéctromètre DR 3900**.,Eau et environnement,"dosage, cyanures, eau, environnement",Moyenne,"dosage_cyanures_delai, dosage_cyanures_accreditation"
dosage_cyanures_delai,Quel est le délai de réalisation de l'essai « DOSAGE DES CYANURES (CN-) » ?,délai de l'essai dosage des cyanures (cn-) | combien de temps prend l'essai dosage des cyanures (cn-) ? | quand aurai-je les résultats pour dosage des cyanures (cn-) | temps de traitement dosage des cyanures (cn-),Le délai de réalisation de l'essai « DOSAGE DES CYANURES (CN-) » est de **5 jours**.,Le laboratoire réalise l'essai « DOSAGE DES CYANURES (CN-) » dans un délai de **5 jours** à compter de la réception de l'échantillon.,Eau et environnement,"dosage, cyanures, eau, environnement",Moyenne,"dosage_cyanures_norme, dosage_cyanures_accreditation"
dosage_cyanures_accreditation,L'essai « DOSAGE DES CYANURES (CN-) » est-il accrédité ?,accréditation de l'essai dosage des cyanures (cn-) | cet essai est-il couvert par l'accréditation ? | portée d'accréditation pour dosage des cyanures (cn-) | dosage des cyanures (cn-) accrédité,"Non, l'essai « DOSAGE DES CYANURES (CN-) » n'est pas accrédité.",L'essai « DOSAGE DES CYANURES (CN-) » est proposé par le laboratoire mais ne fait pas partie de sa portée d'accréditation actuelle.,Eau et environnement,"dosage, cyanures, eau, environnement",Moyenne,"dosage_cyanures_norme, dosage_cyanures_delai"
turbidite_eau_norme,Selon quelle norme réalisez-vous l'essai « TURBIDITE DE L'EAU » ?,norme turbidite de l'eau | référence normative de l'essai turbidite de l'eau | quelle norme utilisez-vous pour cet essai ? | turbidite de l'eau norme applicable,Cet essai est réalisé selon notre mode opératoire interne.,Le laboratoire réalise l'essai « TURBIDITE DE L'EAU » selon son mode opératoire interne. Rapprochez-vous de nous pour plus de détails sur la méthode appliquée.,Eau et environnement,"turbidite, eau, environnement",Basse,"turbidite_eau_delai, turbidite_eau_accreditation"
turbidite_eau_delai,Quel est le délai de réalisation de l'essai « TURBIDITE DE L'EAU » ?,délai de l'essai turbidite de l'eau | combien de temps prend l'essai turbidite de l'eau ? | quand aurai-je les résultats pour turbidite de l'eau | temps de traitement turbidite de l'eau,Le délai de réalisation de l'essai « TURBIDITE DE L'EAU » est de **4 jours**.,Le laboratoire réalise l'essai « TURBIDITE DE L'EAU » dans un délai de **4 jours** à compter de la réception de l'échantillon.,Eau et environnement,"turbidite, eau, environnement",Basse,"turbidite_eau_norme, turbidite_eau_accreditation"
turbidite_eau_accreditation,L'essai « TURBIDITE DE L'EAU » est-il accrédité ?,accréditation de l'essai turbidite de l'eau | cet essai est-il couvert par l'accréditation ? | portée d'accréditation pour turbidite de l'eau | turbidite de l'eau accrédité,"Non, l'essai « TURBIDITE DE L'EAU » n'est pas accrédité.",L'essai « TURBIDITE DE L'EAU » est proposé par le laboratoire mais ne fait pas partie de sa portée d'accréditation actuelle.,Eau et environnement,"turbidite, eau, environnement",Basse,"turbidite_eau_norme, turbidite_eau_delai"
dosage_carbonates_bicarbonates_norme,Selon quelle norme réalisez-vous l'essai « DOSAGE DES CARBONATES ET BICARBONATES » ?,norme dosage des carbonates et bicarbonates | référence normative de l'essai dosage des carbonates et bicarbonates | quelle norme utilisez-vous pour cet essai ? | dosage des carbonates et bicarbonates norme applicable,L'essai « DOSAGE DES CARBONATES ET BICARBONATES » est réalisé selon **Méthode d'analyse J-RODIER**.,Le laboratoire réalise l'essai « DOSAGE DES CARBONATES ET BICARBONATES » selon **Méthode d'analyse J-RODIER**.,Eau et environnement,"dosage, carbonates, bicarbonates, eau, environnement",Moyenne,"dosage_carbonates_bicarbonates_delai, dosage_carbonates_bicarbonates_accreditation"
dosage_carbonates_bicarbonates_delai,Quel est le délai de réalisation de l'essai « DOSAGE DES CARBONATES ET BICARBONATES » ?,délai de l'essai dosage des carbonates et bicarbonates | combien de temps prend l'essai dosage des carbonates et bicarbonates ? | quand aurai-je les résultats pour dosage des carbonates et bicarbonates | temps de traitement dosage des carbonates et bicarbonates,Le délai de réalisation de l'essai « DOSAGE DES CARBONATES ET BICARBONATES » est de **10 jours**.,Le laboratoire réalise l'essai « DOSAGE DES CARBONATES ET BICARBONATES » dans un délai de **10 jours** à compter de la réception de l'échantillon.,Eau et environnement,"dosage, carbonates, bicarbonates, eau, environnement",Moyenne,"dosage_carbonates_bicarbonates_norme, dosage_carbonates_bicarbonates_accreditation"
dosage_carbonates_bicarbonates_accreditation,L'essai « DOSAGE DES CARBONATES ET BICARBONATES » est-il accrédité ?,accréditation de l'essai dosage des carbonates et bicarbonates | cet essai est-il couvert par l'accréditation ? | portée d'accréditation pour dosage des carbonates et bicarbonates | dosage des carbonates et bicarbonates accrédité,"Non, l'essai « DOSAGE DES CARBONATES ET BICARBONATES » n'est pas accrédité.",L'essai « DOSAGE DES CARBONATES ET BICARBONATES » est proposé par le laboratoire mais ne fait pas partie de sa portée d'accréditation actuelle.,Eau et environnement,"dosage, carbonates, bicarbonates, eau, environnement",Moyenne,"dosage_carbonates_bicarbonates_norme, dosage_carbonates_bicarbonates_delai"
detrmination_fluores_composes_norme,Selon quelle norme réalisez-vous l'essai « DETRMINATION DES FLUORES ET COMPOSES » ?,norme detrmination des fluores et composes | référence normative de l'essai detrmination des fluores et composes | quelle norme utilisez-vous pour cet essai ? | detrmination des fluores et composes norme applicable,Cet essai est réalisé selon notre mode opératoire interne.,Le laboratoire réalise l'essai « DETRMINATION DES FLUORES ET COMPOSES » selon son mode opératoire interne. Rapprochez-vous de nous pour plus de détails sur la méthode appliquée.,Eau et environnement,"detrmination, fluores, composes, eau, environnement",Basse,"detrmination_fluores_composes_delai, detrmination_fluores_composes_accreditation"
detrmination_fluores_composes_delai,Quel est le délai de réalisation de l'essai « DETRMINATION DES FLUORES ET COMPOSES » ?,délai de l'essai detrmination des fluores et composes | combien de temps prend l'essai detrmination des fluores et composes ? | quand aurai-je les résultats pour detrmination des fluores et composes | temps de traitement detrmination des fluores et composes,Le délai de réalisation de l'essai « DETRMINATION DES FLUORES ET COMPOSES » est de **20 jours**.,Le laboratoire réalise l'essai « DETRMINATION DES FLUORES ET COMPOSES » dans un délai de **20 jours** à compter de la réception de l'échantillon.,Eau et environnement,"detrmination, fluores, composes, eau, environnement",Basse,"detrmination_fluores_composes_norme, detrmination_fluores_composes_accreditation"
detrmination_fluores_composes_accreditation,L'essai « DETRMINATION DES FLUORES ET COMPOSES » est-il accrédité ?,accréditation de l'essai detrmination des fluores et composes | cet essai est-il couvert par l'accréditation ? | portée d'accréditation pour detrmination des fluores et composes | detrmination des fluores et composes accrédité,"Non, l'essai « DETRMINATION DES FLUORES ET COMPOSES » n'est pas accrédité.",L'essai « DETRMINATION DES FLUORES ET COMPOSES » est proposé par le laboratoire mais ne fait pas partie de sa portée d'accréditation actuelle.,Eau et environnement,"detrmination, fluores, composes, eau, environnement",Basse,"detrmination_fluores_composes_norme, detrmination_fluores_composes_delai"
detrminationdu_tauxdes_hydrocarbures_totaux_norme,Selon quelle norme réalisez-vous l'essai « DETRMINATIONDU TAUXDES HYDROCARBURES TOTAUX » ?,norme detrminationdu tauxdes hydrocarbures totaux | référence normative de l'essai detrminationdu tauxdes hydrocarbures totaux | quelle norme utilisez-vous pour cet essai ? | detrminationdu tauxdes hydrocarbures totaux norme applicable,Cet essai est réalisé selon notre mode opératoire interne.,Le laboratoire réalise l'essai « DETRMINATIONDU TAUXDES HYDROCARBURES TOTAUX » selon son mode opératoire interne. Rapprochez-vous de nous pour plus de détails sur la méthode appliquée.,Eau et environnement,"detrminationdu, tauxdes, hydrocarbures, totaux, eau, environnement",Basse,"detrminationdu_tauxdes_hydrocarbures_totaux_delai, detrminationdu_tauxdes_hydrocarbures_totaux_accreditation"
detrminationdu_tauxdes_hydrocarbures_totaux_delai,Quel est le délai de réalisation de l'essai « DETRMINATIONDU TAUXDES HYDROCARBURES TOTAUX » ?,délai de l'essai detrminationdu tauxdes hydrocarbures totaux | combien de temps prend l'essai detrminationdu tauxdes hydrocarbures totaux ? | quand aurai-je les résultats pour detrminationdu tauxdes hydrocarbures totaux | temps de traitement detrminationdu tauxdes hydrocarbures totaux,Le délai de réalisation de l'essai « DETRMINATIONDU TAUXDES HYDROCARBURES TOTAUX » est de **20 jours**.,Le laboratoire réalise l'essai « DETRMINATIONDU TAUXDES HYDROCARBURES TOTAUX » dans un délai de **20 jours** à compter de la réception de l'échantillon.,Eau et environnement,"detrminationdu, tauxdes, hydrocarbures, totaux, eau, environnement",Basse,"detrminationdu_tauxdes_hydrocarbures_totaux_norme, detrminationdu_tauxdes_hydrocarbures_totaux_accreditation"
detrminationdu_tauxdes_hydrocarbures_totaux_accreditation,L'essai « DETRMINATIONDU TAUXDES HYDROCARBURES TOTAUX » est-il accrédité ?,accréditation de l'essai detrminationdu tauxdes hydrocarbures totaux | cet essai est-il couvert par l'accréditation ? | portée d'accréditation pour detrminationdu tauxdes hydrocarbures totaux | detrminationdu tauxdes hydrocarbures totaux accrédité,"Non, l'essai « DETRMINATIONDU TAUXDES HYDROCARBURES TOTAUX » n'est pas accrédité.",L'essai « DETRMINATIONDU TAUXDES HYDROCARBURES TOTAUX » est proposé par le laboratoire mais ne fait pas partie de sa portée d'accréditation actuelle.,Eau et environnement,"detrminationdu, tauxdes, hydrocarbures, totaux, eau, environnement",Basse,"detrminationdu_tauxdes_hydrocarbures_totaux_norme, detrminationdu_tauxdes_hydrocarbures_totaux_delai"
substances_bioaccumulables_norme,Selon quelle norme réalisez-vous l'essai « SUBSTANCES BIOACCUMULABLES » ?,norme substances bioaccumulables | référence normative de l'essai substances bioaccumulables | quelle norme utilisez-vous pour cet essai ? | substances bioaccumulables norme applicable,Cet essai est réalisé selon notre mode opératoire interne.,Le laboratoire réalise l'essai « SUBSTANCES BIOACCUMULABLES » selon son mode opératoire interne. Rapprochez-vous de nous pour plus de détails sur la méthode appliquée.,Eau et environnement,"substances, bioaccumulables, eau, environnement",Basse,"substances_bioaccumulables_delai, substances_bioaccumulables_accreditation"
substances_bioaccumulables_delai,Quel est le délai de réalisation de l'essai « SUBSTANCES BIOACCUMULABLES » ?,délai de l'essai substances bioaccumulables | combien de temps prend l'essai substances bioaccumulables ? | quand aurai-je les résultats pour substances bioaccumulables | temps de traitement substances bioaccumulables,Le délai de réalisation de l'essai « SUBSTANCES BIOACCUMULABLES » est de **20 jours**.,Le laboratoire réalise l'essai « SUBSTANCES BIOACCUMULABLES » dans un délai de **20 jours** à compter de la réception de l'échantillon.,Eau et environnement,"substances, bioaccumulables, eau, environnement",Basse,"substances_bioaccumulables_norme, substances_bioaccumulables_accreditation"
substances_bioaccumulables_accreditation,L'essai « SUBSTANCES BIOACCUMULABLES » est-il accrédité ?,accréditation de l'essai substances bioaccumulables | cet essai est-il couvert par l'accréditation ? | portée d'accréditation pour substances bioaccumulables | substances bioaccumulables accrédité,"Non, l'essai « SUBSTANCES BIOACCUMULABLES » n'est pas accrédité.",L'essai « SUBSTANCES BIOACCUMULABLES » est proposé par le laboratoire mais ne fait pas partie de sa portée d'accréditation actuelle.,Eau et environnement,"substances, bioaccumulables, eau, environnement",Basse,"substances_bioaccumulables_norme, substances_bioaccumulables_delai"
azote_kjeldahl_norme,Selon quelle norme réalisez-vous l'essai « AZOTE KJELDAHL » ?,norme azote kjeldahl | référence normative de l'essai azote kjeldahl | quelle norme utilisez-vous pour cet essai ? | azote kjeldahl norme applicable,Cet essai est réalisé selon notre mode opératoire interne.,Le laboratoire réalise l'essai « AZOTE KJELDAHL » selon son mode opératoire interne. Rapprochez-vous de nous pour plus de détails sur la méthode appliquée.,Eau et environnement,"azote, kjeldahl, eau, environnement",Basse,"azote_kjeldahl_delai, azote_kjeldahl_accreditation"
azote_kjeldahl_delai,Quel est le délai de réalisation de l'essai « AZOTE KJELDAHL » ?,délai de l'essai azote kjeldahl | combien de temps prend l'essai azote kjeldahl ? | quand aurai-je les résultats pour azote kjeldahl | temps de traitement azote kjeldahl,Le délai de réalisation de l'essai « AZOTE KJELDAHL » est de **20 jours**.,Le laboratoire réalise l'essai « AZOTE KJELDAHL » dans un délai de **20 jours** à compter de la réception de l'échantillon.,Eau et environnement,"azote, kjeldahl, eau, environnement",Basse,"azote_kjeldahl_norme, azote_kjeldahl_accreditation"
azote_kjeldahl_accreditation,L'essai « AZOTE KJELDAHL » est-il accrédité ?,accréditation de l'essai azote kjeldahl | cet essai est-il couvert par l'accréditation ? | portée d'accréditation pour azote kjeldahl | azote kjeldahl accrédité,"Non, l'essai « AZOTE KJELDAHL » n'est pas accrédité.",L'essai « AZOTE KJELDAHL » est proposé par le laboratoire mais ne fait pas partie de sa portée d'accréditation actuelle.,Eau et environnement,"azote, kjeldahl, eau, environnement",Basse,"azote_kjeldahl_norme, azote_kjeldahl_delai"
composes_organiques_chlores_norme,Selon quelle norme réalisez-vous l'essai « COMPOSES ORGANIQUES CHLORES » ?,norme composes organiques chlores | référence normative de l'essai composes organiques chlores | quelle norme utilisez-vous pour cet essai ? | composes organiques chlores norme applicable,Cet essai est réalisé selon notre mode opératoire interne.,Le laboratoire réalise l'essai « COMPOSES ORGANIQUES CHLORES » selon son mode opératoire interne. Rapprochez-vous de nous pour plus de détails sur la méthode appliquée.,Eau et environnement,"composes, organiques, chlores, eau, environnement",Basse,"composes_organiques_chlores_delai, composes_organiques_chlores_accreditation"
composes_organiques_chlores_delai,Quel est le délai de réalisation de l'essai « COMPOSES ORGANIQUES CHLORES » ?,délai de l'essai composes organiques chlores | combien de temps prend l'essai composes organiques chlores ? | quand aurai-je les résultats pour composes organiques chlores | temps de traitement composes organiques chlores,Le délai de réalisation de l'essai « COMPOSES ORGANIQUES CHLORES » est de **20 jours**.,Le laboratoire réalise l'essai « COMPOSES ORGANIQUES CHLORES » dans un délai de **20 jours** à compter de la réception de l'échantillon.,Eau et environnement,"composes, organiques, chlores, eau, environnement",Basse,"composes_organiques_chlores_norme, composes_organiques_chlores_accreditation"
composes_organiques_chlores_accreditation,L'essai « COMPOSES ORGANIQUES CHLORES » est-il accrédité ?,accréditation de l'essai composes organiques chlores | cet essai est-il couvert par l'accréditation ? | portée d'accréditation pour composes organiques chlores | composes organiques chlores accrédité,"Non, l'essai « COMPOSES ORGANIQUES CHLORES » n'est pas accrédité.",L'essai « COMPOSES ORGANIQUES CHLORES » est proposé par le laboratoire mais ne fait pas partie de sa portée d'accréditation actuelle.,Eau et environnement,"composes, organiques, chlores, eau, environnement",Basse,"composes_organiques_chlores_norme, composes_organiques_chlores_delai"
huiles_graisses_norme,Selon quelle norme réalisez-vous l'essai « HUILES ET GRAISSES » ?,norme huiles et graisses | référence normative de l'essai huiles et graisses | quelle norme utilisez-vous pour cet essai ? | huiles et graisses norme applicable,Cet essai est réalisé selon notre mode opératoire interne.,Le laboratoire réalise l'essai « HUILES ET GRAISSES » selon son mode opératoire interne. Rapprochez-vous de nous pour plus de détails sur la méthode appliquée.,Eau et environnement,"huiles, graisses, eau, environnement",Basse,"huiles_graisses_delai, huiles_graisses_accreditation"
huiles_graisses_delai,Quel est le délai de réalisation de l'essai « HUILES ET GRAISSES » ?,délai de l'essai huiles et graisses | combien de temps prend l'essai huiles et graisses ? | quand aurai-je les résultats pour huiles et graisses | temps de traitement huiles et graisses,Le délai de réalisation de l'essai « HUILES ET GRAISSES » est de **20 jours**.,Le laboratoire réalise l'essai « HUILES ET GRAISSES » dans un délai de **20 jours** à compter de la réception de l'échantillon.,Eau et environnement,"huiles, graisses, eau, environnement",Basse,"huiles_graisses_norme, huiles_graisses_accreditation"
huiles_graisses_accreditation,L'essai « HUILES ET GRAISSES » est-il accrédité ?,accréditation de l'essai huiles et graisses | cet essai est-il couvert par l'accréditation ? | portée d'accréditation pour huiles et graisses | huiles et graisses accrédité,"Non, l'essai « HUILES ET GRAISSES » n'est pas accrédité.",L'essai « HUILES ET GRAISSES » est proposé par le laboratoire mais ne fait pas partie de sa portée d'accréditation actuelle.,Eau et environnement,"huiles, graisses, eau, environnement",Basse,"huiles_graisses_norme, huiles_graisses_delai"
analyse_eaux_rejet_norme,Selon quelle norme réalisez-vous l'essai « ANALYSE DES EAUX DE REJET » ?,norme analyse des eaux de rejet | référence normative de l'essai analyse des eaux de rejet | quelle norme utilisez-vous pour cet essai ? | analyse des eaux de rejet norme applicable,Cet essai est réalisé selon notre mode opératoire interne.,Le laboratoire réalise l'essai « ANALYSE DES EAUX DE REJET » selon son mode opératoire interne. Rapprochez-vous de nous pour plus de détails sur la méthode appliquée.,Eau et environnement,"analyse, eaux, rejet, eau, environnement",Basse,"analyse_eaux_rejet_delai, analyse_eaux_rejet_accreditation"
analyse_eaux_rejet_delai,Quel est le délai de réalisation de l'essai « ANALYSE DES EAUX DE REJET » ?,délai de l'essai analyse des eaux de rejet | combien de temps prend l'essai analyse des eaux de rejet ? | quand aurai-je les résultats pour analyse des eaux de rejet | temps de traitement analyse des eaux de rejet,Le délai de réalisation de l'essai « ANALYSE DES EAUX DE REJET » est de **20 jours**.,Le laboratoire réalise l'essai « ANALYSE DES EAUX DE REJET » dans un délai de **20 jours** à compter de la réception de l'échantillon.,Eau et environnement,"analyse, eaux, rejet, eau, environnement",Basse,"analyse_eaux_rejet_norme, analyse_eaux_rejet_accreditation"
analyse_eaux_rejet_accreditation,L'essai « ANALYSE DES EAUX DE REJET » est-il accrédité ?,accréditation de l'essai analyse des eaux de rejet | cet essai est-il couvert par l'accréditation ? | portée d'accréditation pour analyse des eaux de rejet | analyse des eaux de rejet accrédité,"Non, l'essai « ANALYSE DES EAUX DE REJET » n'est pas accrédité.",L'essai « ANALYSE DES EAUX DE REJET » est proposé par le laboratoire mais ne fait pas partie de sa portée d'accréditation actuelle.,Eau et environnement,"analyse, eaux, rejet, eau, environnement",Basse,"analyse_eaux_rejet_norme, analyse_eaux_rejet_delai"
determination_chrome_vi_norme,Selon quelle norme réalisez-vous l'essai « DÉTERMINATION DU CHROME VI » ?,norme détermination du chrome vi | référence normative de l'essai détermination du chrome vi | quelle norme utilisez-vous pour cet essai ? | détermination du chrome vi norme applicable,Cet essai est réalisé selon notre mode opératoire interne.,Le laboratoire réalise l'essai « DÉTERMINATION DU CHROME VI » selon son mode opératoire interne. Rapprochez-vous de nous pour plus de détails sur la méthode appliquée.,Eau et environnement,"determination, chrome, eau, environnement",Basse,"determination_chrome_vi_delai, determination_chrome_vi_accreditation"
determination_chrome_vi_delai,Quel est le délai de réalisation de l'essai « DÉTERMINATION DU CHROME VI » ?,délai de l'essai détermination du chrome vi | combien de temps prend l'essai détermination du chrome vi ? | quand aurai-je les résultats pour détermination du chrome vi | temps de traitement détermination du chrome vi,Le délai de réalisation de l'essai « DÉTERMINATION DU CHROME VI » est de **5 jours**.,Le laboratoire réalise l'essai « DÉTERMINATION DU CHROME VI » dans un délai de **5 jours** à compter de la réception de l'échantillon.,Eau et environnement,"determination, chrome, eau, environnement",Basse,"determination_chrome_vi_norme, determination_chrome_vi_accreditation"
determination_chrome_vi_accreditation,L'essai « DÉTERMINATION DU CHROME VI » est-il accrédité ?,accréditation de l'essai détermination du chrome vi | cet essai est-il couvert par l'accréditation ? | portée d'accréditation pour détermination du chrome vi | détermination du chrome vi accrédité,"Non, l'essai « DÉTERMINATION DU CHROME VI » n'est pas accrédité.",L'essai « DÉTERMINATION DU CHROME VI » est proposé par le laboratoire mais ne fait pas partie de sa portée d'accréditation actuelle.,Eau et environnement,"determination, chrome, eau, environnement",Basse,"determination_chrome_vi_norme, determination_chrome_vi_delai"
determination_demande_biologique_oxygene_norme,Selon quelle norme réalisez-vous l'essai « DÉTERMINATION DE LA DEMANDE BIOLOGIQUE EN OXYGÈNE (DBO5) » ?,norme détermination de la demande biologique en oxygène (dbo5) | référence normative de l'essai détermination de la demande biologique en oxygène (dbo5) | quelle norme utilisez-vous pour cet essai ? | détermination de la demande biologique en oxygène (dbo5) norme applicable,L'essai « DÉTERMINATION DE LA DEMANDE BIOLOGIQUE EN OXYGÈNE (DBO5) » est réalisé selon **DBOmétre**.,Le laboratoire réalise l'essai « DÉTERMINATION DE LA DEMANDE BIOLOGIQUE EN OXYGÈNE (DBO5) » selon **DBOmétre**.,Eau et environnement,"determination, demande, biologique, oxygene, eau, environnement",Moyenne,"determination_demande_biologique_oxygene_delai, determination_demande_biologique_oxygene_accreditation"
determination_demande_biologique_oxygene_delai,Quel est le délai de réalisation de l'essai « DÉTERMINATION DE LA DEMANDE BIOLOGIQUE EN OXYGÈNE (DBO5) » ?,délai de l'essai détermination de la demande biologique en oxygène (dbo5) | combien de temps prend l'essai détermination de la demande biologique en oxygène (dbo5) ? | quand aurai-je les résultats pour détermination de la demande biologique en oxygène (dbo5) | temps de traitement détermination de la demande biologique en oxygène (dbo5),Le délai de réalisation de l'essai « DÉTERMINATION DE LA DEMANDE BIOLOGIQUE EN OXYGÈNE (DBO5) » est de **7 jours**.,Le laboratoire réalise l'essai « DÉTERMINATION DE LA DEMANDE BIOLOGIQUE EN OXYGÈNE (DBO5) » dans un délai de **7 jours** à compter de la réception de l'échantillon.,Eau et environnement,"determination, demande, biologique, oxygene, eau, environnement",Moyenne,"determination_demande_biologique_oxygene_norme, determination_demande_biologique_oxygene_accreditation"
determination_demande_biologique_oxygene_accreditation,L'essai « DÉTERMINATION DE LA DEMANDE BIOLOGIQUE EN OXYGÈNE (DBO5) » est-il accrédité ?,accréditation de l'essai détermination de la demande biologique en oxygène (dbo5) | cet essai est-il couvert par l'accréditation ? | portée d'accréditation pour détermination de la demande biologique en oxygène (dbo5) | détermination de la demande biologique en oxygène (dbo5) accrédité,"Non, l'essai « DÉTERMINATION DE LA DEMANDE BIOLOGIQUE EN OXYGÈNE (DBO5) » n'est pas accrédité.",L'essai « DÉTERMINATION DE LA DEMANDE BIOLOGIQUE EN OXYGÈNE (DBO5) » est proposé par le laboratoire mais ne fait pas partie de sa portée d'accréditation actuelle.,Eau et environnement,"determination, demande, biologique, oxygene, eau, environnement",Moyenne,"determination_demande_biologique_oxygene_norme, determination_demande_biologique_oxygene_delai"
determination_demande_chimique_oxygene_norme,Selon quelle norme réalisez-vous l'essai « DÉTERMINATION DE LA DEMANDE CHIMIQUE EN OXYGÈNE (DCO) » ?,norme détermination de la demande chimique en oxygène (dco) | référence normative de l'essai détermination de la demande chimique en oxygène (dco) | quelle norme utilisez-vous pour cet essai ? | détermination de la demande chimique en oxygène (dco) norme applicable,L'essai « DÉTERMINATION DE LA DEMANDE CHIMIQUE EN OXYGÈNE (DCO) » est réalisé selon **Spéctromètre DR 3900**.,Le laboratoire réalise l'essai « DÉTERMINATION DE LA DEMANDE CHIMIQUE EN OXYGÈNE (DCO) » selon **Spéctromètre DR 3900**.,Eau et environnement,"determination, demande, chimique, oxygene, eau, environnement",Moyenne,"determination_demande_chimique_oxygene_delai, determination_demande_chimique_oxygene_accreditation"
determination_demande_chimique_oxygene_delai,Quel est le délai de réalisation de l'essai « DÉTERMINATION DE LA DEMANDE CHIMIQUE EN OXYGÈNE (DCO) » ?,délai de l'essai détermination de la demande chimique en oxygène (dco) | combien de temps prend l'essai détermination de la demande chimique en oxygène (dco) ? | quand aurai-je les résultats pour détermination de la demande chimique en oxygène (dco) | temps de traitement détermination de la demande chimique en oxygène (dco),Le délai de réalisation de l'essai « DÉTERMINATION DE LA DEMANDE CHIMIQUE EN OXYGÈNE (DCO) » est de **7 jours**.,Le laboratoire réalise l'essai « DÉTERMINATION DE LA DEMANDE CHIMIQUE EN OXYGÈNE (DCO) » dans un délai de **7 jours** à compter de la réception de l'échantillon.,Eau et environnement,"determination, demande, chimique, oxygene, eau, environnement",Moyenne,"determination_demande_chimique_oxygene_norme, determination_demande_chimique_oxygene_accreditation"
determination_demande_chimique_oxygene_accreditation,L'essai « DÉTERMINATION DE LA DEMANDE CHIMIQUE EN OXYGÈNE (DCO) » est-il accrédité ?,accréditation de l'essai détermination de la demande chimique en oxygène (dco) | cet essai est-il couvert par l'accréditation ? | portée d'accréditation pour détermination de la demande chimique en oxygène (dco) | détermination de la demande chimique en oxygène (dco) accrédité,"Non, l'essai « DÉTERMINATION DE LA DEMANDE CHIMIQUE EN OXYGÈNE (DCO) » n'est pas accrédité.",L'essai « DÉTERMINATION DE LA DEMANDE CHIMIQUE EN OXYGÈNE (DCO) » est proposé par le laboratoire mais ne fait pas partie de sa portée d'accréditation actuelle.,Eau et environnement,"determination, demande, chimique, oxygene, eau, environnement",Moyenne,"determination_demande_chimique_oxygene_norme, determination_demande_chimique_oxygene_delai"
determination_phosphore_total_norme,Selon quelle norme réalisez-vous l'essai « DÉTERMINATION DU PHOSPHORE TOTAL (PO4) » ?,norme détermination du phosphore total (po4) | référence normative de l'essai détermination du phosphore total (po4) | quelle norme utilisez-vous pour cet essai ? | détermination du phosphore total (po4) norme applicable,L'essai « DÉTERMINATION DU PHOSPHORE TOTAL (PO4) » est réalisé selon **Spéctromètre DR 3900**.,Le laboratoire réalise l'essai « DÉTERMINATION DU PHOSPHORE TOTAL (PO4) » selon **Spéctromètre DR 3900**.,Eau et environnement,"determination, phosphore, total, eau, environnement",Moyenne,"determination_phosphore_total_delai, determination_phosphore_total_accreditation"
determination_phosphore_total_delai,Quel est le délai de réalisation de l'essai « DÉTERMINATION DU PHOSPHORE TOTAL (PO4) » ?,délai de l'essai détermination du phosphore total (po4) | combien de temps prend l'essai détermination du phosphore total (po4) ? | quand aurai-je les résultats pour détermination du phosphore total (po4) | temps de traitement détermination du phosphore total (po4),Le délai de réalisation de l'essai « DÉTERMINATION DU PHOSPHORE TOTAL (PO4) » est de **5 jours**.,Le laboratoire réalise l'essai « DÉTERMINATION DU PHOSPHORE TOTAL (PO4) » dans un délai de **5 jours** à compter de la réception de l'échantillon.,Eau et environnement,"determination, phosphore, total, eau, environnement",Moyenne,"determination_phosphore_total_norme, determination_phosphore_total_accreditation"
determination_phosphore_total_accreditation,L'essai « DÉTERMINATION DU PHOSPHORE TOTAL (PO4) » est-il accrédité ?,accréditation de l'essai détermination du phosphore total (po4) | cet essai est-il couvert par l'accréditation ? | portée d'accréditation pour détermination du phosphore total (po4) | détermination du phosphore total (po4) accrédité,"Non, l'essai « DÉTERMINATION DU PHOSPHORE TOTAL (PO4) » n'est pas accrédité.",L'essai « DÉTERMINATION DU PHOSPHORE TOTAL (PO4) » est proposé par le laboratoire mais ne fait pas partie de sa portée d'accréditation actuelle.,Eau et environnement,"determination, phosphore, total, eau, environnement",Moyenne,"determination_phosphore_total_norme, determination_phosphore_total_delai"
matieres_organiques_dans_eaux_norme,Selon quelle norme réalisez-vous l'essai « MATIÈRES ORGANIQUES DANS LES EAUX » ?,norme matières organiques dans les eaux | référence normative de l'essai matières organiques dans les eaux | quelle norme utilisez-vous pour cet essai ? | matières organiques dans les eaux norme applicable,Cet essai est réalisé selon notre mode opératoire interne.,Le laboratoire réalise l'essai « MATIÈRES ORGANIQUES DANS LES EAUX » selon son mode opératoire interne. Rapprochez-vous de nous pour plus de détails sur la méthode appliquée.,Eau et environnement,"matieres, organiques, eaux, eau, environnement",Basse,"matieres_organiques_dans_eaux_delai, matieres_organiques_dans_eaux_accreditation"
matieres_organiques_dans_eaux_delai,Quel est le délai de réalisation de l'essai « MATIÈRES ORGANIQUES DANS LES EAUX » ?,délai de l'essai matières organiques dans les eaux | combien de temps prend l'essai matières organiques dans les eaux ? | quand aurai-je les résultats pour matières organiques dans les eaux | temps de traitement matières organiques dans les eaux,Le délai de réalisation de l'essai « MATIÈRES ORGANIQUES DANS LES EAUX » est de **20 jours**.,Le laboratoire réalise l'essai « MATIÈRES ORGANIQUES DANS LES EAUX » dans un délai de **20 jours** à compter de la réception de l'échantillon.,Eau et environnement,"matieres, organiques, eaux, eau, environnement",Basse,"matieres_organiques_dans_eaux_norme, matieres_organiques_dans_eaux_accreditation"
matieres_organiques_dans_eaux_accreditation,L'essai « MATIÈRES ORGANIQUES DANS LES EAUX » est-il accrédité ?,accréditation de l'essai matières organiques dans les eaux | cet essai est-il couvert par l'accréditation ? | portée d'accréditation pour matières organiques dans les eaux | matières organiques dans les eaux accrédité,"Non, l'essai « MATIÈRES ORGANIQUES DANS LES EAUX » n'est pas accrédité.",L'essai « MATIÈRES ORGANIQUES DANS LES EAUX » est proposé par le laboratoire mais ne fait pas partie de sa portée d'accréditation actuelle.,Eau et environnement,"matieres, organiques, eaux, eau, environnement",Basse,"matieres_organiques_dans_eaux_norme, matieres_organiques_dans_eaux_delai"
analyse_eau_gachage_norme,Selon quelle norme réalisez-vous l'essai « ANALYSE DE L'EAU DE GACHAGE » ?,norme analyse de l'eau de gachage | référence normative de l'essai analyse de l'eau de gachage | quelle norme utilisez-vous pour cet essai ? | analyse de l'eau de gachage norme applicable,Cet essai est réalisé selon notre mode opératoire interne.,Le laboratoire réalise l'essai « ANALYSE DE L'EAU DE GACHAGE » selon son mode opératoire interne. Rapprochez-vous de nous pour plus de détails sur la méthode appliquée.,Eau et environnement,"analyse, eau, gachage, environnement",Basse,"analyse_eau_gachage_delai, analyse_eau_gachage_accreditation"
analyse_eau_gachage_delai,Quel est le délai de réalisation de l'essai « ANALYSE DE L'EAU DE GACHAGE » ?,délai de l'essai analyse de l'eau de gachage | combien de temps prend l'essai analyse de l'eau de gachage ? | quand aurai-je les résultats pour analyse de l'eau de gachage | temps de traitement analyse de l'eau de gachage,Le délai de réalisation de l'essai « ANALYSE DE L'EAU DE GACHAGE » est de **15 jours**.,Le laboratoire réalise l'essai « ANALYSE DE L'EAU DE GACHAGE » dans un délai de **15 jours** à compter de la réception de l'échantillon.,Eau et environnement,"analyse, eau, gachage, environnement",Basse,"analyse_eau_gachage_norme, analyse_eau_gachage_accreditation"
analyse_eau_gachage_accreditation,L'essai « ANALYSE DE L'EAU DE GACHAGE » est-il accrédité ?,accréditation de l'essai analyse de l'eau de gachage | cet essai est-il couvert par l'accréditation ? | portée d'accréditation pour analyse de l'eau de gachage | analyse de l'eau de gachage accrédité,"Non, l'essai « ANALYSE DE L'EAU DE GACHAGE » n'est pas accrédité.",L'essai « ANALYSE DE L'EAU DE GACHAGE » est proposé par le laboratoire mais ne fait pas partie de sa portée d'accréditation actuelle.,Eau et environnement,"analyse, eau, gachage, environnement",Basse,"analyse_eau_gachage_norme, analyse_eau_gachage_delai"
analyse_eau_gachage_2_norme,Selon quelle norme réalisez-vous l'essai « ANALYSE DE L'EAU DE GACHAGE » ?,norme analyse de l'eau de gachage | référence normative de l'essai analyse de l'eau de gachage | quelle norme utilisez-vous pour cet essai ? | analyse de l'eau de gachage norme applicable,Cet essai est réalisé selon notre mode opératoire interne.,Le laboratoire réalise l'essai « ANALYSE DE L'EAU DE GACHAGE » selon son mode opératoire interne. Rapprochez-vous de nous pour plus de détails sur la méthode appliquée.,Eau et environnement,"analyse, eau, gachage, environnement",Basse,"analyse_eau_gachage_2_delai, analyse_eau_gachage_2_accreditation"
analyse_eau_gachage_2_delai,Quel est le délai de réalisation de l'essai « ANALYSE DE L'EAU DE GACHAGE » ?,délai de l'essai analyse de l'eau de gachage | combien de temps prend l'essai analyse de l'eau de gachage ? | quand aurai-je les résultats pour analyse de l'eau de gachage | temps de traitement analyse de l'eau de gachage,Le délai de réalisation de l'essai « ANALYSE DE L'EAU DE GACHAGE » est de **15 jours**.,Le laboratoire réalise l'essai « ANALYSE DE L'EAU DE GACHAGE » dans un délai de **15 jours** à compter de la réception de l'échantillon.,Eau et environnement,"analyse, eau, gachage, environnement",Basse,"analyse_eau_gachage_2_norme, analyse_eau_gachage_2_accreditation"
analyse_eau_gachage_2_accreditation,L'essai « ANALYSE DE L'EAU DE GACHAGE » est-il accrédité ?,accréditation de l'essai analyse de l'eau de gachage | cet essai est-il couvert par l'accréditation ? | portée d'accréditation pour analyse de l'eau de gachage | analyse de l'eau de gachage accrédité,"Non, l'essai « ANALYSE DE L'EAU DE GACHAGE » n'est pas accrédité.",L'essai « ANALYSE DE L'EAU DE GACHAGE » est proposé par le laboratoire mais ne fait pas partie de sa portée d'accréditation actuelle.,Eau et environnement,"analyse, eau, gachage, environnement",Basse,"analyse_eau_gachage_2_norme, analyse_eau_gachage_2_delai"
analyse_granulometrique_poudres_fines_tamiseuse_jet_norme,Selon quelle norme réalisez-vous l'essai « ANALYSE GRANULOMÉTRIQUE DES POUDRES FINES SUR TAMISEUSE À JET D'AIR » ?,norme analyse granulométrique des poudres fines sur tamiseuse à jet d'air | référence normative de l'essai analyse granulométrique des poudres fines sur tamiseuse à jet d'air | quelle norme utilisez-vous pour cet essai ? | analyse granulométrique des poudres fines sur tamiseuse à jet d'air norme applicable,L'essai « ANALYSE GRANULOMÉTRIQUE DES POUDRES FINES SUR TAMISEUSE À JET D'AIR » est réalisé selon **NF EN 196-6**.,Le laboratoire réalise l'essai « ANALYSE GRANULOMÉTRIQUE DES POUDRES FINES SUR TAMISEUSE À JET D'AIR » selon **NF EN 196-6**.,Ciment,"analyse, granulometrique, poudres, fines, tamiseuse, jet, ciment, mortier",Moyenne,"analyse_granulometrique_poudres_fines_tamiseuse_jet_delai, analyse_granulometrique_poudres_fines_tamiseuse_jet_accreditation"
analyse_granulometrique_poudres_fines_tamiseuse_jet_delai,Quel est le délai de réalisation de l'essai « ANALYSE GRANULOMÉTRIQUE DES POUDRES FINES SUR TAMISEUSE À JET D'AIR » ?,délai de l'essai analyse granulométrique des poudres fines sur tamiseuse à jet d'air | combien de temps prend l'essai analyse granulométrique des poudres fines sur tamiseuse à jet d'air ? | quand aurai-je les résultats pour analyse granulométrique des poudres fines sur tamiseuse à jet d'air | temps de traitement analyse granulométrique des poudres fines sur tamiseuse à jet d'air,Le délai de réalisation de l'essai « ANALYSE GRANULOMÉTRIQUE DES POUDRES FINES SUR TAMISEUSE À JET D'AIR » est de **4 jours**.,Le laboratoire réalise l'essai « ANALYSE GRANULOMÉTRIQUE DES POUDRES FINES SUR TAMISEUSE À JET D'AIR » dans un délai de **4 jours** à compter de la réception de l'échantillon.,Ciment,"analyse, granulometrique, poudres, fines, tamiseuse, jet, ciment, mortier",Moyenne,"analyse_granulometrique_poudres_fines_tamiseuse_jet_norme, analyse_granulometrique_poudres_fines_tamiseuse_jet_accreditation"
analyse_granulometrique_poudres_fines_tamiseuse_jet_accreditation,L'essai « ANALYSE GRANULOMÉTRIQUE DES POUDRES FINES SUR TAMISEUSE À JET D'AIR » est-il accrédité ?,accréditation de l'essai analyse granulométrique des poudres fines sur tamiseuse à jet d'air | cet essai est-il couvert par l'accréditation ? | portée d'accréditation pour analyse granulométrique des poudres fines sur tamiseuse à jet d'air | analyse granulométrique des poudres fines sur tamiseuse à jet d'air accrédité,"Non, l'essai « ANALYSE GRANULOMÉTRIQUE DES POUDRES FINES SUR TAMISEUSE À JET D'AIR » n'est pas accrédité.",L'essai « ANALYSE GRANULOMÉTRIQUE DES POUDRES FINES SUR TAMISEUSE À JET D'AIR » est proposé par le laboratoire mais ne fait pas partie de sa portée d'accréditation actuelle.,Ciment,"analyse, granulometrique, poudres, fines, tamiseuse, jet, ciment, mortier",Moyenne,"analyse_granulometrique_poudres_fines_tamiseuse_jet_norme, analyse_granulometrique_poudres_fines_tamiseuse_jet_delai"
analyse_granulometrique_poudres_methode_par_diffraction_norme,Selon quelle norme réalisez-vous l'essai « ANALYSE GRANULOMÉTRIQUE DES POUDRES — MÉTHODE PAR DIFFRACTION (LASER) » ?,norme analyse granulométrique des poudres — méthode par diffraction (laser) | référence normative de l'essai analyse granulométrique des poudres — méthode par diffraction (laser) | quelle norme utilisez-vous pour cet essai ? | analyse granulométrique des poudres — méthode par diffraction (laser) norme applicable,L'essai « ANALYSE GRANULOMÉTRIQUE DES POUDRES — MÉTHODE PAR DIFFRACTION (LASER) » est réalisé selon **Selon mode Operatoire**.,Le laboratoire réalise l'essai « ANALYSE GRANULOMÉTRIQUE DES POUDRES — MÉTHODE PAR DIFFRACTION (LASER) » selon **Selon mode Operatoire**.,Ciment,"analyse, granulometrique, poudres, methode, diffraction, ciment, mortier",Moyenne,"analyse_granulometrique_poudres_methode_par_diffraction_delai, analyse_granulometrique_poudres_methode_par_diffraction_accreditation"
analyse_granulometrique_poudres_methode_par_diffraction_delai,Quel est le délai de réalisation de l'essai « ANALYSE GRANULOMÉTRIQUE DES POUDRES — MÉTHODE PAR DIFFRACTION (LASER) » ?,délai de l'essai analyse granulométrique des poudres — méthode par diffraction (laser) | combien de temps prend l'essai analyse granulométrique des poudres — méthode par diffraction (laser) ? | quand aurai-je les résultats pour analyse granulométrique des poudres — méthode par diffraction (laser) | temps de traitement analyse granulométrique des poudres — méthode par diffraction (laser),Le délai de réalisation de l'essai « ANALYSE GRANULOMÉTRIQUE DES POUDRES — MÉTHODE PAR DIFFRACTION (LASER) » est de **20 jours**.,Le laboratoire réalise l'essai « ANALYSE GRANULOMÉTRIQUE DES POUDRES — MÉTHODE PAR DIFFRACTION (LASER) » dans un délai de **20 jours** à compter de la réception de l'échantillon.,Ciment,"analyse, granulometrique, poudres, methode, diffraction, ciment, mortier",Moyenne,"analyse_granulometrique_poudres_methode_par_diffraction_norme, analyse_granulometrique_poudres_methode_par_diffraction_accreditation"
analyse_granulometrique_poudres_methode_par_diffraction_accreditation,L'essai « ANALYSE GRANULOMÉTRIQUE DES POUDRES — MÉTHODE PAR DIFFRACTION (LASER) » est-il accrédité ?,accréditation de l'essai analyse granulométrique des poudres — méthode par diffraction (laser) | cet essai est-il couvert par l'accréditation ? | portée d'accréditation pour analyse granulométrique des poudres — méthode par diffraction (laser) | analyse granulométrique des poudres — méthode par diffraction (laser) accrédité,"Non, l'essai « ANALYSE GRANULOMÉTRIQUE DES POUDRES — MÉTHODE PAR DIFFRACTION (LASER) » n'est pas accrédité.",L'essai « ANALYSE GRANULOMÉTRIQUE DES POUDRES — MÉTHODE PAR DIFFRACTION (LASER) » est proposé par le laboratoire mais ne fait pas partie de sa portée d'accréditation actuelle.,Ciment,"analyse, granulometrique, poudres, methode, diffraction, ciment, mortier",Moyenne,"analyse_granulometrique_poudres_methode_par_diffraction_norme, analyse_granulometrique_poudres_methode_par_diffraction_delai"
broyage_pour_obtention_echantillon_01_kg_norme,Selon quelle norme réalisez-vous l'essai « BROYAGE POUR OBTENTION D'UN ÉCHANTILLON DE 01 KG DE CIMENT D'UNE FINESSE DE 3700 ± 200 cm2/g » ?,norme broyage pour obtention d'un échantillon de 01 kg de ciment d'une finesse de 3700 ± 200 cm2/g | référence normative de l'essai broyage pour obtention d'un échantillon de 01 kg de ciment d'une finesse de 3700 ± 200 cm2/g | quelle norme utilisez-vous pour cet essai ? | broyage pour obtention d'un échantillon de 01 kg de ciment d'une finesse de 3700 ± 200 cm2/g norme applicable,L'essai « BROYAGE POUR OBTENTION D'UN ÉCHANTILLON DE 01 KG DE CIMENT D'UNE FINESSE DE 3700 ± 200 cm2/g » est réalisé selon **Selon mode Operatoire**.,Le laboratoire réalise l'essai « BROYAGE POUR OBTENTION D'UN ÉCHANTILLON DE 01 KG DE CIMENT D'UNE FINESSE DE 3700 ± 200 cm2/g » selon **Selon mode Operatoire**.,Ciment,"broyage, obtention, echantillon, ciment, finesse, mortier",Moyenne,"broyage_pour_obtention_echantillon_01_kg_delai, broyage_pour_obtention_echantillon_01_kg_accreditation"
broyage_pour_obtention_echantillon_01_kg_delai,Quel est le délai de réalisation de l'essai « BROYAGE POUR OBTENTION D'UN ÉCHANTILLON DE 01 KG DE CIMENT D'UNE FINESSE DE 3700 ± 200 cm2/g » ?,délai de l'essai broyage pour obtention d'un échantillon de 01 kg de ciment d'une finesse de 3700 ± 200 cm2/g | combien de temps prend l'essai broyage pour obtention d'un échantillon de 01 kg de ciment d'une finesse de 3700 ± 200 cm2/g ? | quand aurai-je les résultats pour broyage pour obtention d'un échantillon de 01 kg de ciment d'une finesse de 3700 ± 200 cm2/g | temps de traitement broyage pour obtention d'un échantillon de 01 kg de ciment d'une finesse de 3700 ± 200 cm2/g,Le délai de réalisation de l'essai « BROYAGE POUR OBTENTION D'UN ÉCHANTILLON DE 01 KG DE CIMENT D'UNE FINESSE DE 3700 ± 200 cm2/g » est de **5 jours**.,Le laboratoire réalise l'essai « BROYAGE POUR OBTENTION D'UN ÉCHANTILLON DE 01 KG DE CIMENT D'UNE FINESSE DE 3700 ± 200 cm2/g » dans un délai de **5 jours** à compter de la réception de l'échantillon.,Ciment,"broyage, obtention, echantillon, ciment, finesse, mortier",Moyenne,"broyage_pour_obtention_echantillon_01_kg_norme, broyage_pour_obtention_echantillon_01_kg_accreditation"
broyage_pour_obtention_echantillon_01_kg_accreditation,L'essai « BROYAGE POUR OBTENTION D'UN ÉCHANTILLON DE 01 KG DE CIMENT D'UNE FINESSE DE 3700 ± 200 cm2/g » est-il accrédité ?,accréditation de l'essai broyage pour obtention d'un échantillon de 01 kg de ciment d'une finesse de 3700 ± 200 cm2/g | cet essai est-il couvert par l'accréditation ? | portée d'accréditation pour broyage pour obtention d'un échantillon de 01 kg de ciment d'une finesse de 3700 ± 200 cm2/g | broyage pour obtention d'un échantillon de 01 kg de ciment d'une finesse de 3700 ± 200 cm2/g accrédité,"Non, l'essai « BROYAGE POUR OBTENTION D'UN ÉCHANTILLON DE 01 KG DE CIMENT D'UNE FINESSE DE 3700 ± 200 cm2/g » n'est pas accrédité.",L'essai « BROYAGE POUR OBTENTION D'UN ÉCHANTILLON DE 01 KG DE CIMENT D'UNE FINESSE DE 3700 ± 200 cm2/g » est proposé par le laboratoire mais ne fait pas partie de sa portée d'accréditation actuelle.,Ciment,"broyage, obtention, echantillon, ciment, finesse, mortier",Moyenne,"broyage_pour_obtention_echantillon_01_kg_norme, broyage_pour_obtention_echantillon_01_kg_delai"
determination_consistance_normalisee_norme,Selon quelle norme réalisez-vous l'essai « DÉTERMINATION DE LA CONSISTANCE NORMALISÉE » ?,norme détermination de la consistance normalisée | référence normative de l'essai détermination de la consistance normalisée | quelle norme utilisez-vous pour cet essai ? | détermination de la consistance normalisée norme applicable,L'essai « DÉTERMINATION DE LA CONSISTANCE NORMALISÉE » est réalisé selon **NF EN 196-3**.,Le laboratoire réalise l'essai « DÉTERMINATION DE LA CONSISTANCE NORMALISÉE » selon **NF EN 196-3**.,Ciment,"determination, consistance, normalisee, ciment, mortier",Haute,"determination_consistance_normalisee_delai, determination_consistance_normalisee_accreditation"
determination_consistance_normalisee_delai,Quel est le délai de réalisation de l'essai « DÉTERMINATION DE LA CONSISTANCE NORMALISÉE » ?,délai de l'essai détermination de la consistance normalisée | combien de temps prend l'essai détermination de la consistance normalisée ? | quand aurai-je les résultats pour détermination de la consistance normalisée | temps de traitement détermination de la consistance normalisée,Le délai de réalisation de l'essai « DÉTERMINATION DE LA CONSISTANCE NORMALISÉE » est de **4 jours**.,Le laboratoire réalise l'essai « DÉTERMINATION DE LA CONSISTANCE NORMALISÉE » dans un délai de **4 jours** à compter de la réception de l'échantillon.,Ciment,"determination, consistance, normalisee, ciment, mortier",Haute,"determination_consistance_normalisee_norme, determination_consistance_normalisee_accreditation"
determination_consistance_normalisee_accreditation,L'essai « DÉTERMINATION DE LA CONSISTANCE NORMALISÉE » est-il accrédité ?,accréditation de l'essai détermination de la consistance normalisée | cet essai est-il couvert par l'accréditation ? | portée d'accréditation pour détermination de la consistance normalisée | détermination de la consistance normalisée accrédité,"Oui, l'essai « DÉTERMINATION DE LA CONSISTANCE NORMALISÉE » est accrédité.",Le laboratoire réalise l'essai « DÉTERMINATION DE LA CONSISTANCE NORMALISÉE » dans le cadre de son accréditation.,Ciment,"determination, consistance, normalisee, ciment, mortier",Haute,"determination_consistance_normalisee_norme, determination_consistance_normalisee_delai"
determination_finesse_par_permeabilite_air_surface_norme,Selon quelle norme réalisez-vous l'essai « DÉTERMINATION DE LA FINESSE PAR PERMÉABILITÉ À L'AIR (MÉTHODE BLAINE) — SURFACE SPÉCIFIQUE » ?,norme détermination de la finesse par perméabilité à l'air (méthode blaine) — surface spécifique | référence normative de l'essai détermination de la finesse par perméabilité à l'air (méthode blaine) — surface spécifique | quelle norme utilisez-vous pour cet essai ? | détermination de la finesse par perméabilité à l'air (méthode blaine) — surface spécifique norme applicable,L'essai « DÉTERMINATION DE LA FINESSE PAR PERMÉABILITÉ À L'AIR (MÉTHODE BLAINE) — SURFACE SPÉCIFIQUE » est réalisé selon **NF EN 196-6**.,Le laboratoire réalise l'essai « DÉTERMINATION DE LA FINESSE PAR PERMÉABILITÉ À L'AIR (MÉTHODE BLAINE) — SURFACE SPÉCIFIQUE » selon **NF EN 196-6**.,Ciment,"determination, finesse, permeabilite, air, surface, specifique, ciment, mortier",Haute,"determination_finesse_par_permeabilite_air_surface_delai, determination_finesse_par_permeabilite_air_surface_accreditation"
determination_finesse_par_permeabilite_air_surface_delai,Quel est le délai de réalisation de l'essai « DÉTERMINATION DE LA FINESSE PAR PERMÉABILITÉ À L'AIR (MÉTHODE BLAINE) — SURFACE SPÉCIFIQUE » ?,délai de l'essai détermination de la finesse par perméabilité à l'air (méthode blaine) — surface spécifique | combien de temps prend l'essai détermination de la finesse par perméabilité à l'air (méthode blaine) — surface spécifique ? | quand aurai-je les résultats pour détermination de la finesse par perméabilité à l'air (méthode blaine) — surface spécifique | temps de traitement détermination de la finesse par perméabilité à l'air (méthode blaine) — surface spécifique,Le délai de réalisation de l'essai « DÉTERMINATION DE LA FINESSE PAR PERMÉABILITÉ À L'AIR (MÉTHODE BLAINE) — SURFACE SPÉCIFIQUE » est de **4 jours**.,Le laboratoire réalise l'essai « DÉTERMINATION DE LA FINESSE PAR PERMÉABILITÉ À L'AIR (MÉTHODE BLAINE) — SURFACE SPÉCIFIQUE » dans un délai de **4 jours** à compter de la réception de l'échantillon.,Ciment,"determination, finesse, permeabilite, air, surface, specifique, ciment, mortier",Haute,"determination_finesse_par_permeabilite_air_surface_norme, determination_finesse_par_permeabilite_air_surface_accreditation"
determination_finesse_par_permeabilite_air_surface_accreditation,L'essai « DÉTERMINATION DE LA FINESSE PAR PERMÉABILITÉ À L'AIR (MÉTHODE BLAINE) — SURFACE SPÉCIFIQUE » est-il accrédité ?,accréditation de l'essai détermination de la finesse par perméabilité à l'air (méthode blaine) — surface spécifique | cet essai est-il couvert par l'accréditation ? | portée d'accréditation pour détermination de la finesse par perméabilité à l'air (méthode blaine) — surface spécifique | détermination de la finesse par perméabilité à l'air (méthode blaine) — surface spécifique accrédité,"Oui, l'essai « DÉTERMINATION DE LA FINESSE PAR PERMÉABILITÉ À L'AIR (MÉTHODE BLAINE) — SURFACE SPÉCIFIQUE » est accrédité.",Le laboratoire réalise l'essai « DÉTERMINATION DE LA FINESSE PAR PERMÉABILITÉ À L'AIR (MÉTHODE BLAINE) — SURFACE SPÉCIFIQUE » dans le cadre de son accréditation.,Ciment,"determination, finesse, permeabilite, air, surface, specifique, ciment, mortier",Haute,"determination_finesse_par_permeabilite_air_surface_norme, determination_finesse_par_permeabilite_air_surface_delai"
determination_stabilite_norme,Selon quelle norme réalisez-vous l'essai « DÉTERMINATION DE LA STABILITÉ (EXPANSION) » ?,norme détermination de la stabilité (expansion) | référence normative de l'essai détermination de la stabilité (expansion) | quelle norme utilisez-vous pour cet essai ? | détermination de la stabilité (expansion) norme applicable,L'essai « DÉTERMINATION DE LA STABILITÉ (EXPANSION) » est réalisé selon **NF EN 196-3**.,Le laboratoire réalise l'essai « DÉTERMINATION DE LA STABILITÉ (EXPANSION) » selon **NF EN 196-3**.,Ciment,"determination, stabilite, ciment, mortier",Haute,"determination_stabilite_delai, determination_stabilite_accreditation"
determination_stabilite_delai,Quel est le délai de réalisation de l'essai « DÉTERMINATION DE LA STABILITÉ (EXPANSION) » ?,délai de l'essai détermination de la stabilité (expansion) | combien de temps prend l'essai détermination de la stabilité (expansion) ? | quand aurai-je les résultats pour détermination de la stabilité (expansion) | temps de traitement détermination de la stabilité (expansion),Le délai de réalisation de l'essai « DÉTERMINATION DE LA STABILITÉ (EXPANSION) » est de **4 jours**.,Le laboratoire réalise l'essai « DÉTERMINATION DE LA STABILITÉ (EXPANSION) » dans un délai de **4 jours** à compter de la réception de l'échantillon.,Ciment,"determination, stabilite, ciment, mortier",Haute,"determination_stabilite_norme, determination_stabilite_accreditation"
determination_stabilite_accreditation,L'essai « DÉTERMINATION DE LA STABILITÉ (EXPANSION) » est-il accrédité ?,accréditation de l'essai détermination de la stabilité (expansion) | cet essai est-il couvert par l'accréditation ? | portée d'accréditation pour détermination de la stabilité (expansion) | détermination de la stabilité (expansion) accrédité,"Oui, l'essai « DÉTERMINATION DE LA STABILITÉ (EXPANSION) » est accrédité.",Le laboratoire réalise l'essai « DÉTERMINATION DE LA STABILITÉ (EXPANSION) » dans le cadre de son accréditation.,Ciment,"determination, stabilite, ciment, mortier",Haute,"determination_stabilite_norme, determination_stabilite_delai"
determination_resistance_mecanique_mortier_compression_norme,Selon quelle norme réalisez-vous l'essai « DÉTERMINATION DE LA RÉSISTANCE MÉCANIQUE DU MORTIER — COMPRESSION » ?,norme détermination de la résistance mécanique du mortier — compression | référence normative de l'essai détermination de la résistance mécanique du mortier — compression | quelle norme utilisez-vous pour cet essai ? | détermination de la résistance mécanique du mortier — compression norme applicable,L'essai « DÉTERMINATION DE LA RÉSISTANCE MÉCANIQUE DU MORTIER — COMPRESSION » est réalisé selon **NF EN 196-1**.,Le laboratoire réalise l'essai « DÉTERMINATION DE LA RÉSISTANCE MÉCANIQUE DU MORTIER — COMPRESSION » selon **NF EN 196-1**.,Ciment,"determination, resistance, mecanique, mortier, compression, ciment",Haute,"determination_resistance_mecanique_mortier_compression_delai, determination_resistance_mecanique_mortier_compression_accreditation"
determination_resistance_mecanique_mortier_compression_delai,Quel est le délai de réalisation de l'essai « DÉTERMINATION DE LA RÉSISTANCE MÉCANIQUE DU MORTIER — COMPRESSION » ?,délai de l'essai détermination de la résistance mécanique du mortier — compression | combien de temps prend l'essai détermination de la résistance mécanique du mortier — compression ? | quand aurai-je les résultats pour détermination de la résistance mécanique du mortier — compression | temps de traitement détermination de la résistance mécanique du mortier — compression,Le délai de réalisation de l'essai « DÉTERMINATION DE LA RÉSISTANCE MÉCANIQUE DU MORTIER — COMPRESSION » est de **35 jours**.,Le laboratoire réalise l'essai « DÉTERMINATION DE LA RÉSISTANCE MÉCANIQUE DU MORTIER — COMPRESSION » dans un délai de **35 jours** à compter de la réception de l'échantillon.,Ciment,"determination, resistance, mecanique, mortier, compression, ciment",Haute,"determination_resistance_mecanique_mortier_compression_norme, determination_resistance_mecanique_mortier_compression_accreditation"
determination_resistance_mecanique_mortier_compression_accreditation,L'essai « DÉTERMINATION DE LA RÉSISTANCE MÉCANIQUE DU MORTIER — COMPRESSION » est-il accrédité ?,accréditation de l'essai détermination de la résistance mécanique du mortier — compression | cet essai est-il couvert par l'accréditation ? | portée d'accréditation pour détermination de la résistance mécanique du mortier — compression | détermination de la résistance mécanique du mortier — compression accrédité,"Oui, l'essai « DÉTERMINATION DE LA RÉSISTANCE MÉCANIQUE DU MORTIER — COMPRESSION » est accrédité.",Le laboratoire réalise l'essai « DÉTERMINATION DE LA RÉSISTANCE MÉCANIQUE DU MORTIER — COMPRESSION » dans le cadre de son accréditation.,Ciment,"determination, resistance, mecanique, mortier, compression, ciment",Haute,"determination_resistance_mecanique_mortier_compression_norme, determination_resistance_mecanique_mortier_compression_delai"
determination_resistance_mecanique_mortier_flexion_norme,Selon quelle norme réalisez-vous l'essai « DÉTERMINATION DE LA RÉSISTANCE MÉCANIQUE DU MORTIER — FLEXION » ?,norme détermination de la résistance mécanique du mortier — flexion | référence normative de l'essai détermination de la résistance mécanique du mortier — flexion | quelle norme utilisez-vous pour cet essai ? | détermination de la résistance mécanique du mortier — flexion norme applicable,L'essai « DÉTERMINATION DE LA RÉSISTANCE MÉCANIQUE DU MORTIER — FLEXION » est réalisé selon **NF EN 196-1**.,Le laboratoire réalise l'essai « DÉTERMINATION DE LA RÉSISTANCE MÉCANIQUE DU MORTIER — FLEXION » selon **NF EN 196-1**.,Ciment,"determination, resistance, mecanique, mortier, flexion, ciment",Haute,"determination_resistance_mecanique_mortier_flexion_delai, determination_resistance_mecanique_mortier_flexion_accreditation"
determination_resistance_mecanique_mortier_flexion_delai,Quel est le délai de réalisation de l'essai « DÉTERMINATION DE LA RÉSISTANCE MÉCANIQUE DU MORTIER — FLEXION » ?,délai de l'essai détermination de la résistance mécanique du mortier — flexion | combien de temps prend l'essai détermination de la résistance mécanique du mortier — flexion ? | quand aurai-je les résultats pour détermination de la résistance mécanique du mortier — flexion | temps de traitement détermination de la résistance mécanique du mortier — flexion,Le délai de réalisation de l'essai « DÉTERMINATION DE LA RÉSISTANCE MÉCANIQUE DU MORTIER — FLEXION » est de **35 jours**.,Le laboratoire réalise l'essai « DÉTERMINATION DE LA RÉSISTANCE MÉCANIQUE DU MORTIER — FLEXION » dans un délai de **35 jours** à compter de la réception de l'échantillon.,Ciment,"determination, resistance, mecanique, mortier, flexion, ciment",Haute,"determination_resistance_mecanique_mortier_flexion_norme, determination_resistance_mecanique_mortier_flexion_accreditation"
determination_resistance_mecanique_mortier_flexion_accreditation,L'essai « DÉTERMINATION DE LA RÉSISTANCE MÉCANIQUE DU MORTIER — FLEXION » est-il accrédité ?,accréditation de l'essai détermination de la résistance mécanique du mortier — flexion | cet essai est-il couvert par l'accréditation ? | portée d'accréditation pour détermination de la résistance mécanique du mortier — flexion | détermination de la résistance mécanique du mortier — flexion accrédité,"Oui, l'essai « DÉTERMINATION DE LA RÉSISTANCE MÉCANIQUE DU MORTIER — FLEXION » est accrédité.",Le laboratoire réalise l'essai « DÉTERMINATION DE LA RÉSISTANCE MÉCANIQUE DU MORTIER — FLEXION » dans le cadre de son accréditation.,Ciment,"determination, resistance, mecanique, mortier, flexion, ciment",Haute,"determination_resistance_mecanique_mortier_flexion_norme, determination_resistance_mecanique_mortier_flexion_delai"
determination_temps_prise_norme,Selon quelle norme réalisez-vous l'essai « DÉTERMINATION DU TEMPS DE PRISE (DÉBUT ET FIN) » ?,norme détermination du temps de prise (début et fin) | référence normative de l'essai détermination du temps de prise (début et fin) | quelle norme utilisez-vous pour cet essai ? | détermination du temps de prise (début et fin) norme applicable,L'essai « DÉTERMINATION DU TEMPS DE PRISE (DÉBUT ET FIN) » est réalisé selon **NF EN 196-3**.,Le laboratoire réalise l'essai « DÉTERMINATION DU TEMPS DE PRISE (DÉBUT ET FIN) » selon **NF EN 196-3**.,Ciment,"determination, temps, prise, ciment, mortier",Haute,"determination_temps_prise_delai, determination_temps_prise_accreditation"
determination_temps_prise_delai,Quel est le délai de réalisation de l'essai « DÉTERMINATION DU TEMPS DE PRISE (DÉBUT ET FIN) » ?,délai de l'essai détermination du temps de prise (début et fin) | combien de temps prend l'essai détermination du temps de prise (début et fin) ? | quand aurai-je les résultats pour détermination du temps de prise (début et fin) | temps de traitement détermination du temps de prise (début et fin),Le délai de réalisation de l'essai « DÉTERMINATION DU TEMPS DE PRISE (DÉBUT ET FIN) » est de **4 jours**.,Le laboratoire réalise l'essai « DÉTERMINATION DU TEMPS DE PRISE (DÉBUT ET FIN) » dans un délai de **4 jours** à compter de la réception de l'échantillon.,Ciment,"determination, temps, prise, ciment, mortier",Haute,"determination_temps_prise_norme, determination_temps_prise_accreditation"
determination_temps_prise_accreditation,L'essai « DÉTERMINATION DU TEMPS DE PRISE (DÉBUT ET FIN) » est-il accrédité ?,accréditation de l'essai détermination du temps de prise (début et fin) | cet essai est-il couvert par l'accréditation ? | portée d'accréditation pour détermination du temps de prise (début et fin) | détermination du temps de prise (début et fin) accrédité,"Oui, l'essai « DÉTERMINATION DU TEMPS DE PRISE (DÉBUT ET FIN) » est accrédité.",Le laboratoire réalise l'essai « DÉTERMINATION DU TEMPS DE PRISE (DÉBUT ET FIN) » dans le cadre de son accréditation.,Ciment,"determination, temps, prise, ciment, mortier",Haute,"determination_temps_prise_norme, determination_temps_prise_delai"
essai_gonflement_norme,Selon quelle norme réalisez-vous l'essai « ESSAI DE GONFLEMENT » ?,norme essai de gonflement | référence normative de l'essai essai de gonflement | quelle norme utilisez-vous pour cet essai ? | essai de gonflement norme applicable,L'essai « ESSAI DE GONFLEMENT » est réalisé selon **NF P15-433**.,Le laboratoire réalise l'essai « ESSAI DE GONFLEMENT » selon **NF P15-433**.,Ciment,"essai, gonflement, ciment, mortier",Moyenne,"essai_gonflement_delai, essai_gonflement_accreditation"
essai_gonflement_delai,Quel est le délai de réalisation de l'essai « ESSAI DE GONFLEMENT » ?,délai de l'essai essai de gonflement | combien de temps prend l'essai essai de gonflement ? | quand aurai-je les résultats pour essai de gonflement | temps de traitement essai de gonflement,Le délai de réalisation de l'essai « ESSAI DE GONFLEMENT » est de **35 jours**.,Le laboratoire réalise l'essai « ESSAI DE GONFLEMENT » dans un délai de **35 jours** à compter de la réception de l'échantillon.,Ciment,"essai, gonflement, ciment, mortier",Moyenne,"essai_gonflement_norme, essai_gonflement_accreditation"
essai_gonflement_accreditation,L'essai « ESSAI DE GONFLEMENT » est-il accrédité ?,accréditation de l'essai essai de gonflement | cet essai est-il couvert par l'accréditation ? | portée d'accréditation pour essai de gonflement | essai de gonflement accrédité,"Non, l'essai « ESSAI DE GONFLEMENT » n'est pas accrédité.",L'essai « ESSAI DE GONFLEMENT » est proposé par le laboratoire mais ne fait pas partie de sa portée d'accréditation actuelle.,Ciment,"essai, gonflement, ciment, mortier",Moyenne,"essai_gonflement_norme, essai_gonflement_delai"
essai_retrait_norme,Selon quelle norme réalisez-vous l'essai « ESSAI DE RETRAIT » ?,norme essai de retrait | référence normative de l'essai essai de retrait | quelle norme utilisez-vous pour cet essai ? | essai de retrait norme applicable,L'essai « ESSAI DE RETRAIT » est réalisé selon **NF P15-433**.,Le laboratoire réalise l'essai « ESSAI DE RETRAIT » selon **NF P15-433**.,Ciment,"essai, retrait, ciment, mortier",Moyenne,"essai_retrait_delai, essai_retrait_accreditation"
essai_retrait_delai,Quel est le délai de réalisation de l'essai « ESSAI DE RETRAIT » ?,délai de l'essai essai de retrait | combien de temps prend l'essai essai de retrait ? | quand aurai-je les résultats pour essai de retrait | temps de traitement essai de retrait,Le délai de réalisation de l'essai « ESSAI DE RETRAIT » est de **35 jours**.,Le laboratoire réalise l'essai « ESSAI DE RETRAIT » dans un délai de **35 jours** à compter de la réception de l'échantillon.,Ciment,"essai, retrait, ciment, mortier",Moyenne,"essai_retrait_norme, essai_retrait_accreditation"
essai_retrait_accreditation,L'essai « ESSAI DE RETRAIT » est-il accrédité ?,accréditation de l'essai essai de retrait | cet essai est-il couvert par l'accréditation ? | portée d'accréditation pour essai de retrait | essai de retrait accrédité,"Non, l'essai « ESSAI DE RETRAIT » n'est pas accrédité.",L'essai « ESSAI DE RETRAIT » est proposé par le laboratoire mais ne fait pas partie de sa portée d'accréditation actuelle.,Ciment,"essai, retrait, ciment, mortier",Moyenne,"essai_retrait_norme, essai_retrait_delai"
essai_complet_ciment_norme,Selon quelle norme réalisez-vous l'essai « ESSAI COMPLET SUR CIMENT » ?,norme essai complet sur ciment | référence normative de l'essai essai complet sur ciment | quelle norme utilisez-vous pour cet essai ? | essai complet sur ciment norme applicable,L'essai « ESSAI COMPLET SUR CIMENT » est réalisé selon **NF EN 197-1 / NF EN 197-2 / NF EN 197-3 / NF EN 197-4**.,Le laboratoire réalise l'essai « ESSAI COMPLET SUR CIMENT » selon **NF EN 197-1 / NF EN 197-2 / NF EN 197-3 / NF EN 197-4**.,Ciment,"essai, complet, ciment, mortier",Moyenne,"essai_complet_ciment_delai, essai_complet_ciment_accreditation"
essai_complet_ciment_delai,Quel est le délai de réalisation de l'essai « ESSAI COMPLET SUR CIMENT » ?,délai de l'essai essai complet sur ciment | combien de temps prend l'essai essai complet sur ciment ? | quand aurai-je les résultats pour essai complet sur ciment | temps de traitement essai complet sur ciment,Le délai de réalisation de l'essai « ESSAI COMPLET SUR CIMENT » est de **35 jours**.,Le laboratoire réalise l'essai « ESSAI COMPLET SUR CIMENT » dans un délai de **35 jours** à compter de la réception de l'échantillon.,Ciment,"essai, complet, ciment, mortier",Moyenne,"essai_complet_ciment_norme, essai_complet_ciment_accreditation"
essai_complet_ciment_accreditation,L'essai « ESSAI COMPLET SUR CIMENT » est-il accrédité ?,accréditation de l'essai essai complet sur ciment | cet essai est-il couvert par l'accréditation ? | portée d'accréditation pour essai complet sur ciment | essai complet sur ciment accrédité,Le niveau d'accréditation de cette prestation varie selon la composante réalisée.,L'essai « ESSAI COMPLET SUR CIMENT » comporte plusieurs composantes réalisées selon différentes normes. Rapprochez-vous du laboratoire pour connaître précisément le niveau d'accréditation de chaque partie de la prestation.,Ciment,"essai, complet, ciment, mortier",Moyenne,"essai_complet_ciment_norme, essai_complet_ciment_delai"
essai_interlaboratoire_ciment_norme,Selon quelle norme réalisez-vous l'essai « ESSAI INTERLABORATOIRE SUR CIMENT » ?,norme essai interlaboratoire sur ciment | référence normative de l'essai essai interlaboratoire sur ciment | quelle norme utilisez-vous pour cet essai ? | essai interlaboratoire sur ciment norme applicable,L'essai « ESSAI INTERLABORATOIRE SUR CIMENT » est réalisé selon **ISO/CEI 17043**.,Le laboratoire réalise l'essai « ESSAI INTERLABORATOIRE SUR CIMENT » selon **ISO/CEI 17043**.,Ciment,"essai, interlaboratoire, ciment, mortier",Moyenne,"essai_interlaboratoire_ciment_delai, essai_interlaboratoire_ciment_accreditation"
essai_interlaboratoire_ciment_delai,Quel est le délai de réalisation de l'essai « ESSAI INTERLABORATOIRE SUR CIMENT » ?,délai de l'essai essai interlaboratoire sur ciment | combien de temps prend l'essai essai interlaboratoire sur ciment ? | quand aurai-je les résultats pour essai interlaboratoire sur ciment | temps de traitement essai interlaboratoire sur ciment,Le délai de réalisation de l'essai « ESSAI INTERLABORATOIRE SUR CIMENT » est de **35 jours**.,Le laboratoire réalise l'essai « ESSAI INTERLABORATOIRE SUR CIMENT » dans un délai de **35 jours** à compter de la réception de l'échantillon.,Ciment,"essai, interlaboratoire, ciment, mortier",Moyenne,"essai_interlaboratoire_ciment_norme, essai_interlaboratoire_ciment_accreditation"
essai_interlaboratoire_ciment_accreditation,L'essai « ESSAI INTERLABORATOIRE SUR CIMENT » est-il accrédité ?,accréditation de l'essai essai interlaboratoire sur ciment | cet essai est-il couvert par l'accréditation ? | portée d'accréditation pour essai interlaboratoire sur ciment | essai interlaboratoire sur ciment accrédité,"Non, l'essai « ESSAI INTERLABORATOIRE SUR CIMENT » n'est pas accrédité.",L'essai « ESSAI INTERLABORATOIRE SUR CIMENT » est proposé par le laboratoire mais ne fait pas partie de sa portée d'accréditation actuelle.,Ciment,"essai, interlaboratoire, ciment, mortier",Moyenne,"essai_interlaboratoire_ciment_norme, essai_interlaboratoire_ciment_delai"
essai_arrachement_norme,Selon quelle norme réalisez-vous l'essai « ESSAI D'ARRACHEMENT » ?,norme essai d'arrachement | référence normative de l'essai essai d'arrachement | quelle norme utilisez-vous pour cet essai ? | essai d'arrachement norme applicable,L'essai « ESSAI D'ARRACHEMENT » est réalisé selon **NF EN 12004-2**.,Le laboratoire réalise l'essai « ESSAI D'ARRACHEMENT » selon **NF EN 12004-2**.,Ciment,"essai, arrachement, ciment, mortier",Moyenne,"essai_arrachement_delai, essai_arrachement_accreditation"
essai_arrachement_delai,Quel est le délai de réalisation de l'essai « ESSAI D'ARRACHEMENT » ?,délai de l'essai essai d'arrachement | combien de temps prend l'essai essai d'arrachement ? | quand aurai-je les résultats pour essai d'arrachement | temps de traitement essai d'arrachement,Le délai de réalisation de l'essai « ESSAI D'ARRACHEMENT » est de **5 jours**.,Le laboratoire réalise l'essai « ESSAI D'ARRACHEMENT » dans un délai de **5 jours** à compter de la réception de l'échantillon.,Ciment,"essai, arrachement, ciment, mortier",Moyenne,"essai_arrachement_norme, essai_arrachement_accreditation"
essai_arrachement_accreditation,L'essai « ESSAI D'ARRACHEMENT » est-il accrédité ?,accréditation de l'essai essai d'arrachement | cet essai est-il couvert par l'accréditation ? | portée d'accréditation pour essai d'arrachement | essai d'arrachement accrédité,"Non, l'essai « ESSAI D'ARRACHEMENT » n'est pas accrédité.",L'essai « ESSAI D'ARRACHEMENT » est proposé par le laboratoire mais ne fait pas partie de sa portée d'accréditation actuelle.,Ciment,"essai, arrachement, ciment, mortier",Moyenne,"essai_arrachement_norme, essai_arrachement_delai"
essai_admission_plaques_platre_norme,Selon quelle norme réalisez-vous l'essai « ESSAI D'ADMISSION SUR LES PLAQUES DE PLÂTRE » ?,norme essai d'admission sur les plaques de plâtre | référence normative de l'essai essai d'admission sur les plaques de plâtre | quelle norme utilisez-vous pour cet essai ? | essai d'admission sur les plaques de plâtre norme applicable,L'essai « ESSAI D'ADMISSION SUR LES PLAQUES DE PLÂTRE » est réalisé selon **NA 442**.,Le laboratoire réalise l'essai « ESSAI D'ADMISSION SUR LES PLAQUES DE PLÂTRE » selon **NA 442**.,Ciment,"essai, admission, plaques, platre, ciment, mortier",Moyenne,"essai_admission_plaques_platre_delai, essai_admission_plaques_platre_accreditation"
essai_admission_plaques_platre_delai,Quel est le délai de réalisation de l'essai « ESSAI D'ADMISSION SUR LES PLAQUES DE PLÂTRE » ?,délai de l'essai essai d'admission sur les plaques de plâtre | combien de temps prend l'essai essai d'admission sur les plaques de plâtre ? | quand aurai-je les résultats pour essai d'admission sur les plaques de plâtre | temps de traitement essai d'admission sur les plaques de plâtre,Le délai de réalisation de l'essai « ESSAI D'ADMISSION SUR LES PLAQUES DE PLÂTRE » est de **10 jours**.,Le laboratoire réalise l'essai « ESSAI D'ADMISSION SUR LES PLAQUES DE PLÂTRE » dans un délai de **10 jours** à compter de la réception de l'échantillon.,Ciment,"essai, admission, plaques, platre, ciment, mortier",Moyenne,"essai_admission_plaques_platre_norme, essai_admission_plaques_platre_accreditation"
essai_admission_plaques_platre_accreditation,L'essai « ESSAI D'ADMISSION SUR LES PLAQUES DE PLÂTRE » est-il accrédité ?,accréditation de l'essai essai d'admission sur les plaques de plâtre | cet essai est-il couvert par l'accréditation ? | portée d'accréditation pour essai d'admission sur les plaques de plâtre | essai d'admission sur les plaques de plâtre accrédité,"Non, l'essai « ESSAI D'ADMISSION SUR LES PLAQUES DE PLÂTRE » n'est pas accrédité.",L'essai « ESSAI D'ADMISSION SUR LES PLAQUES DE PLÂTRE » est proposé par le laboratoire mais ne fait pas partie de sa portée d'accréditation actuelle.,Ciment,"essai, admission, plaques, platre, ciment, mortier",Moyenne,"essai_admission_plaques_platre_norme, essai_admission_plaques_platre_delai"
adherence_par_traction_temps_ouvert_norme,Selon quelle norme réalisez-vous l'essai « ADHÉRENCE PAR TRACTION À TEMPS OUVERT » ?,norme adhérence par traction à temps ouvert | référence normative de l'essai adhérence par traction à temps ouvert | quelle norme utilisez-vous pour cet essai ? | adhérence par traction à temps ouvert norme applicable,L'essai « ADHÉRENCE PAR TRACTION À TEMPS OUVERT » est réalisé selon **NF EN 12004-2**.,Le laboratoire réalise l'essai « ADHÉRENCE PAR TRACTION À TEMPS OUVERT » selon **NF EN 12004-2**.,Ciment,"adherence, traction, temps, ouvert, ciment, mortier",Moyenne,"adherence_par_traction_temps_ouvert_delai, adherence_par_traction_temps_ouvert_accreditation"
adherence_par_traction_temps_ouvert_delai,Quel est le délai de réalisation de l'essai « ADHÉRENCE PAR TRACTION À TEMPS OUVERT » ?,délai de l'essai adhérence par traction à temps ouvert | combien de temps prend l'essai adhérence par traction à temps ouvert ? | quand aurai-je les résultats pour adhérence par traction à temps ouvert | temps de traitement adhérence par traction à temps ouvert,Le délai de réalisation de l'essai « ADHÉRENCE PAR TRACTION À TEMPS OUVERT » est de **35 jours**.,Le laboratoire réalise l'essai « ADHÉRENCE PAR TRACTION À TEMPS OUVERT » dans un délai de **35 jours** à compter de la réception de l'échantillon.,Ciment,"adherence, traction, temps, ouvert, ciment, mortier",Moyenne,"adherence_par_traction_temps_ouvert_norme, adherence_par_traction_temps_ouvert_accreditation"
adherence_par_traction_temps_ouvert_accreditation,L'essai « ADHÉRENCE PAR TRACTION À TEMPS OUVERT » est-il accrédité ?,accréditation de l'essai adhérence par traction à temps ouvert | cet essai est-il couvert par l'accréditation ? | portée d'accréditation pour adhérence par traction à temps ouvert | adhérence par traction à temps ouvert accrédité,"Non, l'essai « ADHÉRENCE PAR TRACTION À TEMPS OUVERT » n'est pas accrédité.",L'essai « ADHÉRENCE PAR TRACTION À TEMPS OUVERT » est proposé par le laboratoire mais ne fait pas partie de sa portée d'accréditation actuelle.,Ciment,"adherence, traction, temps, ouvert, ciment, mortier",Moyenne,"adherence_par_traction_temps_ouvert_norme, adherence_par_traction_temps_ouvert_delai"
test_glissement_ciment_colle_norme,Selon quelle norme réalisez-vous l'essai « TEST DE GLISSEMENT SUR CIMENT COLLE » ?,norme test de glissement sur ciment colle | référence normative de l'essai test de glissement sur ciment colle | quelle norme utilisez-vous pour cet essai ? | test de glissement sur ciment colle norme applicable,L'essai « TEST DE GLISSEMENT SUR CIMENT COLLE » est réalisé selon **NF EN 12004-2**.,Le laboratoire réalise l'essai « TEST DE GLISSEMENT SUR CIMENT COLLE » selon **NF EN 12004-2**.,Ciment,"test, glissement, ciment, colle, mortier",Moyenne,"test_glissement_ciment_colle_delai, test_glissement_ciment_colle_accreditation"
test_glissement_ciment_colle_delai,Quel est le délai de réalisation de l'essai « TEST DE GLISSEMENT SUR CIMENT COLLE » ?,délai de l'essai test de glissement sur ciment colle | combien de temps prend l'essai test de glissement sur ciment colle ? | quand aurai-je les résultats pour test de glissement sur ciment colle | temps de traitement test de glissement sur ciment colle,Le délai de réalisation de l'essai « TEST DE GLISSEMENT SUR CIMENT COLLE » est de **4 jours**.,Le laboratoire réalise l'essai « TEST DE GLISSEMENT SUR CIMENT COLLE » dans un délai de **4 jours** à compter de la réception de l'échantillon.,Ciment,"test, glissement, ciment, colle, mortier",Moyenne,"test_glissement_ciment_colle_norme, test_glissement_ciment_colle_accreditation"
test_glissement_ciment_colle_accreditation,L'essai « TEST DE GLISSEMENT SUR CIMENT COLLE » est-il accrédité ?,accréditation de l'essai test de glissement sur ciment colle | cet essai est-il couvert par l'accréditation ? | portée d'accréditation pour test de glissement sur ciment colle | test de glissement sur ciment colle accrédité,"Non, l'essai « TEST DE GLISSEMENT SUR CIMENT COLLE » n'est pas accrédité.",L'essai « TEST DE GLISSEMENT SUR CIMENT COLLE » est proposé par le laboratoire mais ne fait pas partie de sa portée d'accréditation actuelle.,Ciment,"test, glissement, ciment, colle, mortier",Moyenne,"test_glissement_ciment_colle_norme, test_glissement_ciment_colle_delai"
essai_tamisage_norme,Selon quelle norme réalisez-vous l'essai « ESSAI DE TAMISAGE (VOIE HUMIDE) » ?,norme essai de tamisage (voie humide) | référence normative de l'essai essai de tamisage (voie humide) | quelle norme utilisez-vous pour cet essai ? | essai de tamisage (voie humide) norme applicable,L'essai « ESSAI DE TAMISAGE (VOIE HUMIDE) » est réalisé selon **Selon mode Operatoire**.,Le laboratoire réalise l'essai « ESSAI DE TAMISAGE (VOIE HUMIDE) » selon **Selon mode Operatoire**.,Ciment,"essai, tamisage, ciment, mortier",Moyenne,"essai_tamisage_delai, essai_tamisage_accreditation"
essai_tamisage_delai,Quel est le délai de réalisation de l'essai « ESSAI DE TAMISAGE (VOIE HUMIDE) » ?,délai de l'essai essai de tamisage (voie humide) | combien de temps prend l'essai essai de tamisage (voie humide) ? | quand aurai-je les résultats pour essai de tamisage (voie humide) | temps de traitement essai de tamisage (voie humide),Le délai de réalisation de l'essai « ESSAI DE TAMISAGE (VOIE HUMIDE) » est de **4 jours**.,Le laboratoire réalise l'essai « ESSAI DE TAMISAGE (VOIE HUMIDE) » dans un délai de **4 jours** à compter de la réception de l'échantillon.,Ciment,"essai, tamisage, ciment, mortier",Moyenne,"essai_tamisage_norme, essai_tamisage_accreditation"
essai_tamisage_accreditation,L'essai « ESSAI DE TAMISAGE (VOIE HUMIDE) » est-il accrédité ?,accréditation de l'essai essai de tamisage (voie humide) | cet essai est-il couvert par l'accréditation ? | portée d'accréditation pour essai de tamisage (voie humide) | essai de tamisage (voie humide) accrédité,"Non, l'essai « ESSAI DE TAMISAGE (VOIE HUMIDE) » n'est pas accrédité.",L'essai « ESSAI DE TAMISAGE (VOIE HUMIDE) » est proposé par le laboratoire mais ne fait pas partie de sa portée d'accréditation actuelle.,Ciment,"essai, tamisage, ciment, mortier",Moyenne,"essai_tamisage_norme, essai_tamisage_delai"
essai_tamisage_2_norme,Selon quelle norme réalisez-vous l'essai « ESSAI DE TAMISAGE (VOIE SÈCHE) » ?,norme essai de tamisage (voie sèche) | référence normative de l'essai essai de tamisage (voie sèche) | quelle norme utilisez-vous pour cet essai ? | essai de tamisage (voie sèche) norme applicable,L'essai « ESSAI DE TAMISAGE (VOIE SÈCHE) » est réalisé selon **Selon mode Operatoire**.,Le laboratoire réalise l'essai « ESSAI DE TAMISAGE (VOIE SÈCHE) » selon **Selon mode Operatoire**.,Ciment,"essai, tamisage, ciment, mortier",Moyenne,"essai_tamisage_2_delai, essai_tamisage_2_accreditation"
essai_tamisage_2_delai,Quel est le délai de réalisation de l'essai « ESSAI DE TAMISAGE (VOIE SÈCHE) » ?,délai de l'essai essai de tamisage (voie sèche) | combien de temps prend l'essai essai de tamisage (voie sèche) ? | quand aurai-je les résultats pour essai de tamisage (voie sèche) | temps de traitement essai de tamisage (voie sèche),Le délai de réalisation de l'essai « ESSAI DE TAMISAGE (VOIE SÈCHE) » est de **4 jours**.,Le laboratoire réalise l'essai « ESSAI DE TAMISAGE (VOIE SÈCHE) » dans un délai de **4 jours** à compter de la réception de l'échantillon.,Ciment,"essai, tamisage, ciment, mortier",Moyenne,"essai_tamisage_2_norme, essai_tamisage_2_accreditation"
essai_tamisage_2_accreditation,L'essai « ESSAI DE TAMISAGE (VOIE SÈCHE) » est-il accrédité ?,accréditation de l'essai essai de tamisage (voie sèche) | cet essai est-il couvert par l'accréditation ? | portée d'accréditation pour essai de tamisage (voie sèche) | essai de tamisage (voie sèche) accrédité,"Non, l'essai « ESSAI DE TAMISAGE (VOIE SÈCHE) » n'est pas accrédité.",L'essai « ESSAI DE TAMISAGE (VOIE SÈCHE) » est proposé par le laboratoire mais ne fait pas partie de sa portée d'accréditation actuelle.,Ciment,"essai, tamisage, ciment, mortier",Moyenne,"essai_tamisage_2_norme, essai_tamisage_2_delai"
essai_degre_blancheur_norme,Selon quelle norme réalisez-vous l'essai « ESSAI DE DEGRÉ DE BLANCHEUR » ?,norme essai de degré de blancheur | référence normative de l'essai essai de degré de blancheur | quelle norme utilisez-vous pour cet essai ? | essai de degré de blancheur norme applicable,L'essai « ESSAI DE DEGRÉ DE BLANCHEUR » est réalisé selon **Selon mode Operatoire**.,Le laboratoire réalise l'essai « ESSAI DE DEGRÉ DE BLANCHEUR » selon **Selon mode Operatoire**.,Ciment,"essai, degre, blancheur, ciment, mortier",Moyenne,"essai_degre_blancheur_delai, essai_degre_blancheur_accreditation"
essai_degre_blancheur_delai,Quel est le délai de réalisation de l'essai « ESSAI DE DEGRÉ DE BLANCHEUR » ?,délai de l'essai essai de degré de blancheur | combien de temps prend l'essai essai de degré de blancheur ? | quand aurai-je les résultats pour essai de degré de blancheur | temps de traitement essai de degré de blancheur,Le délai de réalisation de l'essai « ESSAI DE DEGRÉ DE BLANCHEUR » est de **4 jours**.,Le laboratoire réalise l'essai « ESSAI DE DEGRÉ DE BLANCHEUR » dans un délai de **4 jours** à compter de la réception de l'échantillon.,Ciment,"essai, degre, blancheur, ciment, mortier",Moyenne,"essai_degre_blancheur_norme, essai_degre_blancheur_accreditation"
essai_degre_blancheur_accreditation,L'essai « ESSAI DE DEGRÉ DE BLANCHEUR » est-il accrédité ?,accréditation de l'essai essai de degré de blancheur | cet essai est-il couvert par l'accréditation ? | portée d'accréditation pour essai de degré de blancheur | essai de degré de blancheur accrédité,"Non, l'essai « ESSAI DE DEGRÉ DE BLANCHEUR » n'est pas accrédité.",L'essai « ESSAI DE DEGRÉ DE BLANCHEUR » est proposé par le laboratoire mais ne fait pas partie de sa portée d'accréditation actuelle.,Ciment,"essai, degre, blancheur, ciment, mortier",Moyenne,"essai_degre_blancheur_norme, essai_degre_blancheur_delai"
essai_humidite_materiaux_norme,Selon quelle norme réalisez-vous l'essai « ESSAI D'HUMIDITÉ DES MATÉRIAUX » ?,norme essai d'humidité des matériaux | référence normative de l'essai essai d'humidité des matériaux | quelle norme utilisez-vous pour cet essai ? | essai d'humidité des matériaux norme applicable,L'essai « ESSAI D'HUMIDITÉ DES MATÉRIAUX » est réalisé selon **Selon mode Operatoire**.,Le laboratoire réalise l'essai « ESSAI D'HUMIDITÉ DES MATÉRIAUX » selon **Selon mode Operatoire**.,Ciment,"essai, humidite, materiaux, ciment, mortier",Moyenne,"essai_humidite_materiaux_delai, essai_humidite_materiaux_accreditation"
essai_humidite_materiaux_delai,Quel est le délai de réalisation de l'essai « ESSAI D'HUMIDITÉ DES MATÉRIAUX » ?,délai de l'essai essai d'humidité des matériaux | combien de temps prend l'essai essai d'humidité des matériaux ? | quand aurai-je les résultats pour essai d'humidité des matériaux | temps de traitement essai d'humidité des matériaux,Le délai de réalisation de l'essai « ESSAI D'HUMIDITÉ DES MATÉRIAUX » est de **4 jours**.,Le laboratoire réalise l'essai « ESSAI D'HUMIDITÉ DES MATÉRIAUX » dans un délai de **4 jours** à compter de la réception de l'échantillon.,Ciment,"essai, humidite, materiaux, ciment, mortier",Moyenne,"essai_humidite_materiaux_norme, essai_humidite_materiaux_accreditation"
essai_humidite_materiaux_accreditation,L'essai « ESSAI D'HUMIDITÉ DES MATÉRIAUX » est-il accrédité ?,accréditation de l'essai essai d'humidité des matériaux | cet essai est-il couvert par l'accréditation ? | portée d'accréditation pour essai d'humidité des matériaux | essai d'humidité des matériaux accrédité,"Non, l'essai « ESSAI D'HUMIDITÉ DES MATÉRIAUX » n'est pas accrédité.",L'essai « ESSAI D'HUMIDITÉ DES MATÉRIAUX » est proposé par le laboratoire mais ne fait pas partie de sa portée d'accréditation actuelle.,Ciment,"essai, humidite, materiaux, ciment, mortier",Moyenne,"essai_humidite_materiaux_norme, essai_humidite_materiaux_delai"
confection_eprouvettes_norme,Selon quelle norme réalisez-vous l'essai « CONFECTION DES ÉPROUVETTES (4 x 4 x 16 cm) » ?,norme confection des éprouvettes (4 x 4 x 16 cm) | référence normative de l'essai confection des éprouvettes (4 x 4 x 16 cm) | quelle norme utilisez-vous pour cet essai ? | confection des éprouvettes (4 x 4 x 16 cm) norme applicable,L'essai « CONFECTION DES ÉPROUVETTES (4 x 4 x 16 cm) » est réalisé selon **NF EN 196-1**.,Le laboratoire réalise l'essai « CONFECTION DES ÉPROUVETTES (4 x 4 x 16 cm) » selon **NF EN 196-1**.,Ciment,"confection, eprouvettes, ciment, mortier",Moyenne,"confection_eprouvettes_delai, confection_eprouvettes_accreditation"
confection_eprouvettes_delai,Quel est le délai de réalisation de l'essai « CONFECTION DES ÉPROUVETTES (4 x 4 x 16 cm) » ?,délai de l'essai confection des éprouvettes (4 x 4 x 16 cm) | combien de temps prend l'essai confection des éprouvettes (4 x 4 x 16 cm) ? | quand aurai-je les résultats pour confection des éprouvettes (4 x 4 x 16 cm) | temps de traitement confection des éprouvettes (4 x 4 x 16 cm),Le délai de réalisation de l'essai « CONFECTION DES ÉPROUVETTES (4 x 4 x 16 cm) » est de **4 jours**.,Le laboratoire réalise l'essai « CONFECTION DES ÉPROUVETTES (4 x 4 x 16 cm) » dans un délai de **4 jours** à compter de la réception de l'échantillon.,Ciment,"confection, eprouvettes, ciment, mortier",Moyenne,"confection_eprouvettes_norme, confection_eprouvettes_accreditation"
confection_eprouvettes_accreditation,L'essai « CONFECTION DES ÉPROUVETTES (4 x 4 x 16 cm) » est-il accrédité ?,accréditation de l'essai confection des éprouvettes (4 x 4 x 16 cm) | cet essai est-il couvert par l'accréditation ? | portée d'accréditation pour confection des éprouvettes (4 x 4 x 16 cm) | confection des éprouvettes (4 x 4 x 16 cm) accrédité,"Non, l'essai « CONFECTION DES ÉPROUVETTES (4 x 4 x 16 cm) » n'est pas accrédité.",L'essai « CONFECTION DES ÉPROUVETTES (4 x 4 x 16 cm) » est proposé par le laboratoire mais ne fait pas partie de sa portée d'accréditation actuelle.,Ciment,"confection, eprouvettes, ciment, mortier",Moyenne,"confection_eprouvettes_norme, confection_eprouvettes_delai"
determination_masse_volumique_apparente_norme,Selon quelle norme réalisez-vous l'essai « DÉTERMINATION DE LA MASSE VOLUMIQUE APPARENTE » ?,norme détermination de la masse volumique apparente | référence normative de l'essai détermination de la masse volumique apparente | quelle norme utilisez-vous pour cet essai ? | détermination de la masse volumique apparente norme applicable,L'essai « DÉTERMINATION DE LA MASSE VOLUMIQUE APPARENTE » est réalisé selon **Selon mode Operatoire**.,Le laboratoire réalise l'essai « DÉTERMINATION DE LA MASSE VOLUMIQUE APPARENTE » selon **Selon mode Operatoire**.,Ciment,"determination, masse, volumique, apparente, ciment, mortier",Moyenne,"determination_masse_volumique_apparente_delai, determination_masse_volumique_apparente_accreditation"
determination_masse_volumique_apparente_delai,Quel est le délai de réalisation de l'essai « DÉTERMINATION DE LA MASSE VOLUMIQUE APPARENTE » ?,délai de l'essai détermination de la masse volumique apparente | combien de temps prend l'essai détermination de la masse volumique apparente ? | quand aurai-je les résultats pour détermination de la masse volumique apparente | temps de traitement détermination de la masse volumique apparente,Le délai de réalisation de l'essai « DÉTERMINATION DE LA MASSE VOLUMIQUE APPARENTE » est de **4 jours**.,Le laboratoire réalise l'essai « DÉTERMINATION DE LA MASSE VOLUMIQUE APPARENTE » dans un délai de **4 jours** à compter de la réception de l'échantillon.,Ciment,"determination, masse, volumique, apparente, ciment, mortier",Moyenne,"determination_masse_volumique_apparente_norme, determination_masse_volumique_apparente_accreditation"
determination_masse_volumique_apparente_accreditation,L'essai « DÉTERMINATION DE LA MASSE VOLUMIQUE APPARENTE » est-il accrédité ?,accréditation de l'essai détermination de la masse volumique apparente | cet essai est-il couvert par l'accréditation ? | portée d'accréditation pour détermination de la masse volumique apparente | détermination de la masse volumique apparente accrédité,"Non, l'essai « DÉTERMINATION DE LA MASSE VOLUMIQUE APPARENTE » n'est pas accrédité.",L'essai « DÉTERMINATION DE LA MASSE VOLUMIQUE APPARENTE » est proposé par le laboratoire mais ne fait pas partie de sa portée d'accréditation actuelle.,Ciment,"determination, masse, volumique, apparente, ciment, mortier",Moyenne,"determination_masse_volumique_apparente_norme, determination_masse_volumique_apparente_delai"
etude_comportement_ciments_dans_differents_milieux_norme,Selon quelle norme réalisez-vous l'essai « ÉTUDE DU COMPORTEMENT DES CIMENTS DANS DIFFÉRENTS MILIEUX » ?,norme étude du comportement des ciments dans différents milieux | référence normative de l'essai étude du comportement des ciments dans différents milieux | quelle norme utilisez-vous pour cet essai ? | étude du comportement des ciments dans différents milieux norme applicable,Cet essai est réalisé selon notre mode opératoire interne.,Le laboratoire réalise l'essai « ÉTUDE DU COMPORTEMENT DES CIMENTS DANS DIFFÉRENTS MILIEUX » selon son mode opératoire interne. Rapprochez-vous de nous pour plus de détails sur la méthode appliquée.,Ciment,"etude, comportement, ciments, differents, milieux, ciment, mortier",Basse,"etude_comportement_ciments_dans_differents_milieux_delai, etude_comportement_ciments_dans_differents_milieux_accreditation"
etude_comportement_ciments_dans_differents_milieux_delai,Quel est le délai de réalisation de l'essai « ÉTUDE DU COMPORTEMENT DES CIMENTS DANS DIFFÉRENTS MILIEUX » ?,délai de l'essai étude du comportement des ciments dans différents milieux | combien de temps prend l'essai étude du comportement des ciments dans différents milieux ? | quand aurai-je les résultats pour étude du comportement des ciments dans différents milieux | temps de traitement étude du comportement des ciments dans différents milieux,Le délai de réalisation de l'essai « ÉTUDE DU COMPORTEMENT DES CIMENTS DANS DIFFÉRENTS MILIEUX » est de **96 jours**.,Le laboratoire réalise l'essai « ÉTUDE DU COMPORTEMENT DES CIMENTS DANS DIFFÉRENTS MILIEUX » dans un délai de **96 jours** à compter de la réception de l'échantillon.,Ciment,"etude, comportement, ciments, differents, milieux, ciment, mortier",Basse,"etude_comportement_ciments_dans_differents_milieux_norme, etude_comportement_ciments_dans_differents_milieux_accreditation"
etude_comportement_ciments_dans_differents_milieux_accreditation,L'essai « ÉTUDE DU COMPORTEMENT DES CIMENTS DANS DIFFÉRENTS MILIEUX » est-il accrédité ?,accréditation de l'essai étude du comportement des ciments dans différents milieux | cet essai est-il couvert par l'accréditation ? | portée d'accréditation pour étude du comportement des ciments dans différents milieux | étude du comportement des ciments dans différents milieux accrédité,"Non, l'essai « ÉTUDE DU COMPORTEMENT DES CIMENTS DANS DIFFÉRENTS MILIEUX » n'est pas accrédité.",L'essai « ÉTUDE DU COMPORTEMENT DES CIMENTS DANS DIFFÉRENTS MILIEUX » est proposé par le laboratoire mais ne fait pas partie de sa portée d'accréditation actuelle.,Ciment,"etude, comportement, ciments, differents, milieux, ciment, mortier",Basse,"etude_comportement_ciments_dans_differents_milieux_norme, etude_comportement_ciments_dans_differents_milieux_delai"
determination_teneur_air_mortier_norme,Selon quelle norme réalisez-vous l'essai « DÉTERMINATION DE LA TENEUR EN AIR DU MORTIER » ?,norme détermination de la teneur en air du mortier | référence normative de l'essai détermination de la teneur en air du mortier | quelle norme utilisez-vous pour cet essai ? | détermination de la teneur en air du mortier norme applicable,L'essai « DÉTERMINATION DE LA TENEUR EN AIR DU MORTIER » est réalisé selon **NF EN 1015-7**.,Le laboratoire réalise l'essai « DÉTERMINATION DE LA TENEUR EN AIR DU MORTIER » selon **NF EN 1015-7**.,Ciment,"determination, teneur, air, mortier, ciment",Moyenne,"determination_teneur_air_mortier_delai, determination_teneur_air_mortier_accreditation"
determination_teneur_air_mortier_delai,Quel est le délai de réalisation de l'essai « DÉTERMINATION DE LA TENEUR EN AIR DU MORTIER » ?,délai de l'essai détermination de la teneur en air du mortier | combien de temps prend l'essai détermination de la teneur en air du mortier ? | quand aurai-je les résultats pour détermination de la teneur en air du mortier | temps de traitement détermination de la teneur en air du mortier,Le délai de réalisation de l'essai « DÉTERMINATION DE LA TENEUR EN AIR DU MORTIER » est de **3 jours**.,Le laboratoire réalise l'essai « DÉTERMINATION DE LA TENEUR EN AIR DU MORTIER » dans un délai de **3 jours** à compter de la réception de l'échantillon.,Ciment,"determination, teneur, air, mortier, ciment",Moyenne,"determination_teneur_air_mortier_norme, determination_teneur_air_mortier_accreditation"
determination_teneur_air_mortier_accreditation,L'essai « DÉTERMINATION DE LA TENEUR EN AIR DU MORTIER » est-il accrédité ?,accréditation de l'essai détermination de la teneur en air du mortier | cet essai est-il couvert par l'accréditation ? | portée d'accréditation pour détermination de la teneur en air du mortier | détermination de la teneur en air du mortier accrédité,"Non, l'essai « DÉTERMINATION DE LA TENEUR EN AIR DU MORTIER » n'est pas accrédité.",L'essai « DÉTERMINATION DE LA TENEUR EN AIR DU MORTIER » est proposé par le laboratoire mais ne fait pas partie de sa portée d'accréditation actuelle.,Ciment,"determination, teneur, air, mortier, ciment",Moyenne,"determination_teneur_air_mortier_norme, determination_teneur_air_mortier_delai"
etude_ciment_aux_ajouts_avec_adjuvant_norme,Selon quelle norme réalisez-vous l'essai « ÉTUDE DU CIMENT AUX AJOUTS AVEC ADJUVANT » ?,norme étude du ciment aux ajouts avec adjuvant | référence normative de l'essai étude du ciment aux ajouts avec adjuvant | quelle norme utilisez-vous pour cet essai ? | étude du ciment aux ajouts avec adjuvant norme applicable,Cet essai est réalisé selon notre mode opératoire interne.,Le laboratoire réalise l'essai « ÉTUDE DU CIMENT AUX AJOUTS AVEC ADJUVANT » selon son mode opératoire interne. Rapprochez-vous de nous pour plus de détails sur la méthode appliquée.,Ciment,"etude, ciment, ajouts, avec, adjuvant, mortier",Basse,"etude_ciment_aux_ajouts_avec_adjuvant_delai, etude_ciment_aux_ajouts_avec_adjuvant_accreditation"
etude_ciment_aux_ajouts_avec_adjuvant_delai,Quel est le délai de réalisation de l'essai « ÉTUDE DU CIMENT AUX AJOUTS AVEC ADJUVANT » ?,délai de l'essai étude du ciment aux ajouts avec adjuvant | combien de temps prend l'essai étude du ciment aux ajouts avec adjuvant ? | quand aurai-je les résultats pour étude du ciment aux ajouts avec adjuvant | temps de traitement étude du ciment aux ajouts avec adjuvant,Le délai de réalisation de l'essai « ÉTUDE DU CIMENT AUX AJOUTS AVEC ADJUVANT » est de **60 jours**.,Le laboratoire réalise l'essai « ÉTUDE DU CIMENT AUX AJOUTS AVEC ADJUVANT » dans un délai de **60 jours** à compter de la réception de l'échantillon.,Ciment,"etude, ciment, ajouts, avec, adjuvant, mortier",Basse,"etude_ciment_aux_ajouts_avec_adjuvant_norme, etude_ciment_aux_ajouts_avec_adjuvant_accreditation"
etude_ciment_aux_ajouts_avec_adjuvant_accreditation,L'essai « ÉTUDE DU CIMENT AUX AJOUTS AVEC ADJUVANT » est-il accrédité ?,accréditation de l'essai étude du ciment aux ajouts avec adjuvant | cet essai est-il couvert par l'accréditation ? | portée d'accréditation pour étude du ciment aux ajouts avec adjuvant | étude du ciment aux ajouts avec adjuvant accrédité,"Non, l'essai « ÉTUDE DU CIMENT AUX AJOUTS AVEC ADJUVANT » n'est pas accrédité.",L'essai « ÉTUDE DU CIMENT AUX AJOUTS AVEC ADJUVANT » est proposé par le laboratoire mais ne fait pas partie de sa portée d'accréditation actuelle.,Ciment,"etude, ciment, ajouts, avec, adjuvant, mortier",Basse,"etude_ciment_aux_ajouts_avec_adjuvant_norme, etude_ciment_aux_ajouts_avec_adjuvant_delai"
mesure_chaleur_hydratation_ciments_par_calorimetrie_norme,Selon quelle norme réalisez-vous l'essai « MESURE DE LA CHALEUR D'HYDRATATION DES CIMENTS PAR CALORIMÉTRIE SEMI-ADIABATIQUE (LANGAVANT) » ?,norme mesure de la chaleur d'hydratation des ciments par calorimétrie semi-adiabatique (langavant) | référence normative de l'essai mesure de la chaleur d'hydratation des ciments par calorimétrie semi-adiabatique (langavant) | quelle norme utilisez-vous pour cet essai ? | mesure de la chaleur d'hydratation des ciments par calorimétrie semi-adiabatique (langavant) norme applicable,L'essai « MESURE DE LA CHALEUR D'HYDRATATION DES CIMENTS PAR CALORIMÉTRIE SEMI-ADIABATIQUE (LANGAVANT) » est réalisé selon **NF EN 196-9**.,Le laboratoire réalise l'essai « MESURE DE LA CHALEUR D'HYDRATATION DES CIMENTS PAR CALORIMÉTRIE SEMI-ADIABATIQUE (LANGAVANT) » selon **NF EN 196-9**.,Ciment,"mesure, chaleur, hydratation, ciments, calorimetrie, semi, ciment, mortier",Haute,"mesure_chaleur_hydratation_ciments_par_calorimetrie_delai, mesure_chaleur_hydratation_ciments_par_calorimetrie_accreditation"
mesure_chaleur_hydratation_ciments_par_calorimetrie_delai,Quel est le délai de réalisation de l'essai « MESURE DE LA CHALEUR D'HYDRATATION DES CIMENTS PAR CALORIMÉTRIE SEMI-ADIABATIQUE (LANGAVANT) » ?,délai de l'essai mesure de la chaleur d'hydratation des ciments par calorimétrie semi-adiabatique (langavant) | combien de temps prend l'essai mesure de la chaleur d'hydratation des ciments par calorimétrie semi-adiabatique (langavant) ? | quand aurai-je les résultats pour mesure de la chaleur d'hydratation des ciments par calorimétrie semi-adiabatique (langavant) | temps de traitement mesure de la chaleur d'hydratation des ciments par calorimétrie semi-adiabatique (langavant),Le délai de réalisation de l'essai « MESURE DE LA CHALEUR D'HYDRATATION DES CIMENTS PAR CALORIMÉTRIE SEMI-ADIABATIQUE (LANGAVANT) » est de **12 jours**.,Le laboratoire réalise l'essai « MESURE DE LA CHALEUR D'HYDRATATION DES CIMENTS PAR CALORIMÉTRIE SEMI-ADIABATIQUE (LANGAVANT) » dans un délai de **12 jours** à compter de la réception de l'échantillon.,Ciment,"mesure, chaleur, hydratation, ciments, calorimetrie, semi, ciment, mortier",Haute,"mesure_chaleur_hydratation_ciments_par_calorimetrie_norme, mesure_chaleur_hydratation_ciments_par_calorimetrie_accreditation"
mesure_chaleur_hydratation_ciments_par_calorimetrie_accreditation,L'essai « MESURE DE LA CHALEUR D'HYDRATATION DES CIMENTS PAR CALORIMÉTRIE SEMI-ADIABATIQUE (LANGAVANT) » est-il accrédité ?,accréditation de l'essai mesure de la chaleur d'hydratation des ciments par calorimétrie semi-adiabatique (langavant) | cet essai est-il couvert par l'accréditation ? | portée d'accréditation pour mesure de la chaleur d'hydratation des ciments par calorimétrie semi-adiabatique (langavant) | mesure de la chaleur d'hydratation des ciments par calorimétrie semi-adiabatique (langavant) accrédité,"Oui, l'essai « MESURE DE LA CHALEUR D'HYDRATATION DES CIMENTS PAR CALORIMÉTRIE SEMI-ADIABATIQUE (LANGAVANT) » est accrédité.",Le laboratoire réalise l'essai « MESURE DE LA CHALEUR D'HYDRATATION DES CIMENTS PAR CALORIMÉTRIE SEMI-ADIABATIQUE (LANGAVANT) » dans le cadre de son accréditation.,Ciment,"mesure, chaleur, hydratation, ciments, calorimetrie, semi, ciment, mortier",Haute,"mesure_chaleur_hydratation_ciments_par_calorimetrie_norme, mesure_chaleur_hydratation_ciments_par_calorimetrie_delai"
mesure_masse_volumique_absolue_ciment_norme,Selon quelle norme réalisez-vous l'essai « MESURE DE LA MASSE VOLUMIQUE ABSOLUE DU CIMENT » ?,norme mesure de la masse volumique absolue du ciment | référence normative de l'essai mesure de la masse volumique absolue du ciment | quelle norme utilisez-vous pour cet essai ? | mesure de la masse volumique absolue du ciment norme applicable,L'essai « MESURE DE LA MASSE VOLUMIQUE ABSOLUE DU CIMENT » est réalisé selon **NF EN 196-6**.,Le laboratoire réalise l'essai « MESURE DE LA MASSE VOLUMIQUE ABSOLUE DU CIMENT » selon **NF EN 196-6**.,Ciment,"mesure, masse, volumique, absolue, ciment, mortier",Moyenne,"mesure_masse_volumique_absolue_ciment_delai, mesure_masse_volumique_absolue_ciment_accreditation"
mesure_masse_volumique_absolue_ciment_delai,Quel est le délai de réalisation de l'essai « MESURE DE LA MASSE VOLUMIQUE ABSOLUE DU CIMENT » ?,délai de l'essai mesure de la masse volumique absolue du ciment | combien de temps prend l'essai mesure de la masse volumique absolue du ciment ? | quand aurai-je les résultats pour mesure de la masse volumique absolue du ciment | temps de traitement mesure de la masse volumique absolue du ciment,Le délai de réalisation de l'essai « MESURE DE LA MASSE VOLUMIQUE ABSOLUE DU CIMENT » est de **4 jours**.,Le laboratoire réalise l'essai « MESURE DE LA MASSE VOLUMIQUE ABSOLUE DU CIMENT » dans un délai de **4 jours** à compter de la réception de l'échantillon.,Ciment,"mesure, masse, volumique, absolue, ciment, mortier",Moyenne,"mesure_masse_volumique_absolue_ciment_norme, mesure_masse_volumique_absolue_ciment_accreditation"
mesure_masse_volumique_absolue_ciment_accreditation,L'essai « MESURE DE LA MASSE VOLUMIQUE ABSOLUE DU CIMENT » est-il accrédité ?,accréditation de l'essai mesure de la masse volumique absolue du ciment | cet essai est-il couvert par l'accréditation ? | portée d'accréditation pour mesure de la masse volumique absolue du ciment | mesure de la masse volumique absolue du ciment accrédité,"Non, l'essai « MESURE DE LA MASSE VOLUMIQUE ABSOLUE DU CIMENT » n'est pas accrédité.",L'essai « MESURE DE LA MASSE VOLUMIQUE ABSOLUE DU CIMENT » est proposé par le laboratoire mais ne fait pas partie de sa portée d'accréditation actuelle.,Ciment,"mesure, masse, volumique, absolue, ciment, mortier",Moyenne,"mesure_masse_volumique_absolue_ciment_norme, mesure_masse_volumique_absolue_ciment_delai"
controle_qualite_ciment_blanc_norme,Selon quelle norme réalisez-vous l'essai « CONTRÔLE DE QUALITÉ SUR CIMENT BLANC » ?,norme contrôle de qualité sur ciment blanc | référence normative de l'essai contrôle de qualité sur ciment blanc | quelle norme utilisez-vous pour cet essai ? | contrôle de qualité sur ciment blanc norme applicable,L'essai « CONTRÔLE DE QUALITÉ SUR CIMENT BLANC » est réalisé selon **NF EN 197-1 / NF EN 197-2 / NF EN 197-3 / NF EN 197-4**.,Le laboratoire réalise l'essai « CONTRÔLE DE QUALITÉ SUR CIMENT BLANC » selon **NF EN 197-1 / NF EN 197-2 / NF EN 197-3 / NF EN 197-4**.,Ciment,"controle, qualite, ciment, blanc, mortier",Moyenne,"controle_qualite_ciment_blanc_delai, controle_qualite_ciment_blanc_accreditation"
controle_qualite_ciment_blanc_delai,Quel est le délai de réalisation de l'essai « CONTRÔLE DE QUALITÉ SUR CIMENT BLANC » ?,délai de l'essai contrôle de qualité sur ciment blanc | combien de temps prend l'essai contrôle de qualité sur ciment blanc ? | quand aurai-je les résultats pour contrôle de qualité sur ciment blanc | temps de traitement contrôle de qualité sur ciment blanc,Le délai de réalisation de l'essai « CONTRÔLE DE QUALITÉ SUR CIMENT BLANC » est de **35 jours**.,Le laboratoire réalise l'essai « CONTRÔLE DE QUALITÉ SUR CIMENT BLANC » dans un délai de **35 jours** à compter de la réception de l'échantillon.,Ciment,"controle, qualite, ciment, blanc, mortier",Moyenne,"controle_qualite_ciment_blanc_norme, controle_qualite_ciment_blanc_accreditation"
controle_qualite_ciment_blanc_accreditation,L'essai « CONTRÔLE DE QUALITÉ SUR CIMENT BLANC » est-il accrédité ?,accréditation de l'essai contrôle de qualité sur ciment blanc | cet essai est-il couvert par l'accréditation ? | portée d'accréditation pour contrôle de qualité sur ciment blanc | contrôle de qualité sur ciment blanc accrédité,Le niveau d'accréditation de cette prestation varie selon la composante réalisée.,L'essai « CONTRÔLE DE QUALITÉ SUR CIMENT BLANC » comporte plusieurs composantes réalisées selon différentes normes. Rapprochez-vous du laboratoire pour connaître précisément le niveau d'accréditation de chaque partie de la prestation.,Ciment,"controle, qualite, ciment, blanc, mortier",Moyenne,"controle_qualite_ciment_blanc_norme, controle_qualite_ciment_blanc_delai"
essai_surveillance_ciment_certifie_tedj_norme,Selon quelle norme réalisez-vous l'essai « ESSAI DE SURVEILLANCE SUR CIMENT CERTIFIÉ TEDJ » ?,norme essai de surveillance sur ciment certifié tedj | référence normative de l'essai essai de surveillance sur ciment certifié tedj | quelle norme utilisez-vous pour cet essai ? | essai de surveillance sur ciment certifié tedj norme applicable,L'essai « ESSAI DE SURVEILLANCE SUR CIMENT CERTIFIÉ TEDJ » est réalisé selon **NA 442 / NA 443 / NA 444 / NA 445**.,Le laboratoire réalise l'essai « ESSAI DE SURVEILLANCE SUR CIMENT CERTIFIÉ TEDJ » selon **NA 442 / NA 443 / NA 444 / NA 445**.,Ciment,"essai, surveillance, ciment, certifie, tedj, mortier",Moyenne,"essai_surveillance_ciment_certifie_tedj_delai, essai_surveillance_ciment_certifie_tedj_accreditation"
essai_surveillance_ciment_certifie_tedj_delai,Quel est le délai de réalisation de l'essai « ESSAI DE SURVEILLANCE SUR CIMENT CERTIFIÉ TEDJ » ?,délai de l'essai essai de surveillance sur ciment certifié tedj | combien de temps prend l'essai essai de surveillance sur ciment certifié tedj ? | quand aurai-je les résultats pour essai de surveillance sur ciment certifié tedj | temps de traitement essai de surveillance sur ciment certifié tedj,Le délai de réalisation de l'essai « ESSAI DE SURVEILLANCE SUR CIMENT CERTIFIÉ TEDJ » est de **35 jours**.,Le laboratoire réalise l'essai « ESSAI DE SURVEILLANCE SUR CIMENT CERTIFIÉ TEDJ » dans un délai de **35 jours** à compter de la réception de l'échantillon.,Ciment,"essai, surveillance, ciment, certifie, tedj, mortier",Moyenne,"essai_surveillance_ciment_certifie_tedj_norme, essai_surveillance_ciment_certifie_tedj_accreditation"
essai_surveillance_ciment_certifie_tedj_accreditation,L'essai « ESSAI DE SURVEILLANCE SUR CIMENT CERTIFIÉ TEDJ » est-il accrédité ?,accréditation de l'essai essai de surveillance sur ciment certifié tedj | cet essai est-il couvert par l'accréditation ? | portée d'accréditation pour essai de surveillance sur ciment certifié tedj | essai de surveillance sur ciment certifié tedj accrédité,Le niveau d'accréditation de cette prestation varie selon la composante réalisée.,L'essai « ESSAI DE SURVEILLANCE SUR CIMENT CERTIFIÉ TEDJ » comporte plusieurs composantes réalisées selon différentes normes. Rapprochez-vous du laboratoire pour connaître précisément le niveau d'accréditation de chaque partie de la prestation.,Ciment,"essai, surveillance, ciment, certifie, tedj, mortier",Moyenne,"essai_surveillance_ciment_certifie_tedj_norme, essai_surveillance_ciment_certifie_tedj_delai"
controle_qualite_ciment_norme,Selon quelle norme réalisez-vous l'essai « CONTRÔLE DE QUALITÉ SUR CIMENT » ?,norme contrôle de qualité sur ciment | référence normative de l'essai contrôle de qualité sur ciment | quelle norme utilisez-vous pour cet essai ? | contrôle de qualité sur ciment norme applicable,L'essai « CONTRÔLE DE QUALITÉ SUR CIMENT » est réalisé selon **NF EN 197-1 / NF EN 197-2 / NF EN 197-3 / NF EN 197-4**.,Le laboratoire réalise l'essai « CONTRÔLE DE QUALITÉ SUR CIMENT » selon **NF EN 197-1 / NF EN 197-2 / NF EN 197-3 / NF EN 197-4**.,Ciment,"controle, qualite, ciment, mortier",Moyenne,"controle_qualite_ciment_delai, controle_qualite_ciment_accreditation"
controle_qualite_ciment_delai,Quel est le délai de réalisation de l'essai « CONTRÔLE DE QUALITÉ SUR CIMENT » ?,délai de l'essai contrôle de qualité sur ciment | combien de temps prend l'essai contrôle de qualité sur ciment ? | quand aurai-je les résultats pour contrôle de qualité sur ciment | temps de traitement contrôle de qualité sur ciment,Le délai de réalisation de l'essai « CONTRÔLE DE QUALITÉ SUR CIMENT » est de **35 jours**.,Le laboratoire réalise l'essai « CONTRÔLE DE QUALITÉ SUR CIMENT » dans un délai de **35 jours** à compter de la réception de l'échantillon.,Ciment,"controle, qualite, ciment, mortier",Moyenne,"controle_qualite_ciment_norme, controle_qualite_ciment_accreditation"
controle_qualite_ciment_accreditation,L'essai « CONTRÔLE DE QUALITÉ SUR CIMENT » est-il accrédité ?,accréditation de l'essai contrôle de qualité sur ciment | cet essai est-il couvert par l'accréditation ? | portée d'accréditation pour contrôle de qualité sur ciment | contrôle de qualité sur ciment accrédité,Le niveau d'accréditation de cette prestation varie selon la composante réalisée.,L'essai « CONTRÔLE DE QUALITÉ SUR CIMENT » comporte plusieurs composantes réalisées selon différentes normes. Rapprochez-vous du laboratoire pour connaître précisément le niveau d'accréditation de chaque partie de la prestation.,Ciment,"controle, qualite, ciment, mortier",Moyenne,"controle_qualite_ciment_norme, controle_qualite_ciment_delai"
controle_emballage_norme,Selon quelle norme réalisez-vous l'essai « CONTRÔLE D'EMBALLAGE » ?,norme contrôle d'emballage | référence normative de l'essai contrôle d'emballage | quelle norme utilisez-vous pour cet essai ? | contrôle d'emballage norme applicable,L'essai « CONTRÔLE D'EMBALLAGE » est réalisé selon **NA 5026**.,Le laboratoire réalise l'essai « CONTRÔLE D'EMBALLAGE » selon **NA 5026**.,Ciment,"controle, emballage, ciment, mortier",Moyenne,"controle_emballage_delai, controle_emballage_accreditation"
controle_emballage_delai,Quel est le délai de réalisation de l'essai « CONTRÔLE D'EMBALLAGE » ?,délai de l'essai contrôle d'emballage | combien de temps prend l'essai contrôle d'emballage ? | quand aurai-je les résultats pour contrôle d'emballage | temps de traitement contrôle d'emballage,Le délai de réalisation de l'essai « CONTRÔLE D'EMBALLAGE » est de **4 jours**.,Le laboratoire réalise l'essai « CONTRÔLE D'EMBALLAGE » dans un délai de **4 jours** à compter de la réception de l'échantillon.,Ciment,"controle, emballage, ciment, mortier",Moyenne,"controle_emballage_norme, controle_emballage_accreditation"
controle_emballage_accreditation,L'essai « CONTRÔLE D'EMBALLAGE » est-il accrédité ?,accréditation de l'essai contrôle d'emballage | cet essai est-il couvert par l'accréditation ? | portée d'accréditation pour contrôle d'emballage | contrôle d'emballage accrédité,"Non, l'essai « CONTRÔLE D'EMBALLAGE » n'est pas accrédité.",L'essai « CONTRÔLE D'EMBALLAGE » est proposé par le laboratoire mais ne fait pas partie de sa portée d'accréditation actuelle.,Ciment,"controle, emballage, ciment, mortier",Moyenne,"controle_emballage_norme, controle_emballage_delai"
controle_technique_norme,Selon quelle norme réalisez-vous l'essai « CONTRÔLE TECHNIQUE » ?,norme contrôle technique | référence normative de l'essai contrôle technique | quelle norme utilisez-vous pour cet essai ? | contrôle technique norme applicable,L'essai « CONTRÔLE TECHNIQUE » est réalisé selon **NF EN 197-1 / NF EN 197-2 / NF EN 197-3 / NF EN 197-4**.,Le laboratoire réalise l'essai « CONTRÔLE TECHNIQUE » selon **NF EN 197-1 / NF EN 197-2 / NF EN 197-3 / NF EN 197-4**.,Ciment,"controle, technique, ciment, mortier",Moyenne,"controle_technique_delai, controle_technique_accreditation"
controle_technique_delai,Quel est le délai de réalisation de l'essai « CONTRÔLE TECHNIQUE » ?,délai de l'essai contrôle technique | combien de temps prend l'essai contrôle technique ? | quand aurai-je les résultats pour contrôle technique | temps de traitement contrôle technique,Le délai de réalisation de l'essai « CONTRÔLE TECHNIQUE » est de **35 jours**.,Le laboratoire réalise l'essai « CONTRÔLE TECHNIQUE » dans un délai de **35 jours** à compter de la réception de l'échantillon.,Ciment,"controle, technique, ciment, mortier",Moyenne,"controle_technique_norme, controle_technique_accreditation"
controle_technique_accreditation,L'essai « CONTRÔLE TECHNIQUE » est-il accrédité ?,accréditation de l'essai contrôle technique | cet essai est-il couvert par l'accréditation ? | portée d'accréditation pour contrôle technique | contrôle technique accrédité,Le niveau d'accréditation de cette prestation varie selon la composante réalisée.,L'essai « CONTRÔLE TECHNIQUE » comporte plusieurs composantes réalisées selon différentes normes. Rapprochez-vous du laboratoire pour connaître précisément le niveau d'accréditation de chaque partie de la prestation.,Ciment,"controle, technique, ciment, mortier",Moyenne,"controle_technique_norme, controle_technique_delai"
essais_admission_ciment_certification_tedj_norme,Selon quelle norme réalisez-vous l'essai « ESSAIS D'ADMISSION SUR CIMENT À LA CERTIFICATION TEDJ » ?,norme essais d'admission sur ciment à la certification tedj | référence normative de l'essai essais d'admission sur ciment à la certification tedj | quelle norme utilisez-vous pour cet essai ? | essais d'admission sur ciment à la certification tedj norme applicable,L'essai « ESSAIS D'ADMISSION SUR CIMENT À LA CERTIFICATION TEDJ » est réalisé selon **NA 442 / NA 443 / NA 444 / NA 445**.,Le laboratoire réalise l'essai « ESSAIS D'ADMISSION SUR CIMENT À LA CERTIFICATION TEDJ » selon **NA 442 / NA 443 / NA 444 / NA 445**.,Ciment,"essais, admission, ciment, certification, tedj, mortier",Moyenne,"essais_admission_ciment_certification_tedj_delai, essais_admission_ciment_certification_tedj_accreditation"
essais_admission_ciment_certification_tedj_delai,Quel est le délai de réalisation de l'essai « ESSAIS D'ADMISSION SUR CIMENT À LA CERTIFICATION TEDJ » ?,délai de l'essai essais d'admission sur ciment à la certification tedj | combien de temps prend l'essai essais d'admission sur ciment à la certification tedj ? | quand aurai-je les résultats pour essais d'admission sur ciment à la certification tedj | temps de traitement essais d'admission sur ciment à la certification tedj,Le délai de réalisation de l'essai « ESSAIS D'ADMISSION SUR CIMENT À LA CERTIFICATION TEDJ » est de **35 jours**.,Le laboratoire réalise l'essai « ESSAIS D'ADMISSION SUR CIMENT À LA CERTIFICATION TEDJ » dans un délai de **35 jours** à compter de la réception de l'échantillon.,Ciment,"essais, admission, ciment, certification, tedj, mortier",Moyenne,"essais_admission_ciment_certification_tedj_norme, essais_admission_ciment_certification_tedj_accreditation"
essais_admission_ciment_certification_tedj_accreditation,L'essai « ESSAIS D'ADMISSION SUR CIMENT À LA CERTIFICATION TEDJ » est-il accrédité ?,accréditation de l'essai essais d'admission sur ciment à la certification tedj | cet essai est-il couvert par l'accréditation ? | portée d'accréditation pour essais d'admission sur ciment à la certification tedj | essais d'admission sur ciment à la certification tedj accrédité,Le niveau d'accréditation de cette prestation varie selon la composante réalisée.,L'essai « ESSAIS D'ADMISSION SUR CIMENT À LA CERTIFICATION TEDJ » comporte plusieurs composantes réalisées selon différentes normes. Rapprochez-vous du laboratoire pour connaître précisément le niveau d'accréditation de chaque partie de la prestation.,Ciment,"essais, admission, ciment, certification, tedj, mortier",Moyenne,"essais_admission_ciment_certification_tedj_norme, essais_admission_ciment_certification_tedj_delai"
adherence_initiale_par_traction_norme,Selon quelle norme réalisez-vous l'essai « ADHÉRENCE INITIALE PAR TRACTION » ?,norme adhérence initiale par traction | référence normative de l'essai adhérence initiale par traction | quelle norme utilisez-vous pour cet essai ? | adhérence initiale par traction norme applicable,L'essai « ADHÉRENCE INITIALE PAR TRACTION » est réalisé selon **NF EN 12004-2**.,Le laboratoire réalise l'essai « ADHÉRENCE INITIALE PAR TRACTION » selon **NF EN 12004-2**.,Ciment,"adherence, initiale, traction, ciment, mortier",Moyenne,"adherence_initiale_par_traction_delai, adherence_initiale_par_traction_accreditation"
adherence_initiale_par_traction_delai,Quel est le délai de réalisation de l'essai « ADHÉRENCE INITIALE PAR TRACTION » ?,délai de l'essai adhérence initiale par traction | combien de temps prend l'essai adhérence initiale par traction ? | quand aurai-je les résultats pour adhérence initiale par traction | temps de traitement adhérence initiale par traction,Le délai de réalisation de l'essai « ADHÉRENCE INITIALE PAR TRACTION » est de **35 jours**.,Le laboratoire réalise l'essai « ADHÉRENCE INITIALE PAR TRACTION » dans un délai de **35 jours** à compter de la réception de l'échantillon.,Ciment,"adherence, initiale, traction, ciment, mortier",Moyenne,"adherence_initiale_par_traction_norme, adherence_initiale_par_traction_accreditation"
adherence_initiale_par_traction_accreditation,L'essai « ADHÉRENCE INITIALE PAR TRACTION » est-il accrédité ?,accréditation de l'essai adhérence initiale par traction | cet essai est-il couvert par l'accréditation ? | portée d'accréditation pour adhérence initiale par traction | adhérence initiale par traction accrédité,"Non, l'essai « ADHÉRENCE INITIALE PAR TRACTION » n'est pas accrédité.",L'essai « ADHÉRENCE INITIALE PAR TRACTION » est proposé par le laboratoire mais ne fait pas partie de sa portée d'accréditation actuelle.,Ciment,"adherence, initiale, traction, ciment, mortier",Moyenne,"adherence_initiale_par_traction_norme, adherence_initiale_par_traction_delai"
adherence_par_traction_apres_action_chaleur_norme,Selon quelle norme réalisez-vous l'essai « ADHÉRENCE PAR TRACTION APRÈS ACTION DE LA CHALEUR » ?,norme adhérence par traction après action de la chaleur | référence normative de l'essai adhérence par traction après action de la chaleur | quelle norme utilisez-vous pour cet essai ? | adhérence par traction après action de la chaleur norme applicable,L'essai « ADHÉRENCE PAR TRACTION APRÈS ACTION DE LA CHALEUR » est réalisé selon **NF EN 12004-2**.,Le laboratoire réalise l'essai « ADHÉRENCE PAR TRACTION APRÈS ACTION DE LA CHALEUR » selon **NF EN 12004-2**.,Ciment,"adherence, traction, apres, action, chaleur, ciment, mortier",Moyenne,"adherence_par_traction_apres_action_chaleur_delai, adherence_par_traction_apres_action_chaleur_accreditation"
adherence_par_traction_apres_action_chaleur_delai,Quel est le délai de réalisation de l'essai « ADHÉRENCE PAR TRACTION APRÈS ACTION DE LA CHALEUR » ?,délai de l'essai adhérence par traction après action de la chaleur | combien de temps prend l'essai adhérence par traction après action de la chaleur ? | quand aurai-je les résultats pour adhérence par traction après action de la chaleur | temps de traitement adhérence par traction après action de la chaleur,Le délai de réalisation de l'essai « ADHÉRENCE PAR TRACTION APRÈS ACTION DE LA CHALEUR » est de **35 jours**.,Le laboratoire réalise l'essai « ADHÉRENCE PAR TRACTION APRÈS ACTION DE LA CHALEUR » dans un délai de **35 jours** à compter de la réception de l'échantillon.,Ciment,"adherence, traction, apres, action, chaleur, ciment, mortier",Moyenne,"adherence_par_traction_apres_action_chaleur_norme, adherence_par_traction_apres_action_chaleur_accreditation"
adherence_par_traction_apres_action_chaleur_accreditation,L'essai « ADHÉRENCE PAR TRACTION APRÈS ACTION DE LA CHALEUR » est-il accrédité ?,accréditation de l'essai adhérence par traction après action de la chaleur | cet essai est-il couvert par l'accréditation ? | portée d'accréditation pour adhérence par traction après action de la chaleur | adhérence par traction après action de la chaleur accrédité,"Non, l'essai « ADHÉRENCE PAR TRACTION APRÈS ACTION DE LA CHALEUR » n'est pas accrédité.",L'essai « ADHÉRENCE PAR TRACTION APRÈS ACTION DE LA CHALEUR » est proposé par le laboratoire mais ne fait pas partie de sa portée d'accréditation actuelle.,Ciment,"adherence, traction, apres, action, chaleur, ciment, mortier",Moyenne,"adherence_par_traction_apres_action_chaleur_norme, adherence_par_traction_apres_action_chaleur_delai"
adherence_par_traction_apres_action_gel_norme,Selon quelle norme réalisez-vous l'essai « ADHÉRENCE PAR TRACTION APRÈS ACTION DU GEL ET DÉGEL » ?,norme adhérence par traction après action du gel et dégel | référence normative de l'essai adhérence par traction après action du gel et dégel | quelle norme utilisez-vous pour cet essai ? | adhérence par traction après action du gel et dégel norme applicable,L'essai « ADHÉRENCE PAR TRACTION APRÈS ACTION DU GEL ET DÉGEL » est réalisé selon **NF EN 12004-2**.,Le laboratoire réalise l'essai « ADHÉRENCE PAR TRACTION APRÈS ACTION DU GEL ET DÉGEL » selon **NF EN 12004-2**.,Ciment,"adherence, traction, apres, action, gel, degel, ciment, mortier",Moyenne,"adherence_par_traction_apres_action_gel_delai, adherence_par_traction_apres_action_gel_accreditation"
adherence_par_traction_apres_action_gel_delai,Quel est le délai de réalisation de l'essai « ADHÉRENCE PAR TRACTION APRÈS ACTION DU GEL ET DÉGEL » ?,délai de l'essai adhérence par traction après action du gel et dégel | combien de temps prend l'essai adhérence par traction après action du gel et dégel ? | quand aurai-je les résultats pour adhérence par traction après action du gel et dégel | temps de traitement adhérence par traction après action du gel et dégel,Le délai de réalisation de l'essai « ADHÉRENCE PAR TRACTION APRÈS ACTION DU GEL ET DÉGEL » est de **60 jours**.,Le laboratoire réalise l'essai « ADHÉRENCE PAR TRACTION APRÈS ACTION DU GEL ET DÉGEL » dans un délai de **60 jours** à compter de la réception de l'échantillon.,Ciment,"adherence, traction, apres, action, gel, degel, ciment, mortier",Moyenne,"adherence_par_traction_apres_action_gel_norme, adherence_par_traction_apres_action_gel_accreditation"
adherence_par_traction_apres_action_gel_accreditation,L'essai « ADHÉRENCE PAR TRACTION APRÈS ACTION DU GEL ET DÉGEL » est-il accrédité ?,accréditation de l'essai adhérence par traction après action du gel et dégel | cet essai est-il couvert par l'accréditation ? | portée d'accréditation pour adhérence par traction après action du gel et dégel | adhérence par traction après action du gel et dégel accrédité,"Non, l'essai « ADHÉRENCE PAR TRACTION APRÈS ACTION DU GEL ET DÉGEL » n'est pas accrédité.",L'essai « ADHÉRENCE PAR TRACTION APRÈS ACTION DU GEL ET DÉGEL » est proposé par le laboratoire mais ne fait pas partie de sa portée d'accréditation actuelle.,Ciment,"adherence, traction, apres, action, gel, degel, ciment, mortier",Moyenne,"adherence_par_traction_apres_action_gel_norme, adherence_par_traction_apres_action_gel_delai"
adherence_par_traction_apres_immersion_dans_norme,Selon quelle norme réalisez-vous l'essai « ADHÉRENCE PAR TRACTION APRÈS IMMERSION DANS L'EAU » ?,norme adhérence par traction après immersion dans l'eau | référence normative de l'essai adhérence par traction après immersion dans l'eau | quelle norme utilisez-vous pour cet essai ? | adhérence par traction après immersion dans l'eau norme applicable,L'essai « ADHÉRENCE PAR TRACTION APRÈS IMMERSION DANS L'EAU » est réalisé selon **NF EN 12004-2**.,Le laboratoire réalise l'essai « ADHÉRENCE PAR TRACTION APRÈS IMMERSION DANS L'EAU » selon **NF EN 12004-2**.,Ciment,"adherence, traction, apres, immersion, eau, ciment, mortier",Moyenne,"adherence_par_traction_apres_immersion_dans_delai, adherence_par_traction_apres_immersion_dans_accreditation"
adherence_par_traction_apres_immersion_dans_delai,Quel est le délai de réalisation de l'essai « ADHÉRENCE PAR TRACTION APRÈS IMMERSION DANS L'EAU » ?,délai de l'essai adhérence par traction après immersion dans l'eau | combien de temps prend l'essai adhérence par traction après immersion dans l'eau ? | quand aurai-je les résultats pour adhérence par traction après immersion dans l'eau | temps de traitement adhérence par traction après immersion dans l'eau,Le délai de réalisation de l'essai « ADHÉRENCE PAR TRACTION APRÈS IMMERSION DANS L'EAU » est de **35 jours**.,Le laboratoire réalise l'essai « ADHÉRENCE PAR TRACTION APRÈS IMMERSION DANS L'EAU » dans un délai de **35 jours** à compter de la réception de l'échantillon.,Ciment,"adherence, traction, apres, immersion, eau, ciment, mortier",Moyenne,"adherence_par_traction_apres_immersion_dans_norme, adherence_par_traction_apres_immersion_dans_accreditation"
adherence_par_traction_apres_immersion_dans_accreditation,L'essai « ADHÉRENCE PAR TRACTION APRÈS IMMERSION DANS L'EAU » est-il accrédité ?,accréditation de l'essai adhérence par traction après immersion dans l'eau | cet essai est-il couvert par l'accréditation ? | portée d'accréditation pour adhérence par traction après immersion dans l'eau | adhérence par traction après immersion dans l'eau accrédité,"Non, l'essai « ADHÉRENCE PAR TRACTION APRÈS IMMERSION DANS L'EAU » n'est pas accrédité.",L'essai « ADHÉRENCE PAR TRACTION APRÈS IMMERSION DANS L'EAU » est proposé par le laboratoire mais ne fait pas partie de sa portée d'accréditation actuelle.,Ciment,"adherence, traction, apres, immersion, eau, ciment, mortier",Moyenne,"adherence_par_traction_apres_immersion_dans_norme, adherence_par_traction_apres_immersion_dans_delai"
interpretation_resultats_norme,Selon quelle norme réalisez-vous l'essai « INTERPRÉTATION DES RÉSULTATS » ?,norme interprétation des résultats | référence normative de l'essai interprétation des résultats | quelle norme utilisez-vous pour cet essai ? | interprétation des résultats norme applicable,L'essai « INTERPRÉTATION DES RÉSULTATS » est réalisé selon **NF EN 197-1**.,Le laboratoire réalise l'essai « INTERPRÉTATION DES RÉSULTATS » selon **NF EN 197-1**.,Ciment,"interpretation, resultats, ciment, mortier",Moyenne,"interpretation_resultats_delai, interpretation_resultats_accreditation"
interpretation_resultats_delai,Quel est le délai de réalisation de l'essai « INTERPRÉTATION DES RÉSULTATS » ?,délai de l'essai interprétation des résultats | combien de temps prend l'essai interprétation des résultats ? | quand aurai-je les résultats pour interprétation des résultats | temps de traitement interprétation des résultats,Le délai de réalisation de l'essai « INTERPRÉTATION DES RÉSULTATS » est de **3 jours**.,Le laboratoire réalise l'essai « INTERPRÉTATION DES RÉSULTATS » dans un délai de **3 jours** à compter de la réception de l'échantillon.,Ciment,"interpretation, resultats, ciment, mortier",Moyenne,"interpretation_resultats_norme, interpretation_resultats_accreditation"
interpretation_resultats_accreditation,L'essai « INTERPRÉTATION DES RÉSULTATS » est-il accrédité ?,accréditation de l'essai interprétation des résultats | cet essai est-il couvert par l'accréditation ? | portée d'accréditation pour interprétation des résultats | interprétation des résultats accrédité,"Non, l'essai « INTERPRÉTATION DES RÉSULTATS » n'est pas accrédité.",L'essai « INTERPRÉTATION DES RÉSULTATS » est proposé par le laboratoire mais ne fait pas partie de sa portée d'accréditation actuelle.,Ciment,"interpretation, resultats, ciment, mortier",Moyenne,"interpretation_resultats_norme, interpretation_resultats_delai"
mission_prelevement_2_norme,Selon quelle norme réalisez-vous l'essai « MISSION DE PRÉLÈVEMENT (CIMENT) » ?,norme mission de prélèvement (ciment) | référence normative de l'essai mission de prélèvement (ciment) | quelle norme utilisez-vous pour cet essai ? | mission de prélèvement (ciment) norme applicable,Cet essai est réalisé selon notre mode opératoire interne.,Le laboratoire réalise l'essai « MISSION DE PRÉLÈVEMENT (CIMENT) » selon son mode opératoire interne. Rapprochez-vous de nous pour plus de détails sur la méthode appliquée.,Ciment,"mission, prelevement, ciment, mortier",Basse,"mission_prelevement_2_delai, mission_prelevement_2_accreditation"
mission_prelevement_2_delai,Quel est le délai de réalisation de l'essai « MISSION DE PRÉLÈVEMENT (CIMENT) » ?,délai de l'essai mission de prélèvement (ciment) | combien de temps prend l'essai mission de prélèvement (ciment) ? | quand aurai-je les résultats pour mission de prélèvement (ciment) | temps de traitement mission de prélèvement (ciment),Le délai de réalisation de l'essai « MISSION DE PRÉLÈVEMENT (CIMENT) » est de **5 jours**.,Le laboratoire réalise l'essai « MISSION DE PRÉLÈVEMENT (CIMENT) » dans un délai de **5 jours** à compter de la réception de l'échantillon.,Ciment,"mission, prelevement, ciment, mortier",Basse,"mission_prelevement_2_norme, mission_prelevement_2_accreditation"
mission_prelevement_2_accreditation,L'essai « MISSION DE PRÉLÈVEMENT (CIMENT) » est-il accrédité ?,accréditation de l'essai mission de prélèvement (ciment) | cet essai est-il couvert par l'accréditation ? | portée d'accréditation pour mission de prélèvement (ciment) | mission de prélèvement (ciment) accrédité,"Non, l'essai « MISSION DE PRÉLÈVEMENT (CIMENT) » n'est pas accrédité.",L'essai « MISSION DE PRÉLÈVEMENT (CIMENT) » est proposé par le laboratoire mais ne fait pas partie de sa portée d'accréditation actuelle.,Ciment,"mission, prelevement, ciment, mortier",Basse,"mission_prelevement_2_norme, mission_prelevement_2_delai"
analyse_phases_platre_norme,Selon quelle norme réalisez-vous l'essai « ANALYSE DE PHASES DU PLÂTRE » ?,norme analyse de phases du plâtre | référence normative de l'essai analyse de phases du plâtre | quelle norme utilisez-vous pour cet essai ? | analyse de phases du plâtre norme applicable,L'essai « ANALYSE DE PHASES DU PLÂTRE » est réalisé selon **Par DRX**.,Le laboratoire réalise l'essai « ANALYSE DE PHASES DU PLÂTRE » selon **Par DRX**.,Plâtre et chaux,"analyse, phases, platre, plâtre, chaux",Moyenne,"analyse_phases_platre_delai, analyse_phases_platre_accreditation"
analyse_phases_platre_delai,Quel est le délai de réalisation de l'essai « ANALYSE DE PHASES DU PLÂTRE » ?,délai de l'essai analyse de phases du plâtre | combien de temps prend l'essai analyse de phases du plâtre ? | quand aurai-je les résultats pour analyse de phases du plâtre | temps de traitement analyse de phases du plâtre,Le délai de réalisation de l'essai « ANALYSE DE PHASES DU PLÂTRE » est de **21 jours**.,Le laboratoire réalise l'essai « ANALYSE DE PHASES DU PLÂTRE » dans un délai de **21 jours** à compter de la réception de l'échantillon.,Plâtre et chaux,"analyse, phases, platre, plâtre, chaux",Moyenne,"analyse_phases_platre_norme, analyse_phases_platre_accreditation"
analyse_phases_platre_accreditation,L'essai « ANALYSE DE PHASES DU PLÂTRE » est-il accrédité ?,accréditation de l'essai analyse de phases du plâtre | cet essai est-il couvert par l'accréditation ? | portée d'accréditation pour analyse de phases du plâtre | analyse de phases du plâtre accrédité,"Non, l'essai « ANALYSE DE PHASES DU PLÂTRE » n'est pas accrédité.",L'essai « ANALYSE DE PHASES DU PLÂTRE » est proposé par le laboratoire mais ne fait pas partie de sa portée d'accréditation actuelle.,Plâtre et chaux,"analyse, phases, platre, plâtre, chaux",Moyenne,"analyse_phases_platre_norme, analyse_phases_platre_delai"
etude_reduite_fabrication_platres_norme,Selon quelle norme réalisez-vous l'essai « ÉTUDE RÉDUITE – FABRICATION DES PLÂTRES (plâtre béta ou plâtre alpha) » ?,norme étude réduite – fabrication des plâtres (plâtre béta ou plâtre alpha) | référence normative de l'essai étude réduite – fabrication des plâtres (plâtre béta ou plâtre alpha) | quelle norme utilisez-vous pour cet essai ? | étude réduite – fabrication des plâtres (plâtre béta ou plâtre alpha) norme applicable,Cet essai est réalisé selon notre mode opératoire interne.,Le laboratoire réalise l'essai « ÉTUDE RÉDUITE – FABRICATION DES PLÂTRES (plâtre béta ou plâtre alpha) » selon son mode opératoire interne. Rapprochez-vous de nous pour plus de détails sur la méthode appliquée.,Plâtre et chaux,"etude, reduite, fabrication, platres, plâtre, chaux",Basse,"etude_reduite_fabrication_platres_delai, etude_reduite_fabrication_platres_accreditation"
etude_reduite_fabrication_platres_delai,Quel est le délai de réalisation de l'essai « ÉTUDE RÉDUITE – FABRICATION DES PLÂTRES (plâtre béta ou plâtre alpha) » ?,délai de l'essai étude réduite – fabrication des plâtres (plâtre béta ou plâtre alpha) | combien de temps prend l'essai étude réduite – fabrication des plâtres (plâtre béta ou plâtre alpha) ? | quand aurai-je les résultats pour étude réduite – fabrication des plâtres (plâtre béta ou plâtre alpha) | temps de traitement étude réduite – fabrication des plâtres (plâtre béta ou plâtre alpha),Le délai de réalisation de l'essai « ÉTUDE RÉDUITE – FABRICATION DES PLÂTRES (plâtre béta ou plâtre alpha) » est de **30 jours**.,Le laboratoire réalise l'essai « ÉTUDE RÉDUITE – FABRICATION DES PLÂTRES (plâtre béta ou plâtre alpha) » dans un délai de **30 jours** à compter de la réception de l'échantillon.,Plâtre et chaux,"etude, reduite, fabrication, platres, plâtre, chaux",Basse,"etude_reduite_fabrication_platres_norme, etude_reduite_fabrication_platres_accreditation"
etude_reduite_fabrication_platres_accreditation,L'essai « ÉTUDE RÉDUITE – FABRICATION DES PLÂTRES (plâtre béta ou plâtre alpha) » est-il accrédité ?,accréditation de l'essai étude réduite – fabrication des plâtres (plâtre béta ou plâtre alpha) | cet essai est-il couvert par l'accréditation ? | portée d'accréditation pour étude réduite – fabrication des plâtres (plâtre béta ou plâtre alpha) | étude réduite – fabrication des plâtres (plâtre béta ou plâtre alpha) accrédité,"Non, l'essai « ÉTUDE RÉDUITE – FABRICATION DES PLÂTRES (plâtre béta ou plâtre alpha) » n'est pas accrédité.",L'essai « ÉTUDE RÉDUITE – FABRICATION DES PLÂTRES (plâtre béta ou plâtre alpha) » est proposé par le laboratoire mais ne fait pas partie de sa portée d'accréditation actuelle.,Plâtre et chaux,"etude, reduite, fabrication, platres, plâtre, chaux",Basse,"etude_reduite_fabrication_platres_norme, etude_reduite_fabrication_platres_delai"
controle_conformite_platres_norme,Selon quelle norme réalisez-vous l'essai « CONTRÔLE DE CONFORMITÉ DES PLÂTRES (CERTIFICATION DE PRODUITS) » ?,norme contrôle de conformité des plâtres (certification de produits) | référence normative de l'essai contrôle de conformité des plâtres (certification de produits) | quelle norme utilisez-vous pour cet essai ? | contrôle de conformité des plâtres (certification de produits) norme applicable,L'essai « CONTRÔLE DE CONFORMITÉ DES PLÂTRES (CERTIFICATION DE PRODUITS) » est réalisé selon **EN 13279-2**.,Le laboratoire réalise l'essai « CONTRÔLE DE CONFORMITÉ DES PLÂTRES (CERTIFICATION DE PRODUITS) » selon **EN 13279-2**.,Plâtre et chaux,"controle, conformite, platres, plâtre, chaux",Moyenne,"controle_conformite_platres_delai, controle_conformite_platres_accreditation"
controle_conformite_platres_delai,Quel est le délai de réalisation de l'essai « CONTRÔLE DE CONFORMITÉ DES PLÂTRES (CERTIFICATION DE PRODUITS) » ?,délai de l'essai contrôle de conformité des plâtres (certification de produits) | combien de temps prend l'essai contrôle de conformité des plâtres (certification de produits) ? | quand aurai-je les résultats pour contrôle de conformité des plâtres (certification de produits) | temps de traitement contrôle de conformité des plâtres (certification de produits),Le délai de réalisation de l'essai « CONTRÔLE DE CONFORMITÉ DES PLÂTRES (CERTIFICATION DE PRODUITS) » est de **15 jours**.,Le laboratoire réalise l'essai « CONTRÔLE DE CONFORMITÉ DES PLÂTRES (CERTIFICATION DE PRODUITS) » dans un délai de **15 jours** à compter de la réception de l'échantillon.,Plâtre et chaux,"controle, conformite, platres, plâtre, chaux",Moyenne,"controle_conformite_platres_norme, controle_conformite_platres_accreditation"
controle_conformite_platres_accreditation,L'essai « CONTRÔLE DE CONFORMITÉ DES PLÂTRES (CERTIFICATION DE PRODUITS) » est-il accrédité ?,accréditation de l'essai contrôle de conformité des plâtres (certification de produits) | cet essai est-il couvert par l'accréditation ? | portée d'accréditation pour contrôle de conformité des plâtres (certification de produits) | contrôle de conformité des plâtres (certification de produits) accrédité,"Non, l'essai « CONTRÔLE DE CONFORMITÉ DES PLÂTRES (CERTIFICATION DE PRODUITS) » n'est pas accrédité.",L'essai « CONTRÔLE DE CONFORMITÉ DES PLÂTRES (CERTIFICATION DE PRODUITS) » est proposé par le laboratoire mais ne fait pas partie de sa portée d'accréditation actuelle.,Plâtre et chaux,"controle, conformite, platres, plâtre, chaux",Moyenne,"controle_conformite_platres_norme, controle_conformite_platres_delai"
determination_purete_calcaires_analyse_chimique_classification_norme,Selon quelle norme réalisez-vous l'essai « DÉTERMINATION DE LA PURETÉ DES CALCAIRES + ANALYSE CHIMIQUE ET CLASSIFICATION » ?,norme détermination de la pureté des calcaires + analyse chimique et classification | référence normative de l'essai détermination de la pureté des calcaires + analyse chimique et classification | quelle norme utilisez-vous pour cet essai ? | détermination de la pureté des calcaires + analyse chimique et classification norme applicable,L'essai « DÉTERMINATION DE LA PURETÉ DES CALCAIRES + ANALYSE CHIMIQUE ET CLASSIFICATION » est réalisé selon **NF EN 459-1**.,Le laboratoire réalise l'essai « DÉTERMINATION DE LA PURETÉ DES CALCAIRES + ANALYSE CHIMIQUE ET CLASSIFICATION » selon **NF EN 459-1**.,Plâtre et chaux,"analyse, determination, purete, calcaires, chimique, classification, plâtre, chaux",Moyenne,"determination_purete_calcaires_analyse_chimique_classification_delai, determination_purete_calcaires_analyse_chimique_classification_accreditation"
determination_purete_calcaires_analyse_chimique_classification_delai,Quel est le délai de réalisation de l'essai « DÉTERMINATION DE LA PURETÉ DES CALCAIRES + ANALYSE CHIMIQUE ET CLASSIFICATION » ?,délai de l'essai détermination de la pureté des calcaires + analyse chimique et classification | combien de temps prend l'essai détermination de la pureté des calcaires + analyse chimique et classification ? | quand aurai-je les résultats pour détermination de la pureté des calcaires + analyse chimique et classification | temps de traitement détermination de la pureté des calcaires + analyse chimique et classification,Le délai de réalisation de l'essai « DÉTERMINATION DE LA PURETÉ DES CALCAIRES + ANALYSE CHIMIQUE ET CLASSIFICATION » est de **5 jours**.,Le laboratoire réalise l'essai « DÉTERMINATION DE LA PURETÉ DES CALCAIRES + ANALYSE CHIMIQUE ET CLASSIFICATION » dans un délai de **5 jours** à compter de la réception de l'échantillon.,Plâtre et chaux,"analyse, determination, purete, calcaires, chimique, classification, plâtre, chaux",Moyenne,"determination_purete_calcaires_analyse_chimique_classification_norme, determination_purete_calcaires_analyse_chimique_classification_accreditation"
determination_purete_calcaires_analyse_chimique_classification_accreditation,L'essai « DÉTERMINATION DE LA PURETÉ DES CALCAIRES + ANALYSE CHIMIQUE ET CLASSIFICATION » est-il accrédité ?,accréditation de l'essai détermination de la pureté des calcaires + analyse chimique et classification | cet essai est-il couvert par l'accréditation ? | portée d'accréditation pour détermination de la pureté des calcaires + analyse chimique et classification | détermination de la pureté des calcaires + analyse chimique et classification accrédité,"Non, l'essai « DÉTERMINATION DE LA PURETÉ DES CALCAIRES + ANALYSE CHIMIQUE ET CLASSIFICATION » n'est pas accrédité.",L'essai « DÉTERMINATION DE LA PURETÉ DES CALCAIRES + ANALYSE CHIMIQUE ET CLASSIFICATION » est proposé par le laboratoire mais ne fait pas partie de sa portée d'accréditation actuelle.,Plâtre et chaux,"analyse, determination, purete, calcaires, chimique, classification, plâtre, chaux",Moyenne,"determination_purete_calcaires_analyse_chimique_classification_norme, determination_purete_calcaires_analyse_chimique_classification_delai"
determination_masse_volumique_poudre_non_tassee_norme,Selon quelle norme réalisez-vous l'essai « DÉTERMINATION DE LA MASSE VOLUMIQUE DE LA POUDRE NON TASSÉE » ?,norme détermination de la masse volumique de la poudre non tassée | référence normative de l'essai détermination de la masse volumique de la poudre non tassée | quelle norme utilisez-vous pour cet essai ? | détermination de la masse volumique de la poudre non tassée norme applicable,L'essai « DÉTERMINATION DE LA MASSE VOLUMIQUE DE LA POUDRE NON TASSÉE » est réalisé selon **Selon mode Operatoire**.,Le laboratoire réalise l'essai « DÉTERMINATION DE LA MASSE VOLUMIQUE DE LA POUDRE NON TASSÉE » selon **Selon mode Operatoire**.,Plâtre et chaux,"determination, masse, volumique, poudre, non, tassee, plâtre, chaux",Moyenne,"determination_masse_volumique_poudre_non_tassee_delai, determination_masse_volumique_poudre_non_tassee_accreditation"
determination_masse_volumique_poudre_non_tassee_delai,Quel est le délai de réalisation de l'essai « DÉTERMINATION DE LA MASSE VOLUMIQUE DE LA POUDRE NON TASSÉE » ?,délai de l'essai détermination de la masse volumique de la poudre non tassée | combien de temps prend l'essai détermination de la masse volumique de la poudre non tassée ? | quand aurai-je les résultats pour détermination de la masse volumique de la poudre non tassée | temps de traitement détermination de la masse volumique de la poudre non tassée,Le délai de réalisation de l'essai « DÉTERMINATION DE LA MASSE VOLUMIQUE DE LA POUDRE NON TASSÉE » est de **4 jours**.,Le laboratoire réalise l'essai « DÉTERMINATION DE LA MASSE VOLUMIQUE DE LA POUDRE NON TASSÉE » dans un délai de **4 jours** à compter de la réception de l'échantillon.,Plâtre et chaux,"determination, masse, volumique, poudre, non, tassee, plâtre, chaux",Moyenne,"determination_masse_volumique_poudre_non_tassee_norme, determination_masse_volumique_poudre_non_tassee_accreditation"
determination_masse_volumique_poudre_non_tassee_accreditation,L'essai « DÉTERMINATION DE LA MASSE VOLUMIQUE DE LA POUDRE NON TASSÉE » est-il accrédité ?,accréditation de l'essai détermination de la masse volumique de la poudre non tassée | cet essai est-il couvert par l'accréditation ? | portée d'accréditation pour détermination de la masse volumique de la poudre non tassée | détermination de la masse volumique de la poudre non tassée accrédité,"Non, l'essai « DÉTERMINATION DE LA MASSE VOLUMIQUE DE LA POUDRE NON TASSÉE » n'est pas accrédité.",L'essai « DÉTERMINATION DE LA MASSE VOLUMIQUE DE LA POUDRE NON TASSÉE » est proposé par le laboratoire mais ne fait pas partie de sa portée d'accréditation actuelle.,Plâtre et chaux,"determination, masse, volumique, poudre, non, tassee, plâtre, chaux",Moyenne,"determination_masse_volumique_poudre_non_tassee_norme, determination_masse_volumique_poudre_non_tassee_delai"
essai_cuisson_norme,Selon quelle norme réalisez-vous l'essai « ESSAI DE CUISSON (calcaire ou/et gypse) » ?,norme essai de cuisson (calcaire ou/et gypse) | référence normative de l'essai essai de cuisson (calcaire ou/et gypse) | quelle norme utilisez-vous pour cet essai ? | essai de cuisson (calcaire ou/et gypse) norme applicable,L'essai « ESSAI DE CUISSON (calcaire ou/et gypse) » est réalisé selon **Selon mode Operatoire**.,Le laboratoire réalise l'essai « ESSAI DE CUISSON (calcaire ou/et gypse) » selon **Selon mode Operatoire**.,Plâtre et chaux,"essai, cuisson, plâtre, chaux",Moyenne,"essai_cuisson_delai, essai_cuisson_accreditation"
essai_cuisson_delai,Quel est le délai de réalisation de l'essai « ESSAI DE CUISSON (calcaire ou/et gypse) » ?,délai de l'essai essai de cuisson (calcaire ou/et gypse) | combien de temps prend l'essai essai de cuisson (calcaire ou/et gypse) ? | quand aurai-je les résultats pour essai de cuisson (calcaire ou/et gypse) | temps de traitement essai de cuisson (calcaire ou/et gypse),Le délai de réalisation de l'essai « ESSAI DE CUISSON (calcaire ou/et gypse) » est de **10 jours**.,Le laboratoire réalise l'essai « ESSAI DE CUISSON (calcaire ou/et gypse) » dans un délai de **10 jours** à compter de la réception de l'échantillon.,Plâtre et chaux,"essai, cuisson, plâtre, chaux",Moyenne,"essai_cuisson_norme, essai_cuisson_accreditation"
essai_cuisson_accreditation,L'essai « ESSAI DE CUISSON (calcaire ou/et gypse) » est-il accrédité ?,accréditation de l'essai essai de cuisson (calcaire ou/et gypse) | cet essai est-il couvert par l'accréditation ? | portée d'accréditation pour essai de cuisson (calcaire ou/et gypse) | essai de cuisson (calcaire ou/et gypse) accrédité,"Non, l'essai « ESSAI DE CUISSON (calcaire ou/et gypse) » n'est pas accrédité.",L'essai « ESSAI DE CUISSON (calcaire ou/et gypse) » est proposé par le laboratoire mais ne fait pas partie de sa portée d'accréditation actuelle.,Plâtre et chaux,"essai, cuisson, plâtre, chaux",Moyenne,"essai_cuisson_norme, essai_cuisson_delai"
determination_matieres_organiques_norme,Selon quelle norme réalisez-vous l'essai « DÉTERMINATION DES MATIÈRES ORGANIQUES » ?,norme détermination des matières organiques | référence normative de l'essai détermination des matières organiques | quelle norme utilisez-vous pour cet essai ? | détermination des matières organiques norme applicable,L'essai « DÉTERMINATION DES MATIÈRES ORGANIQUES » est réalisé selon **Selon mode Operatoire**.,Le laboratoire réalise l'essai « DÉTERMINATION DES MATIÈRES ORGANIQUES » selon **Selon mode Operatoire**.,Plâtre et chaux,"determination, matieres, organiques, plâtre, chaux",Moyenne,"determination_matieres_organiques_delai, determination_matieres_organiques_accreditation"
determination_matieres_organiques_delai,Quel est le délai de réalisation de l'essai « DÉTERMINATION DES MATIÈRES ORGANIQUES » ?,délai de l'essai détermination des matières organiques | combien de temps prend l'essai détermination des matières organiques ? | quand aurai-je les résultats pour détermination des matières organiques | temps de traitement détermination des matières organiques,Le délai de réalisation de l'essai « DÉTERMINATION DES MATIÈRES ORGANIQUES » est de **5 jours**.,Le laboratoire réalise l'essai « DÉTERMINATION DES MATIÈRES ORGANIQUES » dans un délai de **5 jours** à compter de la réception de l'échantillon.,Plâtre et chaux,"determination, matieres, organiques, plâtre, chaux",Moyenne,"determination_matieres_organiques_norme, determination_matieres_organiques_accreditation"
determination_matieres_organiques_accreditation,L'essai « DÉTERMINATION DES MATIÈRES ORGANIQUES » est-il accrédité ?,accréditation de l'essai détermination des matières organiques | cet essai est-il couvert par l'accréditation ? | portée d'accréditation pour détermination des matières organiques | détermination des matières organiques accrédité,"Non, l'essai « DÉTERMINATION DES MATIÈRES ORGANIQUES » n'est pas accrédité.",L'essai « DÉTERMINATION DES MATIÈRES ORGANIQUES » est proposé par le laboratoire mais ne fait pas partie de sa portée d'accréditation actuelle.,Plâtre et chaux,"determination, matieres, organiques, plâtre, chaux",Moyenne,"determination_matieres_organiques_norme, determination_matieres_organiques_delai"
determination_oxyde_calcium_hydroxyde_calcium_ca_norme,Selon quelle norme réalisez-vous l'essai « DÉTERMINATION D'OXYDE DE CALCIUM (CaO) ET D'HYDROXYDE DE CALCIUM [Ca(OH)2] — CHAUX » ?,norme détermination d'oxyde de calcium (cao) et d'hydroxyde de calcium [ca(oh)2] — chaux | référence normative de l'essai détermination d'oxyde de calcium (cao) et d'hydroxyde de calcium [ca(oh)2] — chaux | quelle norme utilisez-vous pour cet essai ? | détermination d'oxyde de calcium (cao) et d'hydroxyde de calcium [ca(oh)2] — chaux norme applicable,L'essai « DÉTERMINATION D'OXYDE DE CALCIUM (CaO) ET D'HYDROXYDE DE CALCIUM [Ca(OH)2] — CHAUX » est réalisé selon **NF EN 459-2**.,Le laboratoire réalise l'essai « DÉTERMINATION D'OXYDE DE CALCIUM (CaO) ET D'HYDROXYDE DE CALCIUM [Ca(OH)2] — CHAUX » selon **NF EN 459-2**.,Plâtre et chaux,"determination, oxyde, calcium, hydroxyde, chaux, plâtre",Moyenne,"determination_oxyde_calcium_hydroxyde_calcium_ca_delai, determination_oxyde_calcium_hydroxyde_calcium_ca_accreditation"
determination_oxyde_calcium_hydroxyde_calcium_ca_delai,Quel est le délai de réalisation de l'essai « DÉTERMINATION D'OXYDE DE CALCIUM (CaO) ET D'HYDROXYDE DE CALCIUM [Ca(OH)2] — CHAUX » ?,délai de l'essai détermination d'oxyde de calcium (cao) et d'hydroxyde de calcium [ca(oh)2] — chaux | combien de temps prend l'essai détermination d'oxyde de calcium (cao) et d'hydroxyde de calcium [ca(oh)2] — chaux ? | quand aurai-je les résultats pour détermination d'oxyde de calcium (cao) et d'hydroxyde de calcium [ca(oh)2] — chaux | temps de traitement détermination d'oxyde de calcium (cao) et d'hydroxyde de calcium [ca(oh)2] — chaux,Le délai de réalisation de l'essai « DÉTERMINATION D'OXYDE DE CALCIUM (CaO) ET D'HYDROXYDE DE CALCIUM [Ca(OH)2] — CHAUX » est de **21 jours**.,Le laboratoire réalise l'essai « DÉTERMINATION D'OXYDE DE CALCIUM (CaO) ET D'HYDROXYDE DE CALCIUM [Ca(OH)2] — CHAUX » dans un délai de **21 jours** à compter de la réception de l'échantillon.,Plâtre et chaux,"determination, oxyde, calcium, hydroxyde, chaux, plâtre",Moyenne,"determination_oxyde_calcium_hydroxyde_calcium_ca_norme, determination_oxyde_calcium_hydroxyde_calcium_ca_accreditation"
determination_oxyde_calcium_hydroxyde_calcium_ca_accreditation,L'essai « DÉTERMINATION D'OXYDE DE CALCIUM (CaO) ET D'HYDROXYDE DE CALCIUM [Ca(OH)2] — CHAUX » est-il accrédité ?,accréditation de l'essai détermination d'oxyde de calcium (cao) et d'hydroxyde de calcium [ca(oh)2] — chaux | cet essai est-il couvert par l'accréditation ? | portée d'accréditation pour détermination d'oxyde de calcium (cao) et d'hydroxyde de calcium [ca(oh)2] — chaux | détermination d'oxyde de calcium (cao) et d'hydroxyde de calcium [ca(oh)2] — chaux accrédité,"Non, l'essai « DÉTERMINATION D'OXYDE DE CALCIUM (CaO) ET D'HYDROXYDE DE CALCIUM [Ca(OH)2] — CHAUX » n'est pas accrédité.",L'essai « DÉTERMINATION D'OXYDE DE CALCIUM (CaO) ET D'HYDROXYDE DE CALCIUM [Ca(OH)2] — CHAUX » est proposé par le laboratoire mais ne fait pas partie de sa portée d'accréditation actuelle.,Plâtre et chaux,"determination, oxyde, calcium, hydroxyde, chaux, plâtre",Moyenne,"determination_oxyde_calcium_hydroxyde_calcium_ca_norme, determination_oxyde_calcium_hydroxyde_calcium_ca_delai"
determination_rapport_e_p_platres_norme,Selon quelle norme réalisez-vous l'essai « DÉTERMINATION DU RAPPORT E/P DES PLÂTRES » ?,norme détermination du rapport e/p des plâtres | référence normative de l'essai détermination du rapport e/p des plâtres | quelle norme utilisez-vous pour cet essai ? | détermination du rapport e/p des plâtres norme applicable,L'essai « DÉTERMINATION DU RAPPORT E/P DES PLÂTRES » est réalisé selon **EN 13279-2**.,Le laboratoire réalise l'essai « DÉTERMINATION DU RAPPORT E/P DES PLÂTRES » selon **EN 13279-2**.,Plâtre et chaux,"determination, rapport, platres, plâtre, chaux",Moyenne,"determination_rapport_e_p_platres_delai, determination_rapport_e_p_platres_accreditation"
determination_rapport_e_p_platres_delai,Quel est le délai de réalisation de l'essai « DÉTERMINATION DU RAPPORT E/P DES PLÂTRES » ?,délai de l'essai détermination du rapport e/p des plâtres | combien de temps prend l'essai détermination du rapport e/p des plâtres ? | quand aurai-je les résultats pour détermination du rapport e/p des plâtres | temps de traitement détermination du rapport e/p des plâtres,Le délai de réalisation de l'essai « DÉTERMINATION DU RAPPORT E/P DES PLÂTRES » est de **4 jours**.,Le laboratoire réalise l'essai « DÉTERMINATION DU RAPPORT E/P DES PLÂTRES » dans un délai de **4 jours** à compter de la réception de l'échantillon.,Plâtre et chaux,"determination, rapport, platres, plâtre, chaux",Moyenne,"determination_rapport_e_p_platres_norme, determination_rapport_e_p_platres_accreditation"
determination_rapport_e_p_platres_accreditation,L'essai « DÉTERMINATION DU RAPPORT E/P DES PLÂTRES » est-il accrédité ?,accréditation de l'essai détermination du rapport e/p des plâtres | cet essai est-il couvert par l'accréditation ? | portée d'accréditation pour détermination du rapport e/p des plâtres | détermination du rapport e/p des plâtres accrédité,"Non, l'essai « DÉTERMINATION DU RAPPORT E/P DES PLÂTRES » n'est pas accrédité.",L'essai « DÉTERMINATION DU RAPPORT E/P DES PLÂTRES » est proposé par le laboratoire mais ne fait pas partie de sa portée d'accréditation actuelle.,Plâtre et chaux,"determination, rapport, platres, plâtre, chaux",Moyenne,"determination_rapport_e_p_platres_norme, determination_rapport_e_p_platres_delai"
determination_finesse_mouture_methode_par_tamisage_norme,Selon quelle norme réalisez-vous l'essai « DÉTERMINATION DE LA FINESSE DE MOUTURE — MÉTHODE PAR TAMISAGE MANUEL » ?,norme détermination de la finesse de mouture — méthode par tamisage manuel | référence normative de l'essai détermination de la finesse de mouture — méthode par tamisage manuel | quelle norme utilisez-vous pour cet essai ? | détermination de la finesse de mouture — méthode par tamisage manuel norme applicable,L'essai « DÉTERMINATION DE LA FINESSE DE MOUTURE — MÉTHODE PAR TAMISAGE MANUEL » est réalisé selon **EN 13279-2**.,Le laboratoire réalise l'essai « DÉTERMINATION DE LA FINESSE DE MOUTURE — MÉTHODE PAR TAMISAGE MANUEL » selon **EN 13279-2**.,Plâtre et chaux,"determination, finesse, mouture, methode, tamisage, manuel, plâtre, chaux",Moyenne,"determination_finesse_mouture_methode_par_tamisage_delai, determination_finesse_mouture_methode_par_tamisage_accreditation"
determination_finesse_mouture_methode_par_tamisage_delai,Quel est le délai de réalisation de l'essai « DÉTERMINATION DE LA FINESSE DE MOUTURE — MÉTHODE PAR TAMISAGE MANUEL » ?,délai de l'essai détermination de la finesse de mouture — méthode par tamisage manuel | combien de temps prend l'essai détermination de la finesse de mouture — méthode par tamisage manuel ? | quand aurai-je les résultats pour détermination de la finesse de mouture — méthode par tamisage manuel | temps de traitement détermination de la finesse de mouture — méthode par tamisage manuel,Le délai de réalisation de l'essai « DÉTERMINATION DE LA FINESSE DE MOUTURE — MÉTHODE PAR TAMISAGE MANUEL » est de **4 jours**.,Le laboratoire réalise l'essai « DÉTERMINATION DE LA FINESSE DE MOUTURE — MÉTHODE PAR TAMISAGE MANUEL » dans un délai de **4 jours** à compter de la réception de l'échantillon.,Plâtre et chaux,"determination, finesse, mouture, methode, tamisage, manuel, plâtre, chaux",Moyenne,"determination_finesse_mouture_methode_par_tamisage_norme, determination_finesse_mouture_methode_par_tamisage_accreditation"
determination_finesse_mouture_methode_par_tamisage_accreditation,L'essai « DÉTERMINATION DE LA FINESSE DE MOUTURE — MÉTHODE PAR TAMISAGE MANUEL » est-il accrédité ?,accréditation de l'essai détermination de la finesse de mouture — méthode par tamisage manuel | cet essai est-il couvert par l'accréditation ? | portée d'accréditation pour détermination de la finesse de mouture — méthode par tamisage manuel | détermination de la finesse de mouture — méthode par tamisage manuel accrédité,"Non, l'essai « DÉTERMINATION DE LA FINESSE DE MOUTURE — MÉTHODE PAR TAMISAGE MANUEL » n'est pas accrédité.",L'essai « DÉTERMINATION DE LA FINESSE DE MOUTURE — MÉTHODE PAR TAMISAGE MANUEL » est proposé par le laboratoire mais ne fait pas partie de sa portée d'accréditation actuelle.,Plâtre et chaux,"determination, finesse, mouture, methode, tamisage, manuel, plâtre, chaux",Moyenne,"determination_finesse_mouture_methode_par_tamisage_norme, determination_finesse_mouture_methode_par_tamisage_delai"
essai_complet_chaux_norme,Selon quelle norme réalisez-vous l'essai « ESSAI COMPLET SUR CHAUX (PRODUIT FINI) » ?,norme essai complet sur chaux (produit fini) | référence normative de l'essai essai complet sur chaux (produit fini) | quelle norme utilisez-vous pour cet essai ? | essai complet sur chaux (produit fini) norme applicable,L'essai « ESSAI COMPLET SUR CHAUX (PRODUIT FINI) » est réalisé selon **NF EN 459-1**.,Le laboratoire réalise l'essai « ESSAI COMPLET SUR CHAUX (PRODUIT FINI) » selon **NF EN 459-1**.,Plâtre et chaux,"essai, complet, chaux, plâtre",Moyenne,"essai_complet_chaux_delai, essai_complet_chaux_accreditation"
essai_complet_chaux_delai,Quel est le délai de réalisation de l'essai « ESSAI COMPLET SUR CHAUX (PRODUIT FINI) » ?,délai de l'essai essai complet sur chaux (produit fini) | combien de temps prend l'essai essai complet sur chaux (produit fini) ? | quand aurai-je les résultats pour essai complet sur chaux (produit fini) | temps de traitement essai complet sur chaux (produit fini),Le délai de réalisation de l'essai « ESSAI COMPLET SUR CHAUX (PRODUIT FINI) » est de **25 jours**.,Le laboratoire réalise l'essai « ESSAI COMPLET SUR CHAUX (PRODUIT FINI) » dans un délai de **25 jours** à compter de la réception de l'échantillon.,Plâtre et chaux,"essai, complet, chaux, plâtre",Moyenne,"essai_complet_chaux_norme, essai_complet_chaux_accreditation"
essai_complet_chaux_accreditation,L'essai « ESSAI COMPLET SUR CHAUX (PRODUIT FINI) » est-il accrédité ?,accréditation de l'essai essai complet sur chaux (produit fini) | cet essai est-il couvert par l'accréditation ? | portée d'accréditation pour essai complet sur chaux (produit fini) | essai complet sur chaux (produit fini) accrédité,"Non, l'essai « ESSAI COMPLET SUR CHAUX (PRODUIT FINI) » n'est pas accrédité.",L'essai « ESSAI COMPLET SUR CHAUX (PRODUIT FINI) » est proposé par le laboratoire mais ne fait pas partie de sa portée d'accréditation actuelle.,Plâtre et chaux,"essai, complet, chaux, plâtre",Moyenne,"essai_complet_chaux_norme, essai_complet_chaux_delai"
determination_purete_gypses_analyse_chimique_interpretation_norme,Selon quelle norme réalisez-vous l'essai « DÉTERMINATION DE LA PURETÉ DES GYPSES : ANALYSE CHIMIQUE + INTERPRÉTATION ET CLASSIFICATION » ?,norme détermination de la pureté des gypses : analyse chimique + interprétation et classification | référence normative de l'essai détermination de la pureté des gypses : analyse chimique + interprétation et classification | quelle norme utilisez-vous pour cet essai ? | détermination de la pureté des gypses : analyse chimique + interprétation et classification norme applicable,L'essai « DÉTERMINATION DE LA PURETÉ DES GYPSES : ANALYSE CHIMIQUE + INTERPRÉTATION ET CLASSIFICATION » est réalisé selon **Selon mode Operatoire**.,Le laboratoire réalise l'essai « DÉTERMINATION DE LA PURETÉ DES GYPSES : ANALYSE CHIMIQUE + INTERPRÉTATION ET CLASSIFICATION » selon **Selon mode Operatoire**.,Plâtre et chaux,"analyse, determination, purete, gypses, chimique, interpretation, plâtre, chaux",Moyenne,"determination_purete_gypses_analyse_chimique_interpretation_delai, determination_purete_gypses_analyse_chimique_interpretation_accreditation"
determination_purete_gypses_analyse_chimique_interpretation_delai,Quel est le délai de réalisation de l'essai « DÉTERMINATION DE LA PURETÉ DES GYPSES : ANALYSE CHIMIQUE + INTERPRÉTATION ET CLASSIFICATION » ?,délai de l'essai détermination de la pureté des gypses : analyse chimique + interprétation et classification | combien de temps prend l'essai détermination de la pureté des gypses : analyse chimique + interprétation et classification ? | quand aurai-je les résultats pour détermination de la pureté des gypses : analyse chimique + interprétation et classification | temps de traitement détermination de la pureté des gypses : analyse chimique + interprétation et classification,Le délai de réalisation de l'essai « DÉTERMINATION DE LA PURETÉ DES GYPSES : ANALYSE CHIMIQUE + INTERPRÉTATION ET CLASSIFICATION » est de **5 jours**.,Le laboratoire réalise l'essai « DÉTERMINATION DE LA PURETÉ DES GYPSES : ANALYSE CHIMIQUE + INTERPRÉTATION ET CLASSIFICATION » dans un délai de **5 jours** à compter de la réception de l'échantillon.,Plâtre et chaux,"analyse, determination, purete, gypses, chimique, interpretation, plâtre, chaux",Moyenne,"determination_purete_gypses_analyse_chimique_interpretation_norme, determination_purete_gypses_analyse_chimique_interpretation_accreditation"
determination_purete_gypses_analyse_chimique_interpretation_accreditation,L'essai « DÉTERMINATION DE LA PURETÉ DES GYPSES : ANALYSE CHIMIQUE + INTERPRÉTATION ET CLASSIFICATION » est-il accrédité ?,accréditation de l'essai détermination de la pureté des gypses : analyse chimique + interprétation et classification | cet essai est-il couvert par l'accréditation ? | portée d'accréditation pour détermination de la pureté des gypses : analyse chimique + interprétation et classification | détermination de la pureté des gypses : analyse chimique + interprétation et classification accrédité,"Non, l'essai « DÉTERMINATION DE LA PURETÉ DES GYPSES : ANALYSE CHIMIQUE + INTERPRÉTATION ET CLASSIFICATION » n'est pas accrédité.",L'essai « DÉTERMINATION DE LA PURETÉ DES GYPSES : ANALYSE CHIMIQUE + INTERPRÉTATION ET CLASSIFICATION » est proposé par le laboratoire mais ne fait pas partie de sa portée d'accréditation actuelle.,Plâtre et chaux,"analyse, determination, purete, gypses, chimique, interpretation, plâtre, chaux",Moyenne,"determination_purete_gypses_analyse_chimique_interpretation_norme, determination_purete_gypses_analyse_chimique_interpretation_delai"
determination_purete_platres_analyse_chimique_interpretation_norme,Selon quelle norme réalisez-vous l'essai « DÉTERMINATION DE LA PURETÉ DES PLÂTRES : ANALYSE CHIMIQUE + INTERPRÉTATION » ?,norme détermination de la pureté des plâtres : analyse chimique + interprétation | référence normative de l'essai détermination de la pureté des plâtres : analyse chimique + interprétation | quelle norme utilisez-vous pour cet essai ? | détermination de la pureté des plâtres : analyse chimique + interprétation norme applicable,Cet essai est réalisé selon notre mode opératoire interne.,Le laboratoire réalise l'essai « DÉTERMINATION DE LA PURETÉ DES PLÂTRES : ANALYSE CHIMIQUE + INTERPRÉTATION » selon son mode opératoire interne. Rapprochez-vous de nous pour plus de détails sur la méthode appliquée.,Plâtre et chaux,"analyse, determination, purete, platres, chimique, interpretation, plâtre, chaux",Basse,"determination_purete_platres_analyse_chimique_interpretation_delai, determination_purete_platres_analyse_chimique_interpretation_accreditation"
determination_purete_platres_analyse_chimique_interpretation_delai,Quel est le délai de réalisation de l'essai « DÉTERMINATION DE LA PURETÉ DES PLÂTRES : ANALYSE CHIMIQUE + INTERPRÉTATION » ?,délai de l'essai détermination de la pureté des plâtres : analyse chimique + interprétation | combien de temps prend l'essai détermination de la pureté des plâtres : analyse chimique + interprétation ? | quand aurai-je les résultats pour détermination de la pureté des plâtres : analyse chimique + interprétation | temps de traitement détermination de la pureté des plâtres : analyse chimique + interprétation,Le délai de réalisation de l'essai « DÉTERMINATION DE LA PURETÉ DES PLÂTRES : ANALYSE CHIMIQUE + INTERPRÉTATION » est de **5 jours**.,Le laboratoire réalise l'essai « DÉTERMINATION DE LA PURETÉ DES PLÂTRES : ANALYSE CHIMIQUE + INTERPRÉTATION » dans un délai de **5 jours** à compter de la réception de l'échantillon.,Plâtre et chaux,"analyse, determination, purete, platres, chimique, interpretation, plâtre, chaux",Basse,"determination_purete_platres_analyse_chimique_interpretation_norme, determination_purete_platres_analyse_chimique_interpretation_accreditation"
determination_purete_platres_analyse_chimique_interpretation_accreditation,L'essai « DÉTERMINATION DE LA PURETÉ DES PLÂTRES : ANALYSE CHIMIQUE + INTERPRÉTATION » est-il accrédité ?,accréditation de l'essai détermination de la pureté des plâtres : analyse chimique + interprétation | cet essai est-il couvert par l'accréditation ? | portée d'accréditation pour détermination de la pureté des plâtres : analyse chimique + interprétation | détermination de la pureté des plâtres : analyse chimique + interprétation accrédité,"Non, l'essai « DÉTERMINATION DE LA PURETÉ DES PLÂTRES : ANALYSE CHIMIQUE + INTERPRÉTATION » n'est pas accrédité.",L'essai « DÉTERMINATION DE LA PURETÉ DES PLÂTRES : ANALYSE CHIMIQUE + INTERPRÉTATION » est proposé par le laboratoire mais ne fait pas partie de sa portée d'accréditation actuelle.,Plâtre et chaux,"analyse, determination, purete, platres, chimique, interpretation, plâtre, chaux",Basse,"determination_purete_platres_analyse_chimique_interpretation_norme, determination_purete_platres_analyse_chimique_interpretation_delai"
controle_qualite_platre_norme,Selon quelle norme réalisez-vous l'essai « CONTRÔLE DE QUALITÉ SUR PLÂTRE » ?,norme contrôle de qualité sur plâtre | référence normative de l'essai contrôle de qualité sur plâtre | quelle norme utilisez-vous pour cet essai ? | contrôle de qualité sur plâtre norme applicable,L'essai « CONTRÔLE DE QUALITÉ SUR PLÂTRE » est réalisé selon **EN 13279-1**.,Le laboratoire réalise l'essai « CONTRÔLE DE QUALITÉ SUR PLÂTRE » selon **EN 13279-1**.,Plâtre et chaux,"controle, qualite, platre, plâtre, chaux",Moyenne,"controle_qualite_platre_delai, controle_qualite_platre_accreditation"
controle_qualite_platre_delai,Quel est le délai de réalisation de l'essai « CONTRÔLE DE QUALITÉ SUR PLÂTRE » ?,délai de l'essai contrôle de qualité sur plâtre | combien de temps prend l'essai contrôle de qualité sur plâtre ? | quand aurai-je les résultats pour contrôle de qualité sur plâtre | temps de traitement contrôle de qualité sur plâtre,Le délai de réalisation de l'essai « CONTRÔLE DE QUALITÉ SUR PLÂTRE » est de **15 jours**.,Le laboratoire réalise l'essai « CONTRÔLE DE QUALITÉ SUR PLÂTRE » dans un délai de **15 jours** à compter de la réception de l'échantillon.,Plâtre et chaux,"controle, qualite, platre, plâtre, chaux",Moyenne,"controle_qualite_platre_norme, controle_qualite_platre_accreditation"
controle_qualite_platre_accreditation,L'essai « CONTRÔLE DE QUALITÉ SUR PLÂTRE » est-il accrédité ?,accréditation de l'essai contrôle de qualité sur plâtre | cet essai est-il couvert par l'accréditation ? | portée d'accréditation pour contrôle de qualité sur plâtre | contrôle de qualité sur plâtre accrédité,"Non, l'essai « CONTRÔLE DE QUALITÉ SUR PLÂTRE » n'est pas accrédité.",L'essai « CONTRÔLE DE QUALITÉ SUR PLÂTRE » est proposé par le laboratoire mais ne fait pas partie de sa portée d'accréditation actuelle.,Plâtre et chaux,"controle, qualite, platre, plâtre, chaux",Moyenne,"controle_qualite_platre_norme, controle_qualite_platre_delai"
controle_qualite_chaux_norme,Selon quelle norme réalisez-vous l'essai « CONTRÔLE DE QUALITÉ SUR CHAUX » ?,norme contrôle de qualité sur chaux | référence normative de l'essai contrôle de qualité sur chaux | quelle norme utilisez-vous pour cet essai ? | contrôle de qualité sur chaux norme applicable,L'essai « CONTRÔLE DE QUALITÉ SUR CHAUX » est réalisé selon **NF EN 459-1**.,Le laboratoire réalise l'essai « CONTRÔLE DE QUALITÉ SUR CHAUX » selon **NF EN 459-1**.,Plâtre et chaux,"controle, qualite, chaux, plâtre",Moyenne,"controle_qualite_chaux_delai, controle_qualite_chaux_accreditation"
controle_qualite_chaux_delai,Quel est le délai de réalisation de l'essai « CONTRÔLE DE QUALITÉ SUR CHAUX » ?,délai de l'essai contrôle de qualité sur chaux | combien de temps prend l'essai contrôle de qualité sur chaux ? | quand aurai-je les résultats pour contrôle de qualité sur chaux | temps de traitement contrôle de qualité sur chaux,Le délai de réalisation de l'essai « CONTRÔLE DE QUALITÉ SUR CHAUX » est de **15 jours**.,Le laboratoire réalise l'essai « CONTRÔLE DE QUALITÉ SUR CHAUX » dans un délai de **15 jours** à compter de la réception de l'échantillon.,Plâtre et chaux,"controle, qualite, chaux, plâtre",Moyenne,"controle_qualite_chaux_norme, controle_qualite_chaux_accreditation"
controle_qualite_chaux_accreditation,L'essai « CONTRÔLE DE QUALITÉ SUR CHAUX » est-il accrédité ?,accréditation de l'essai contrôle de qualité sur chaux | cet essai est-il couvert par l'accréditation ? | portée d'accréditation pour contrôle de qualité sur chaux | contrôle de qualité sur chaux accrédité,"Non, l'essai « CONTRÔLE DE QUALITÉ SUR CHAUX » n'est pas accrédité.",L'essai « CONTRÔLE DE QUALITÉ SUR CHAUX » est proposé par le laboratoire mais ne fait pas partie de sa portée d'accréditation actuelle.,Plâtre et chaux,"controle, qualite, chaux, plâtre",Moyenne,"controle_qualite_chaux_norme, controle_qualite_chaux_delai"
essai_complet_platre_norme,Selon quelle norme réalisez-vous l'essai « ESSAI COMPLET SUR PLÂTRE » ?,norme essai complet sur plâtre | référence normative de l'essai essai complet sur plâtre | quelle norme utilisez-vous pour cet essai ? | essai complet sur plâtre norme applicable,L'essai « ESSAI COMPLET SUR PLÂTRE » est réalisé selon **EN 13279-1**.,Le laboratoire réalise l'essai « ESSAI COMPLET SUR PLÂTRE » selon **EN 13279-1**.,Plâtre et chaux,"essai, complet, platre, plâtre, chaux",Moyenne,"essai_complet_platre_delai, essai_complet_platre_accreditation"
essai_complet_platre_delai,Quel est le délai de réalisation de l'essai « ESSAI COMPLET SUR PLÂTRE » ?,délai de l'essai essai complet sur plâtre | combien de temps prend l'essai essai complet sur plâtre ? | quand aurai-je les résultats pour essai complet sur plâtre | temps de traitement essai complet sur plâtre,Le délai de réalisation de l'essai « ESSAI COMPLET SUR PLÂTRE » est de **20 jours**.,Le laboratoire réalise l'essai « ESSAI COMPLET SUR PLÂTRE » dans un délai de **20 jours** à compter de la réception de l'échantillon.,Plâtre et chaux,"essai, complet, platre, plâtre, chaux",Moyenne,"essai_complet_platre_norme, essai_complet_platre_accreditation"
essai_complet_platre_accreditation,L'essai « ESSAI COMPLET SUR PLÂTRE » est-il accrédité ?,accréditation de l'essai essai complet sur plâtre | cet essai est-il couvert par l'accréditation ? | portée d'accréditation pour essai complet sur plâtre | essai complet sur plâtre accrédité,"Non, l'essai « ESSAI COMPLET SUR PLÂTRE » n'est pas accrédité.",L'essai « ESSAI COMPLET SUR PLÂTRE » est proposé par le laboratoire mais ne fait pas partie de sa portée d'accréditation actuelle.,Plâtre et chaux,"essai, complet, platre, plâtre, chaux",Moyenne,"essai_complet_platre_norme, essai_complet_platre_delai"
etude_complete_calcaires_fabrication_chaux_norme,Selon quelle norme réalisez-vous l'essai « ÉTUDE COMPLÈTE DES CALCAIRES — FABRICATION DES CHAUX » ?,norme étude complète des calcaires — fabrication des chaux | référence normative de l'essai étude complète des calcaires — fabrication des chaux | quelle norme utilisez-vous pour cet essai ? | étude complète des calcaires — fabrication des chaux norme applicable,L'essai « ÉTUDE COMPLÈTE DES CALCAIRES — FABRICATION DES CHAUX » est réalisé selon **NF EN 459-1**.,Le laboratoire réalise l'essai « ÉTUDE COMPLÈTE DES CALCAIRES — FABRICATION DES CHAUX » selon **NF EN 459-1**.,Plâtre et chaux,"etude, complete, calcaires, fabrication, chaux, plâtre",Moyenne,"etude_complete_calcaires_fabrication_chaux_delai, etude_complete_calcaires_fabrication_chaux_accreditation"
etude_complete_calcaires_fabrication_chaux_delai,Quel est le délai de réalisation de l'essai « ÉTUDE COMPLÈTE DES CALCAIRES — FABRICATION DES CHAUX » ?,délai de l'essai étude complète des calcaires — fabrication des chaux | combien de temps prend l'essai étude complète des calcaires — fabrication des chaux ? | quand aurai-je les résultats pour étude complète des calcaires — fabrication des chaux | temps de traitement étude complète des calcaires — fabrication des chaux,Le délai de réalisation de l'essai « ÉTUDE COMPLÈTE DES CALCAIRES — FABRICATION DES CHAUX » est de **30 jours**.,Le laboratoire réalise l'essai « ÉTUDE COMPLÈTE DES CALCAIRES — FABRICATION DES CHAUX » dans un délai de **30 jours** à compter de la réception de l'échantillon.,Plâtre et chaux,"etude, complete, calcaires, fabrication, chaux, plâtre",Moyenne,"etude_complete_calcaires_fabrication_chaux_norme, etude_complete_calcaires_fabrication_chaux_accreditation"
etude_complete_calcaires_fabrication_chaux_accreditation,L'essai « ÉTUDE COMPLÈTE DES CALCAIRES — FABRICATION DES CHAUX » est-il accrédité ?,accréditation de l'essai étude complète des calcaires — fabrication des chaux | cet essai est-il couvert par l'accréditation ? | portée d'accréditation pour étude complète des calcaires — fabrication des chaux | étude complète des calcaires — fabrication des chaux accrédité,"Non, l'essai « ÉTUDE COMPLÈTE DES CALCAIRES — FABRICATION DES CHAUX » n'est pas accrédité.",L'essai « ÉTUDE COMPLÈTE DES CALCAIRES — FABRICATION DES CHAUX » est proposé par le laboratoire mais ne fait pas partie de sa portée d'accréditation actuelle.,Plâtre et chaux,"etude, complete, calcaires, fabrication, chaux, plâtre",Moyenne,"etude_complete_calcaires_fabrication_chaux_norme, etude_complete_calcaires_fabrication_chaux_delai"
etude_complete_gypses_fabrication_platres_norme,Selon quelle norme réalisez-vous l'essai « ÉTUDE COMPLÈTE DES GYPSES — FABRICATION DES PLÂTRES (plâtre béta et plâtre alpha) » ?,norme étude complète des gypses — fabrication des plâtres (plâtre béta et plâtre alpha) | référence normative de l'essai étude complète des gypses — fabrication des plâtres (plâtre béta et plâtre alpha) | quelle norme utilisez-vous pour cet essai ? | étude complète des gypses — fabrication des plâtres (plâtre béta et plâtre alpha) norme applicable,Cet essai est réalisé selon notre mode opératoire interne.,Le laboratoire réalise l'essai « ÉTUDE COMPLÈTE DES GYPSES — FABRICATION DES PLÂTRES (plâtre béta et plâtre alpha) » selon son mode opératoire interne. Rapprochez-vous de nous pour plus de détails sur la méthode appliquée.,Plâtre et chaux,"etude, complete, gypses, fabrication, platres, plâtre, chaux",Basse,"etude_complete_gypses_fabrication_platres_delai, etude_complete_gypses_fabrication_platres_accreditation"
etude_complete_gypses_fabrication_platres_delai,Quel est le délai de réalisation de l'essai « ÉTUDE COMPLÈTE DES GYPSES — FABRICATION DES PLÂTRES (plâtre béta et plâtre alpha) » ?,délai de l'essai étude complète des gypses — fabrication des plâtres (plâtre béta et plâtre alpha) | combien de temps prend l'essai étude complète des gypses — fabrication des plâtres (plâtre béta et plâtre alpha) ? | quand aurai-je les résultats pour étude complète des gypses — fabrication des plâtres (plâtre béta et plâtre alpha) | temps de traitement étude complète des gypses — fabrication des plâtres (plâtre béta et plâtre alpha),Le délai de réalisation de l'essai « ÉTUDE COMPLÈTE DES GYPSES — FABRICATION DES PLÂTRES (plâtre béta et plâtre alpha) » est de **30 jours**.,Le laboratoire réalise l'essai « ÉTUDE COMPLÈTE DES GYPSES — FABRICATION DES PLÂTRES (plâtre béta et plâtre alpha) » dans un délai de **30 jours** à compter de la réception de l'échantillon.,Plâtre et chaux,"etude, complete, gypses, fabrication, platres, plâtre, chaux",Basse,"etude_complete_gypses_fabrication_platres_norme, etude_complete_gypses_fabrication_platres_accreditation"
etude_complete_gypses_fabrication_platres_accreditation,L'essai « ÉTUDE COMPLÈTE DES GYPSES — FABRICATION DES PLÂTRES (plâtre béta et plâtre alpha) » est-il accrédité ?,accréditation de l'essai étude complète des gypses — fabrication des plâtres (plâtre béta et plâtre alpha) | cet essai est-il couvert par l'accréditation ? | portée d'accréditation pour étude complète des gypses — fabrication des plâtres (plâtre béta et plâtre alpha) | étude complète des gypses — fabrication des plâtres (plâtre béta et plâtre alpha) accrédité,"Non, l'essai « ÉTUDE COMPLÈTE DES GYPSES — FABRICATION DES PLÂTRES (plâtre béta et plâtre alpha) » n'est pas accrédité.",L'essai « ÉTUDE COMPLÈTE DES GYPSES — FABRICATION DES PLÂTRES (plâtre béta et plâtre alpha) » est proposé par le laboratoire mais ne fait pas partie de sa portée d'accréditation actuelle.,Plâtre et chaux,"etude, complete, gypses, fabrication, platres, plâtre, chaux",Basse,"etude_complete_gypses_fabrication_platres_norme, etude_complete_gypses_fabrication_platres_delai"
essais_surveillance_plaques_platre_norme,Selon quelle norme réalisez-vous l'essai « ESSAIS DE SURVEILLANCE SUR PLAQUES DE PLÂTRE » ?,norme essais de surveillance sur plaques de plâtre | référence normative de l'essai essais de surveillance sur plaques de plâtre | quelle norme utilisez-vous pour cet essai ? | essais de surveillance sur plaques de plâtre norme applicable,L'essai « ESSAIS DE SURVEILLANCE SUR PLAQUES DE PLÂTRE » est réalisé selon **NA17036**.,Le laboratoire réalise l'essai « ESSAIS DE SURVEILLANCE SUR PLAQUES DE PLÂTRE » selon **NA17036**.,Plâtre et chaux,"essais, surveillance, plaques, platre, plâtre, chaux",Moyenne,"essais_surveillance_plaques_platre_delai, essais_surveillance_plaques_platre_accreditation"
essais_surveillance_plaques_platre_delai,Quel est le délai de réalisation de l'essai « ESSAIS DE SURVEILLANCE SUR PLAQUES DE PLÂTRE » ?,délai de l'essai essais de surveillance sur plaques de plâtre | combien de temps prend l'essai essais de surveillance sur plaques de plâtre ? | quand aurai-je les résultats pour essais de surveillance sur plaques de plâtre | temps de traitement essais de surveillance sur plaques de plâtre,Le délai de réalisation de l'essai « ESSAIS DE SURVEILLANCE SUR PLAQUES DE PLÂTRE » est de **5 jours**.,Le laboratoire réalise l'essai « ESSAIS DE SURVEILLANCE SUR PLAQUES DE PLÂTRE » dans un délai de **5 jours** à compter de la réception de l'échantillon.,Plâtre et chaux,"essais, surveillance, plaques, platre, plâtre, chaux",Moyenne,"essais_surveillance_plaques_platre_norme, essais_surveillance_plaques_platre_accreditation"
essais_surveillance_plaques_platre_accreditation,L'essai « ESSAIS DE SURVEILLANCE SUR PLAQUES DE PLÂTRE » est-il accrédité ?,accréditation de l'essai essais de surveillance sur plaques de plâtre | cet essai est-il couvert par l'accréditation ? | portée d'accréditation pour essais de surveillance sur plaques de plâtre | essais de surveillance sur plaques de plâtre accrédité,"Non, l'essai « ESSAIS DE SURVEILLANCE SUR PLAQUES DE PLÂTRE » n'est pas accrédité.",L'essai « ESSAIS DE SURVEILLANCE SUR PLAQUES DE PLÂTRE » est proposé par le laboratoire mais ne fait pas partie de sa portée d'accréditation actuelle.,Plâtre et chaux,"essais, surveillance, plaques, platre, plâtre, chaux",Moyenne,"essais_surveillance_plaques_platre_norme, essais_surveillance_plaques_platre_delai"
rendement_eau_norme,Selon quelle norme réalisez-vous l'essai « RENDEMENT EN EAU (CHAUX VIVE) » ?,norme rendement en eau (chaux vive) | référence normative de l'essai rendement en eau (chaux vive) | quelle norme utilisez-vous pour cet essai ? | rendement en eau (chaux vive) norme applicable,L'essai « RENDEMENT EN EAU (CHAUX VIVE) » est réalisé selon **NF EN 459-2**.,Le laboratoire réalise l'essai « RENDEMENT EN EAU (CHAUX VIVE) » selon **NF EN 459-2**.,Plâtre et chaux,"rendement, eau, plâtre, chaux",Moyenne,"rendement_eau_delai, rendement_eau_accreditation"
rendement_eau_delai,Quel est le délai de réalisation de l'essai « RENDEMENT EN EAU (CHAUX VIVE) » ?,délai de l'essai rendement en eau (chaux vive) | combien de temps prend l'essai rendement en eau (chaux vive) ? | quand aurai-je les résultats pour rendement en eau (chaux vive) | temps de traitement rendement en eau (chaux vive),Le délai de réalisation de l'essai « RENDEMENT EN EAU (CHAUX VIVE) » est de **4 jours**.,Le laboratoire réalise l'essai « RENDEMENT EN EAU (CHAUX VIVE) » dans un délai de **4 jours** à compter de la réception de l'échantillon.,Plâtre et chaux,"rendement, eau, plâtre, chaux",Moyenne,"rendement_eau_norme, rendement_eau_accreditation"
rendement_eau_accreditation,L'essai « RENDEMENT EN EAU (CHAUX VIVE) » est-il accrédité ?,accréditation de l'essai rendement en eau (chaux vive) | cet essai est-il couvert par l'accréditation ? | portée d'accréditation pour rendement en eau (chaux vive) | rendement en eau (chaux vive) accrédité,"Non, l'essai « RENDEMENT EN EAU (CHAUX VIVE) » n'est pas accrédité.",L'essai « RENDEMENT EN EAU (CHAUX VIVE) » est proposé par le laboratoire mais ne fait pas partie de sa portée d'accréditation actuelle.,Plâtre et chaux,"rendement, eau, plâtre, chaux",Moyenne,"rendement_eau_norme, rendement_eau_delai"
resistance_mecanique_essai_rupture_par_compression_norme,Selon quelle norme réalisez-vous l'essai « RÉSISTANCE MÉCANIQUE — ESSAI DE RUPTURE PAR COMPRESSION » ?,norme résistance mécanique — essai de rupture par compression | référence normative de l'essai résistance mécanique — essai de rupture par compression | quelle norme utilisez-vous pour cet essai ? | résistance mécanique — essai de rupture par compression norme applicable,L'essai « RÉSISTANCE MÉCANIQUE — ESSAI DE RUPTURE PAR COMPRESSION » est réalisé selon **EN 13279-2**.,Le laboratoire réalise l'essai « RÉSISTANCE MÉCANIQUE — ESSAI DE RUPTURE PAR COMPRESSION » selon **EN 13279-2**.,Plâtre et chaux,"essai, resistance, mecanique, rupture, compression, plâtre, chaux",Moyenne,"resistance_mecanique_essai_rupture_par_compression_delai, resistance_mecanique_essai_rupture_par_compression_accreditation"
resistance_mecanique_essai_rupture_par_compression_delai,Quel est le délai de réalisation de l'essai « RÉSISTANCE MÉCANIQUE — ESSAI DE RUPTURE PAR COMPRESSION » ?,délai de l'essai résistance mécanique — essai de rupture par compression | combien de temps prend l'essai résistance mécanique — essai de rupture par compression ? | quand aurai-je les résultats pour résistance mécanique — essai de rupture par compression | temps de traitement résistance mécanique — essai de rupture par compression,Le délai de réalisation de l'essai « RÉSISTANCE MÉCANIQUE — ESSAI DE RUPTURE PAR COMPRESSION » est de **12 jours**.,Le laboratoire réalise l'essai « RÉSISTANCE MÉCANIQUE — ESSAI DE RUPTURE PAR COMPRESSION » dans un délai de **12 jours** à compter de la réception de l'échantillon.,Plâtre et chaux,"essai, resistance, mecanique, rupture, compression, plâtre, chaux",Moyenne,"resistance_mecanique_essai_rupture_par_compression_norme, resistance_mecanique_essai_rupture_par_compression_accreditation"
resistance_mecanique_essai_rupture_par_compression_accreditation,L'essai « RÉSISTANCE MÉCANIQUE — ESSAI DE RUPTURE PAR COMPRESSION » est-il accrédité ?,accréditation de l'essai résistance mécanique — essai de rupture par compression | cet essai est-il couvert par l'accréditation ? | portée d'accréditation pour résistance mécanique — essai de rupture par compression | résistance mécanique — essai de rupture par compression accrédité,"Non, l'essai « RÉSISTANCE MÉCANIQUE — ESSAI DE RUPTURE PAR COMPRESSION » n'est pas accrédité.",L'essai « RÉSISTANCE MÉCANIQUE — ESSAI DE RUPTURE PAR COMPRESSION » est proposé par le laboratoire mais ne fait pas partie de sa portée d'accréditation actuelle.,Plâtre et chaux,"essai, resistance, mecanique, rupture, compression, plâtre, chaux",Moyenne,"resistance_mecanique_essai_rupture_par_compression_norme, resistance_mecanique_essai_rupture_par_compression_delai"
resistance_mecanique_essai_rupture_par_flexion_norme,Selon quelle norme réalisez-vous l'essai « RÉSISTANCE MÉCANIQUE — ESSAI DE RUPTURE PAR FLEXION » ?,norme résistance mécanique — essai de rupture par flexion | référence normative de l'essai résistance mécanique — essai de rupture par flexion | quelle norme utilisez-vous pour cet essai ? | résistance mécanique — essai de rupture par flexion norme applicable,L'essai « RÉSISTANCE MÉCANIQUE — ESSAI DE RUPTURE PAR FLEXION » est réalisé selon **EN 13279-2**.,Le laboratoire réalise l'essai « RÉSISTANCE MÉCANIQUE — ESSAI DE RUPTURE PAR FLEXION » selon **EN 13279-2**.,Plâtre et chaux,"essai, resistance, mecanique, rupture, flexion, plâtre, chaux",Moyenne,"resistance_mecanique_essai_rupture_par_flexion_delai, resistance_mecanique_essai_rupture_par_flexion_accreditation"
resistance_mecanique_essai_rupture_par_flexion_delai,Quel est le délai de réalisation de l'essai « RÉSISTANCE MÉCANIQUE — ESSAI DE RUPTURE PAR FLEXION » ?,délai de l'essai résistance mécanique — essai de rupture par flexion | combien de temps prend l'essai résistance mécanique — essai de rupture par flexion ? | quand aurai-je les résultats pour résistance mécanique — essai de rupture par flexion | temps de traitement résistance mécanique — essai de rupture par flexion,Le délai de réalisation de l'essai « RÉSISTANCE MÉCANIQUE — ESSAI DE RUPTURE PAR FLEXION » est de **12 jours**.,Le laboratoire réalise l'essai « RÉSISTANCE MÉCANIQUE — ESSAI DE RUPTURE PAR FLEXION » dans un délai de **12 jours** à compter de la réception de l'échantillon.,Plâtre et chaux,"essai, resistance, mecanique, rupture, flexion, plâtre, chaux",Moyenne,"resistance_mecanique_essai_rupture_par_flexion_norme, resistance_mecanique_essai_rupture_par_flexion_accreditation"
resistance_mecanique_essai_rupture_par_flexion_accreditation,L'essai « RÉSISTANCE MÉCANIQUE — ESSAI DE RUPTURE PAR FLEXION » est-il accrédité ?,accréditation de l'essai résistance mécanique — essai de rupture par flexion | cet essai est-il couvert par l'accréditation ? | portée d'accréditation pour résistance mécanique — essai de rupture par flexion | résistance mécanique — essai de rupture par flexion accrédité,"Non, l'essai « RÉSISTANCE MÉCANIQUE — ESSAI DE RUPTURE PAR FLEXION » n'est pas accrédité.",L'essai « RÉSISTANCE MÉCANIQUE — ESSAI DE RUPTURE PAR FLEXION » est proposé par le laboratoire mais ne fait pas partie de sa portée d'accréditation actuelle.,Plâtre et chaux,"essai, resistance, mecanique, rupture, flexion, plâtre, chaux",Moyenne,"resistance_mecanique_essai_rupture_par_flexion_norme, resistance_mecanique_essai_rupture_par_flexion_delai"
reactivite_chaux_norme,Selon quelle norme réalisez-vous l'essai « RÉACTIVITÉ DE LA CHAUX » ?,norme réactivité de la chaux | référence normative de l'essai réactivité de la chaux | quelle norme utilisez-vous pour cet essai ? | réactivité de la chaux norme applicable,L'essai « RÉACTIVITÉ DE LA CHAUX » est réalisé selon **NF EN 459-1**.,Le laboratoire réalise l'essai « RÉACTIVITÉ DE LA CHAUX » selon **NF EN 459-1**.,Plâtre et chaux,"reactivite, chaux, plâtre",Moyenne,"reactivite_chaux_delai, reactivite_chaux_accreditation"
reactivite_chaux_delai,Quel est le délai de réalisation de l'essai « RÉACTIVITÉ DE LA CHAUX » ?,délai de l'essai réactivité de la chaux | combien de temps prend l'essai réactivité de la chaux ? | quand aurai-je les résultats pour réactivité de la chaux | temps de traitement réactivité de la chaux,Le délai de réalisation de l'essai « RÉACTIVITÉ DE LA CHAUX » est de **3 jours**.,Le laboratoire réalise l'essai « RÉACTIVITÉ DE LA CHAUX » dans un délai de **3 jours** à compter de la réception de l'échantillon.,Plâtre et chaux,"reactivite, chaux, plâtre",Moyenne,"reactivite_chaux_norme, reactivite_chaux_accreditation"
reactivite_chaux_accreditation,L'essai « RÉACTIVITÉ DE LA CHAUX » est-il accrédité ?,accréditation de l'essai réactivité de la chaux | cet essai est-il couvert par l'accréditation ? | portée d'accréditation pour réactivité de la chaux | réactivité de la chaux accrédité,"Non, l'essai « RÉACTIVITÉ DE LA CHAUX » n'est pas accrédité.",L'essai « RÉACTIVITÉ DE LA CHAUX » est proposé par le laboratoire mais ne fait pas partie de sa portée d'accréditation actuelle.,Plâtre et chaux,"reactivite, chaux, plâtre",Moyenne,"reactivite_chaux_norme, reactivite_chaux_delai"
etude_reduite_calcaires_fabrication_chaux_norme,Selon quelle norme réalisez-vous l'essai « ÉTUDE RÉDUITE DES CALCAIRES – FABRICATION DES CHAUX (un seul palier de cuisson) » ?,norme étude réduite des calcaires – fabrication des chaux (un seul palier de cuisson) | référence normative de l'essai étude réduite des calcaires – fabrication des chaux (un seul palier de cuisson) | quelle norme utilisez-vous pour cet essai ? | étude réduite des calcaires – fabrication des chaux (un seul palier de cuisson) norme applicable,Cet essai est réalisé selon notre mode opératoire interne.,Le laboratoire réalise l'essai « ÉTUDE RÉDUITE DES CALCAIRES – FABRICATION DES CHAUX (un seul palier de cuisson) » selon son mode opératoire interne. Rapprochez-vous de nous pour plus de détails sur la méthode appliquée.,Plâtre et chaux,"etude, reduite, calcaires, fabrication, chaux, plâtre",Basse,"etude_reduite_calcaires_fabrication_chaux_delai, etude_reduite_calcaires_fabrication_chaux_accreditation"
etude_reduite_calcaires_fabrication_chaux_delai,Quel est le délai de réalisation de l'essai « ÉTUDE RÉDUITE DES CALCAIRES – FABRICATION DES CHAUX (un seul palier de cuisson) » ?,délai de l'essai étude réduite des calcaires – fabrication des chaux (un seul palier de cuisson) | combien de temps prend l'essai étude réduite des calcaires – fabrication des chaux (un seul palier de cuisson) ? | quand aurai-je les résultats pour étude réduite des calcaires – fabrication des chaux (un seul palier de cuisson) | temps de traitement étude réduite des calcaires – fabrication des chaux (un seul palier de cuisson),Le délai de cette prestation vous sera communiqué par le laboratoire au moment de la demande.,Le délai de réalisation de l'essai « ÉTUDE RÉDUITE DES CALCAIRES – FABRICATION DES CHAUX (un seul palier de cuisson) » dépend des conditions de la demande. Contactez le laboratoire pour connaître le délai exact applicable à votre échantillon.,Plâtre et chaux,"etude, reduite, calcaires, fabrication, chaux, plâtre",Basse,"etude_reduite_calcaires_fabrication_chaux_norme, etude_reduite_calcaires_fabrication_chaux_accreditation"
etude_reduite_calcaires_fabrication_chaux_accreditation,L'essai « ÉTUDE RÉDUITE DES CALCAIRES – FABRICATION DES CHAUX (un seul palier de cuisson) » est-il accrédité ?,accréditation de l'essai étude réduite des calcaires – fabrication des chaux (un seul palier de cuisson) | cet essai est-il couvert par l'accréditation ? | portée d'accréditation pour étude réduite des calcaires – fabrication des chaux (un seul palier de cuisson) | étude réduite des calcaires – fabrication des chaux (un seul palier de cuisson) accrédité,"Non, l'essai « ÉTUDE RÉDUITE DES CALCAIRES – FABRICATION DES CHAUX (un seul palier de cuisson) » n'est pas accrédité.",L'essai « ÉTUDE RÉDUITE DES CALCAIRES – FABRICATION DES CHAUX (un seul palier de cuisson) » est proposé par le laboratoire mais ne fait pas partie de sa portée d'accréditation actuelle.,Plâtre et chaux,"etude, reduite, calcaires, fabrication, chaux, plâtre",Basse,"etude_reduite_calcaires_fabrication_chaux_norme, etude_reduite_calcaires_fabrication_chaux_delai"
essai_adhesion_norme,Selon quelle norme réalisez-vous l'essai « ESSAI D'ADHÉSION (ARRACHEMENT) » ?,norme essai d'adhésion (arrachement) | référence normative de l'essai essai d'adhésion (arrachement) | quelle norme utilisez-vous pour cet essai ? | essai d'adhésion (arrachement) norme applicable,L'essai « ESSAI D'ADHÉSION (ARRACHEMENT) » est réalisé selon **NF EN 12004-2**.,Le laboratoire réalise l'essai « ESSAI D'ADHÉSION (ARRACHEMENT) » selon **NF EN 12004-2**.,Plâtre et chaux,"essai, adhesion, plâtre, chaux",Moyenne,"essai_adhesion_delai, essai_adhesion_accreditation"
essai_adhesion_delai,Quel est le délai de réalisation de l'essai « ESSAI D'ADHÉSION (ARRACHEMENT) » ?,délai de l'essai essai d'adhésion (arrachement) | combien de temps prend l'essai essai d'adhésion (arrachement) ? | quand aurai-je les résultats pour essai d'adhésion (arrachement) | temps de traitement essai d'adhésion (arrachement),Le délai de réalisation de l'essai « ESSAI D'ADHÉSION (ARRACHEMENT) » est de **5 jours**.,Le laboratoire réalise l'essai « ESSAI D'ADHÉSION (ARRACHEMENT) » dans un délai de **5 jours** à compter de la réception de l'échantillon.,Plâtre et chaux,"essai, adhesion, plâtre, chaux",Moyenne,"essai_adhesion_norme, essai_adhesion_accreditation"
essai_adhesion_accreditation,L'essai « ESSAI D'ADHÉSION (ARRACHEMENT) » est-il accrédité ?,accréditation de l'essai essai d'adhésion (arrachement) | cet essai est-il couvert par l'accréditation ? | portée d'accréditation pour essai d'adhésion (arrachement) | essai d'adhésion (arrachement) accrédité,"Non, l'essai « ESSAI D'ADHÉSION (ARRACHEMENT) » n'est pas accrédité.",L'essai « ESSAI D'ADHÉSION (ARRACHEMENT) » est proposé par le laboratoire mais ne fait pas partie de sa portée d'accréditation actuelle.,Plâtre et chaux,"essai, adhesion, plâtre, chaux",Moyenne,"essai_adhesion_norme, essai_adhesion_delai"
finesse_par_alpine_norme,Selon quelle norme réalisez-vous l'essai « FINESSE PAR ALPINE » ?,norme finesse par alpine | référence normative de l'essai finesse par alpine | quelle norme utilisez-vous pour cet essai ? | finesse par alpine norme applicable,L'essai « FINESSE PAR ALPINE » est réalisé selon **NF EN 933-10**.,Le laboratoire réalise l'essai « FINESSE PAR ALPINE » selon **NF EN 933-10**.,Plâtre et chaux,"finesse, alpine, plâtre, chaux",Moyenne,"finesse_par_alpine_delai, finesse_par_alpine_accreditation"
finesse_par_alpine_delai,Quel est le délai de réalisation de l'essai « FINESSE PAR ALPINE » ?,délai de l'essai finesse par alpine | combien de temps prend l'essai finesse par alpine ? | quand aurai-je les résultats pour finesse par alpine | temps de traitement finesse par alpine,Le délai de réalisation de l'essai « FINESSE PAR ALPINE » est de **3 jours**.,Le laboratoire réalise l'essai « FINESSE PAR ALPINE » dans un délai de **3 jours** à compter de la réception de l'échantillon.,Plâtre et chaux,"finesse, alpine, plâtre, chaux",Moyenne,"finesse_par_alpine_norme, finesse_par_alpine_accreditation"
finesse_par_alpine_accreditation,L'essai « FINESSE PAR ALPINE » est-il accrédité ?,accréditation de l'essai finesse par alpine | cet essai est-il couvert par l'accréditation ? | portée d'accréditation pour finesse par alpine | finesse par alpine accrédité,"Non, l'essai « FINESSE PAR ALPINE » n'est pas accrédité.",L'essai « FINESSE PAR ALPINE » est proposé par le laboratoire mais ne fait pas partie de sa portée d'accréditation actuelle.,Plâtre et chaux,"finesse, alpine, plâtre, chaux",Moyenne,"finesse_par_alpine_norme, finesse_par_alpine_delai"
determination_durete_norme,Selon quelle norme réalisez-vous l'essai « DÉTERMINATION DE LA DURETÉ (PRÉVUE) » ?,norme détermination de la dureté (prévue) | référence normative de l'essai détermination de la dureté (prévue) | quelle norme utilisez-vous pour cet essai ? | détermination de la dureté (prévue) norme applicable,L'essai « DÉTERMINATION DE LA DURETÉ (PRÉVUE) » est réalisé selon **EN 13279-2**.,Le laboratoire réalise l'essai « DÉTERMINATION DE LA DURETÉ (PRÉVUE) » selon **EN 13279-2**.,Plâtre et chaux,"determination, durete, plâtre, chaux",Moyenne,"determination_durete_delai, determination_durete_accreditation"
determination_durete_delai,Quel est le délai de réalisation de l'essai « DÉTERMINATION DE LA DURETÉ (PRÉVUE) » ?,délai de l'essai détermination de la dureté (prévue) | combien de temps prend l'essai détermination de la dureté (prévue) ? | quand aurai-je les résultats pour détermination de la dureté (prévue) | temps de traitement détermination de la dureté (prévue),Le délai de réalisation de l'essai « DÉTERMINATION DE LA DURETÉ (PRÉVUE) » est de **5 jours**.,Le laboratoire réalise l'essai « DÉTERMINATION DE LA DURETÉ (PRÉVUE) » dans un délai de **5 jours** à compter de la réception de l'échantillon.,Plâtre et chaux,"determination, durete, plâtre, chaux",Moyenne,"determination_durete_norme, determination_durete_accreditation"
determination_durete_accreditation,L'essai « DÉTERMINATION DE LA DURETÉ (PRÉVUE) » est-il accrédité ?,accréditation de l'essai détermination de la dureté (prévue) | cet essai est-il couvert par l'accréditation ? | portée d'accréditation pour détermination de la dureté (prévue) | détermination de la dureté (prévue) accrédité,"Non, l'essai « DÉTERMINATION DE LA DURETÉ (PRÉVUE) » n'est pas accrédité.",L'essai « DÉTERMINATION DE LA DURETÉ (PRÉVUE) » est proposé par le laboratoire mais ne fait pas partie de sa portée d'accréditation actuelle.,Plâtre et chaux,"determination, durete, plâtre, chaux",Moyenne,"determination_durete_norme, determination_durete_delai"
determination_co2_caco3_norme,Selon quelle norme réalisez-vous l'essai « DÉTERMINATION DU CO2 ET DU CaCO3 (Calcimetre de Bernard) » ?,norme détermination du co2 et du caco3 (calcimetre de bernard) | référence normative de l'essai détermination du co2 et du caco3 (calcimetre de bernard) | quelle norme utilisez-vous pour cet essai ? | détermination du co2 et du caco3 (calcimetre de bernard) norme applicable,L'essai « DÉTERMINATION DU CO2 ET DU CaCO3 (Calcimetre de Bernard) » est réalisé selon **NF P18-508**.,Le laboratoire réalise l'essai « DÉTERMINATION DU CO2 ET DU CaCO3 (Calcimetre de Bernard) » selon **NF P18-508**.,Plâtre et chaux,"determination, caco, plâtre, chaux",Moyenne,"determination_co2_caco3_delai, determination_co2_caco3_accreditation"
determination_co2_caco3_delai,Quel est le délai de réalisation de l'essai « DÉTERMINATION DU CO2 ET DU CaCO3 (Calcimetre de Bernard) » ?,délai de l'essai détermination du co2 et du caco3 (calcimetre de bernard) | combien de temps prend l'essai détermination du co2 et du caco3 (calcimetre de bernard) ? | quand aurai-je les résultats pour détermination du co2 et du caco3 (calcimetre de bernard) | temps de traitement détermination du co2 et du caco3 (calcimetre de bernard),Le délai de réalisation de l'essai « DÉTERMINATION DU CO2 ET DU CaCO3 (Calcimetre de Bernard) » est de **4 jours**.,Le laboratoire réalise l'essai « DÉTERMINATION DU CO2 ET DU CaCO3 (Calcimetre de Bernard) » dans un délai de **4 jours** à compter de la réception de l'échantillon.,Plâtre et chaux,"determination, caco, plâtre, chaux",Moyenne,"determination_co2_caco3_norme, determination_co2_caco3_accreditation"
determination_co2_caco3_accreditation,L'essai « DÉTERMINATION DU CO2 ET DU CaCO3 (Calcimetre de Bernard) » est-il accrédité ?,accréditation de l'essai détermination du co2 et du caco3 (calcimetre de bernard) | cet essai est-il couvert par l'accréditation ? | portée d'accréditation pour détermination du co2 et du caco3 (calcimetre de bernard) | détermination du co2 et du caco3 (calcimetre de bernard) accrédité,"Non, l'essai « DÉTERMINATION DU CO2 ET DU CaCO3 (Calcimetre de Bernard) » n'est pas accrédité.",L'essai « DÉTERMINATION DU CO2 ET DU CaCO3 (Calcimetre de Bernard) » est proposé par le laboratoire mais ne fait pas partie de sa portée d'accréditation actuelle.,Plâtre et chaux,"determination, caco, plâtre, chaux",Moyenne,"determination_co2_caco3_norme, determination_co2_caco3_delai"
controle_emballage_platres_norme,Selon quelle norme réalisez-vous l'essai « CONTRÔLE DE L'EMBALLAGE DES PLÂTRES » ?,norme contrôle de l'emballage des plâtres | référence normative de l'essai contrôle de l'emballage des plâtres | quelle norme utilisez-vous pour cet essai ? | contrôle de l'emballage des plâtres norme applicable,Cet essai est réalisé selon notre mode opératoire interne.,Le laboratoire réalise l'essai « CONTRÔLE DE L'EMBALLAGE DES PLÂTRES » selon son mode opératoire interne. Rapprochez-vous de nous pour plus de détails sur la méthode appliquée.,Plâtre et chaux,"controle, emballage, platres, plâtre, chaux",Basse,"controle_emballage_platres_delai, controle_emballage_platres_accreditation"
controle_emballage_platres_delai,Quel est le délai de réalisation de l'essai « CONTRÔLE DE L'EMBALLAGE DES PLÂTRES » ?,délai de l'essai contrôle de l'emballage des plâtres | combien de temps prend l'essai contrôle de l'emballage des plâtres ? | quand aurai-je les résultats pour contrôle de l'emballage des plâtres | temps de traitement contrôle de l'emballage des plâtres,Le délai de réalisation de l'essai « CONTRÔLE DE L'EMBALLAGE DES PLÂTRES » est de **15 jours**.,Le laboratoire réalise l'essai « CONTRÔLE DE L'EMBALLAGE DES PLÂTRES » dans un délai de **15 jours** à compter de la réception de l'échantillon.,Plâtre et chaux,"controle, emballage, platres, plâtre, chaux",Basse,"controle_emballage_platres_norme, controle_emballage_platres_accreditation"
controle_emballage_platres_accreditation,L'essai « CONTRÔLE DE L'EMBALLAGE DES PLÂTRES » est-il accrédité ?,accréditation de l'essai contrôle de l'emballage des plâtres | cet essai est-il couvert par l'accréditation ? | portée d'accréditation pour contrôle de l'emballage des plâtres | contrôle de l'emballage des plâtres accrédité,"Non, l'essai « CONTRÔLE DE L'EMBALLAGE DES PLÂTRES » n'est pas accrédité.",L'essai « CONTRÔLE DE L'EMBALLAGE DES PLÂTRES » est proposé par le laboratoire mais ne fait pas partie de sa portée d'accréditation actuelle.,Plâtre et chaux,"controle, emballage, platres, plâtre, chaux",Basse,"controle_emballage_platres_norme, controle_emballage_platres_delai"
controle_emballage_chaux_norme,Selon quelle norme réalisez-vous l'essai « CONTRÔLE DE L'EMBALLAGE DES CHAUX » ?,norme contrôle de l'emballage des chaux | référence normative de l'essai contrôle de l'emballage des chaux | quelle norme utilisez-vous pour cet essai ? | contrôle de l'emballage des chaux norme applicable,Cet essai est réalisé selon notre mode opératoire interne.,Le laboratoire réalise l'essai « CONTRÔLE DE L'EMBALLAGE DES CHAUX » selon son mode opératoire interne. Rapprochez-vous de nous pour plus de détails sur la méthode appliquée.,Plâtre et chaux,"controle, emballage, chaux, plâtre",Basse,"controle_emballage_chaux_delai, controle_emballage_chaux_accreditation"
controle_emballage_chaux_delai,Quel est le délai de réalisation de l'essai « CONTRÔLE DE L'EMBALLAGE DES CHAUX » ?,délai de l'essai contrôle de l'emballage des chaux | combien de temps prend l'essai contrôle de l'emballage des chaux ? | quand aurai-je les résultats pour contrôle de l'emballage des chaux | temps de traitement contrôle de l'emballage des chaux,Le délai de réalisation de l'essai « CONTRÔLE DE L'EMBALLAGE DES CHAUX » est de **15 jours**.,Le laboratoire réalise l'essai « CONTRÔLE DE L'EMBALLAGE DES CHAUX » dans un délai de **15 jours** à compter de la réception de l'échantillon.,Plâtre et chaux,"controle, emballage, chaux, plâtre",Basse,"controle_emballage_chaux_norme, controle_emballage_chaux_accreditation"
controle_emballage_chaux_accreditation,L'essai « CONTRÔLE DE L'EMBALLAGE DES CHAUX » est-il accrédité ?,accréditation de l'essai contrôle de l'emballage des chaux | cet essai est-il couvert par l'accréditation ? | portée d'accréditation pour contrôle de l'emballage des chaux | contrôle de l'emballage des chaux accrédité,"Non, l'essai « CONTRÔLE DE L'EMBALLAGE DES CHAUX » n'est pas accrédité.",L'essai « CONTRÔLE DE L'EMBALLAGE DES CHAUX » est proposé par le laboratoire mais ne fait pas partie de sa portée d'accréditation actuelle.,Plâtre et chaux,"controle, emballage, chaux, plâtre",Basse,"controle_emballage_chaux_norme, controle_emballage_chaux_delai"
optimisation_temps_prise_platre_norme,Selon quelle norme réalisez-vous l'essai « OPTIMISATION DU TEMPS DE PRISE DU PLÂTRE » ?,norme optimisation du temps de prise du plâtre | référence normative de l'essai optimisation du temps de prise du plâtre | quelle norme utilisez-vous pour cet essai ? | optimisation du temps de prise du plâtre norme applicable,Cet essai est réalisé selon notre mode opératoire interne.,Le laboratoire réalise l'essai « OPTIMISATION DU TEMPS DE PRISE DU PLÂTRE » selon son mode opératoire interne. Rapprochez-vous de nous pour plus de détails sur la méthode appliquée.,Plâtre et chaux,"optimisation, temps, prise, platre, plâtre, chaux",Basse,"optimisation_temps_prise_platre_delai, optimisation_temps_prise_platre_accreditation"
optimisation_temps_prise_platre_delai,Quel est le délai de réalisation de l'essai « OPTIMISATION DU TEMPS DE PRISE DU PLÂTRE » ?,délai de l'essai optimisation du temps de prise du plâtre | combien de temps prend l'essai optimisation du temps de prise du plâtre ? | quand aurai-je les résultats pour optimisation du temps de prise du plâtre | temps de traitement optimisation du temps de prise du plâtre,Le délai de réalisation de l'essai « OPTIMISATION DU TEMPS DE PRISE DU PLÂTRE » est de **4 jours**.,Le laboratoire réalise l'essai « OPTIMISATION DU TEMPS DE PRISE DU PLÂTRE » dans un délai de **4 jours** à compter de la réception de l'échantillon.,Plâtre et chaux,"optimisation, temps, prise, platre, plâtre, chaux",Basse,"optimisation_temps_prise_platre_norme, optimisation_temps_prise_platre_accreditation"
optimisation_temps_prise_platre_accreditation,L'essai « OPTIMISATION DU TEMPS DE PRISE DU PLÂTRE » est-il accrédité ?,accréditation de l'essai optimisation du temps de prise du plâtre | cet essai est-il couvert par l'accréditation ? | portée d'accréditation pour optimisation du temps de prise du plâtre | optimisation du temps de prise du plâtre accrédité,"Non, l'essai « OPTIMISATION DU TEMPS DE PRISE DU PLÂTRE » n'est pas accrédité.",L'essai « OPTIMISATION DU TEMPS DE PRISE DU PLÂTRE » est proposé par le laboratoire mais ne fait pas partie de sa portée d'accréditation actuelle.,Plâtre et chaux,"optimisation, temps, prise, platre, plâtre, chaux",Basse,"optimisation_temps_prise_platre_norme, optimisation_temps_prise_platre_delai"
determination_masse_volumique_gypses_norme,Selon quelle norme réalisez-vous l'essai « DÉTERMINATION DE LA MASSE VOLUMIQUE DES GYPSES » ?,norme détermination de la masse volumique des gypses | référence normative de l'essai détermination de la masse volumique des gypses | quelle norme utilisez-vous pour cet essai ? | détermination de la masse volumique des gypses norme applicable,L'essai « DÉTERMINATION DE LA MASSE VOLUMIQUE DES GYPSES » est réalisé selon **Selon mode Operatoire**.,Le laboratoire réalise l'essai « DÉTERMINATION DE LA MASSE VOLUMIQUE DES GYPSES » selon **Selon mode Operatoire**.,Plâtre et chaux,"determination, masse, volumique, gypses, plâtre, chaux",Moyenne,"determination_masse_volumique_gypses_delai, determination_masse_volumique_gypses_accreditation"
determination_masse_volumique_gypses_delai,Quel est le délai de réalisation de l'essai « DÉTERMINATION DE LA MASSE VOLUMIQUE DES GYPSES » ?,délai de l'essai détermination de la masse volumique des gypses | combien de temps prend l'essai détermination de la masse volumique des gypses ? | quand aurai-je les résultats pour détermination de la masse volumique des gypses | temps de traitement détermination de la masse volumique des gypses,Le délai de réalisation de l'essai « DÉTERMINATION DE LA MASSE VOLUMIQUE DES GYPSES » est de **3 jours**.,Le laboratoire réalise l'essai « DÉTERMINATION DE LA MASSE VOLUMIQUE DES GYPSES » dans un délai de **3 jours** à compter de la réception de l'échantillon.,Plâtre et chaux,"determination, masse, volumique, gypses, plâtre, chaux",Moyenne,"determination_masse_volumique_gypses_norme, determination_masse_volumique_gypses_accreditation"
determination_masse_volumique_gypses_accreditation,L'essai « DÉTERMINATION DE LA MASSE VOLUMIQUE DES GYPSES » est-il accrédité ?,accréditation de l'essai détermination de la masse volumique des gypses | cet essai est-il couvert par l'accréditation ? | portée d'accréditation pour détermination de la masse volumique des gypses | détermination de la masse volumique des gypses accrédité,"Non, l'essai « DÉTERMINATION DE LA MASSE VOLUMIQUE DES GYPSES » n'est pas accrédité.",L'essai « DÉTERMINATION DE LA MASSE VOLUMIQUE DES GYPSES » est proposé par le laboratoire mais ne fait pas partie de sa portée d'accréditation actuelle.,Plâtre et chaux,"determination, masse, volumique, gypses, plâtre, chaux",Moyenne,"determination_masse_volumique_gypses_norme, determination_masse_volumique_gypses_delai"
mission_prelevement_3_norme,Selon quelle norme réalisez-vous l'essai « MISSION DE PRÉLÈVEMENT (PLÂTRE) » ?,norme mission de prélèvement (plâtre) | référence normative de l'essai mission de prélèvement (plâtre) | quelle norme utilisez-vous pour cet essai ? | mission de prélèvement (plâtre) norme applicable,Cet essai est réalisé selon notre mode opératoire interne.,Le laboratoire réalise l'essai « MISSION DE PRÉLÈVEMENT (PLÂTRE) » selon son mode opératoire interne. Rapprochez-vous de nous pour plus de détails sur la méthode appliquée.,Plâtre et chaux,"mission, prelevement, plâtre, chaux",Basse,"mission_prelevement_3_delai, mission_prelevement_3_accreditation"
mission_prelevement_3_delai,Quel est le délai de réalisation de l'essai « MISSION DE PRÉLÈVEMENT (PLÂTRE) » ?,délai de l'essai mission de prélèvement (plâtre) | combien de temps prend l'essai mission de prélèvement (plâtre) ? | quand aurai-je les résultats pour mission de prélèvement (plâtre) | temps de traitement mission de prélèvement (plâtre),Le délai de réalisation de l'essai « MISSION DE PRÉLÈVEMENT (PLÂTRE) » est de **5 jours**.,Le laboratoire réalise l'essai « MISSION DE PRÉLÈVEMENT (PLÂTRE) » dans un délai de **5 jours** à compter de la réception de l'échantillon.,Plâtre et chaux,"mission, prelevement, plâtre, chaux",Basse,"mission_prelevement_3_norme, mission_prelevement_3_accreditation"
mission_prelevement_3_accreditation,L'essai « MISSION DE PRÉLÈVEMENT (PLÂTRE) » est-il accrédité ?,accréditation de l'essai mission de prélèvement (plâtre) | cet essai est-il couvert par l'accréditation ? | portée d'accréditation pour mission de prélèvement (plâtre) | mission de prélèvement (plâtre) accrédité,"Non, l'essai « MISSION DE PRÉLÈVEMENT (PLÂTRE) » n'est pas accrédité.",L'essai « MISSION DE PRÉLÈVEMENT (PLÂTRE) » est proposé par le laboratoire mais ne fait pas partie de sa portée d'accréditation actuelle.,Plâtre et chaux,"mission, prelevement, plâtre, chaux",Basse,"mission_prelevement_3_norme, mission_prelevement_3_delai"
analyse_granulometrique_norme,Selon quelle norme réalisez-vous l'essai « ANALYSE GRANULOMÉTRIQUE » ?,norme analyse granulométrique | référence normative de l'essai analyse granulométrique | quelle norme utilisez-vous pour cet essai ? | analyse granulométrique norme applicable,L'essai « ANALYSE GRANULOMÉTRIQUE » est réalisé selon **NF EN 933-1**.,Le laboratoire réalise l'essai « ANALYSE GRANULOMÉTRIQUE » selon **NF EN 933-1**.,Béton et granulats,"analyse, granulometrique, béton, granulat",Moyenne,"analyse_granulometrique_delai, analyse_granulometrique_accreditation"
analyse_granulometrique_delai,Quel est le délai de réalisation de l'essai « ANALYSE GRANULOMÉTRIQUE » ?,délai de l'essai analyse granulométrique | combien de temps prend l'essai analyse granulométrique ? | quand aurai-je les résultats pour analyse granulométrique | temps de traitement analyse granulométrique,Le délai de réalisation de l'essai « ANALYSE GRANULOMÉTRIQUE » est de **5 jours**.,Le laboratoire réalise l'essai « ANALYSE GRANULOMÉTRIQUE » dans un délai de **5 jours** à compter de la réception de l'échantillon.,Béton et granulats,"analyse, granulometrique, béton, granulat",Moyenne,"analyse_granulometrique_norme, analyse_granulometrique_accreditation"
analyse_granulometrique_accreditation,L'essai « ANALYSE GRANULOMÉTRIQUE » est-il accrédité ?,accréditation de l'essai analyse granulométrique | cet essai est-il couvert par l'accréditation ? | portée d'accréditation pour analyse granulométrique | analyse granulométrique accrédité,"Non, l'essai « ANALYSE GRANULOMÉTRIQUE » n'est pas accrédité.",L'essai « ANALYSE GRANULOMÉTRIQUE » est proposé par le laboratoire mais ne fait pas partie de sa portée d'accréditation actuelle.,Béton et granulats,"analyse, granulometrique, béton, granulat",Moyenne,"analyse_granulometrique_norme, analyse_granulometrique_delai"
caracteristique_sonique_mesure_temps_propagation_ondes_norme,Selon quelle norme réalisez-vous l'essai « CARACTÉRISTIQUE SONIQUE : MESURE DU TEMPS DE PROPAGATION D'ONDES SONIQUES SUR BETON » ?,norme caractéristique sonique : mesure du temps de propagation d'ondes soniques sur beton | référence normative de l'essai caractéristique sonique : mesure du temps de propagation d'ondes soniques sur beton | quelle norme utilisez-vous pour cet essai ? | caractéristique sonique : mesure du temps de propagation d'ondes soniques sur beton norme applicable,L'essai « CARACTÉRISTIQUE SONIQUE : MESURE DU TEMPS DE PROPAGATION D'ONDES SONIQUES SUR BETON » est réalisé selon **NF EN 12504-4**.,Le laboratoire réalise l'essai « CARACTÉRISTIQUE SONIQUE : MESURE DU TEMPS DE PROPAGATION D'ONDES SONIQUES SUR BETON » selon **NF EN 12504-4**.,Béton et granulats,"mesure, caracteristique, sonique, temps, propagation, ondes, béton, granulat",Moyenne,"caracteristique_sonique_mesure_temps_propagation_ondes_delai, caracteristique_sonique_mesure_temps_propagation_ondes_accreditation"
caracteristique_sonique_mesure_temps_propagation_ondes_delai,Quel est le délai de réalisation de l'essai « CARACTÉRISTIQUE SONIQUE : MESURE DU TEMPS DE PROPAGATION D'ONDES SONIQUES SUR BETON » ?,délai de l'essai caractéristique sonique : mesure du temps de propagation d'ondes soniques sur beton | combien de temps prend l'essai caractéristique sonique : mesure du temps de propagation d'ondes soniques sur beton ? | quand aurai-je les résultats pour caractéristique sonique : mesure du temps de propagation d'ondes soniques sur beton | temps de traitement caractéristique sonique : mesure du temps de propagation d'ondes soniques sur beton,Le délai de réalisation de l'essai « CARACTÉRISTIQUE SONIQUE : MESURE DU TEMPS DE PROPAGATION D'ONDES SONIQUES SUR BETON » est de **7 jours**.,Le laboratoire réalise l'essai « CARACTÉRISTIQUE SONIQUE : MESURE DU TEMPS DE PROPAGATION D'ONDES SONIQUES SUR BETON » dans un délai de **7 jours** à compter de la réception de l'échantillon.,Béton et granulats,"mesure, caracteristique, sonique, temps, propagation, ondes, béton, granulat",Moyenne,"caracteristique_sonique_mesure_temps_propagation_ondes_norme, caracteristique_sonique_mesure_temps_propagation_ondes_accreditation"
caracteristique_sonique_mesure_temps_propagation_ondes_accreditation,L'essai « CARACTÉRISTIQUE SONIQUE : MESURE DU TEMPS DE PROPAGATION D'ONDES SONIQUES SUR BETON » est-il accrédité ?,accréditation de l'essai caractéristique sonique : mesure du temps de propagation d'ondes soniques sur beton | cet essai est-il couvert par l'accréditation ? | portée d'accréditation pour caractéristique sonique : mesure du temps de propagation d'ondes soniques sur beton | caractéristique sonique : mesure du temps de propagation d'ondes soniques sur beton accrédité,"Non, l'essai « CARACTÉRISTIQUE SONIQUE : MESURE DU TEMPS DE PROPAGATION D'ONDES SONIQUES SUR BETON » n'est pas accrédité.",L'essai « CARACTÉRISTIQUE SONIQUE : MESURE DU TEMPS DE PROPAGATION D'ONDES SONIQUES SUR BETON » est proposé par le laboratoire mais ne fait pas partie de sa portée d'accréditation actuelle.,Béton et granulats,"mesure, caracteristique, sonique, temps, propagation, ondes, béton, granulat",Moyenne,"caracteristique_sonique_mesure_temps_propagation_ondes_norme, caracteristique_sonique_mesure_temps_propagation_ondes_delai"
essai_affaissement_norme,Selon quelle norme réalisez-vous l'essai « ESSAI D'AFFAISSEMENT » ?,norme essai d'affaissement | référence normative de l'essai essai d'affaissement | quelle norme utilisez-vous pour cet essai ? | essai d'affaissement norme applicable,L'essai « ESSAI D'AFFAISSEMENT » est réalisé selon **NF EN 1350-2**.,Le laboratoire réalise l'essai « ESSAI D'AFFAISSEMENT » selon **NF EN 1350-2**.,Béton et granulats,"essai, affaissement, béton, granulat",Moyenne,"essai_affaissement_delai, essai_affaissement_accreditation"
essai_affaissement_delai,Quel est le délai de réalisation de l'essai « ESSAI D'AFFAISSEMENT » ?,délai de l'essai essai d'affaissement | combien de temps prend l'essai essai d'affaissement ? | quand aurai-je les résultats pour essai d'affaissement | temps de traitement essai d'affaissement,Le délai de réalisation de l'essai « ESSAI D'AFFAISSEMENT » est de **7 jours**.,Le laboratoire réalise l'essai « ESSAI D'AFFAISSEMENT » dans un délai de **7 jours** à compter de la réception de l'échantillon.,Béton et granulats,"essai, affaissement, béton, granulat",Moyenne,"essai_affaissement_norme, essai_affaissement_accreditation"
essai_affaissement_accreditation,L'essai « ESSAI D'AFFAISSEMENT » est-il accrédité ?,accréditation de l'essai essai d'affaissement | cet essai est-il couvert par l'accréditation ? | portée d'accréditation pour essai d'affaissement | essai d'affaissement accrédité,"Non, l'essai « ESSAI D'AFFAISSEMENT » n'est pas accrédité.",L'essai « ESSAI D'AFFAISSEMENT » est proposé par le laboratoire mais ne fait pas partie de sa portée d'accréditation actuelle.,Béton et granulats,"essai, affaissement, béton, granulat",Moyenne,"essai_affaissement_norme, essai_affaissement_delai"
determination_masse_volumique_absolue_norme,Selon quelle norme réalisez-vous l'essai « DÉTERMINATION DE LA MASSE VOLUMIQUE ABSOLUE » ?,norme détermination de la masse volumique absolue | référence normative de l'essai détermination de la masse volumique absolue | quelle norme utilisez-vous pour cet essai ? | détermination de la masse volumique absolue norme applicable,L'essai « DÉTERMINATION DE LA MASSE VOLUMIQUE ABSOLUE » est réalisé selon **la méthode LE CHATELIER**.,Le laboratoire réalise l'essai « DÉTERMINATION DE LA MASSE VOLUMIQUE ABSOLUE » selon **la méthode LE CHATELIER**.,Béton et granulats,"determination, masse, volumique, absolue, béton, granulat",Moyenne,"determination_masse_volumique_absolue_delai, determination_masse_volumique_absolue_accreditation"
determination_masse_volumique_absolue_delai,Quel est le délai de réalisation de l'essai « DÉTERMINATION DE LA MASSE VOLUMIQUE ABSOLUE » ?,délai de l'essai détermination de la masse volumique absolue | combien de temps prend l'essai détermination de la masse volumique absolue ? | quand aurai-je les résultats pour détermination de la masse volumique absolue | temps de traitement détermination de la masse volumique absolue,Le délai de réalisation de l'essai « DÉTERMINATION DE LA MASSE VOLUMIQUE ABSOLUE » est de **5 jours**.,Le laboratoire réalise l'essai « DÉTERMINATION DE LA MASSE VOLUMIQUE ABSOLUE » dans un délai de **5 jours** à compter de la réception de l'échantillon.,Béton et granulats,"determination, masse, volumique, absolue, béton, granulat",Moyenne,"determination_masse_volumique_absolue_norme, determination_masse_volumique_absolue_accreditation"
determination_masse_volumique_absolue_accreditation,L'essai « DÉTERMINATION DE LA MASSE VOLUMIQUE ABSOLUE » est-il accrédité ?,accréditation de l'essai détermination de la masse volumique absolue | cet essai est-il couvert par l'accréditation ? | portée d'accréditation pour détermination de la masse volumique absolue | détermination de la masse volumique absolue accrédité,"Non, l'essai « DÉTERMINATION DE LA MASSE VOLUMIQUE ABSOLUE » n'est pas accrédité.",L'essai « DÉTERMINATION DE LA MASSE VOLUMIQUE ABSOLUE » est proposé par le laboratoire mais ne fait pas partie de sa portée d'accréditation actuelle.,Béton et granulats,"determination, masse, volumique, absolue, béton, granulat",Moyenne,"determination_masse_volumique_absolue_norme, determination_masse_volumique_absolue_delai"
determination_masse_volumique_reelle_norme,Selon quelle norme réalisez-vous l'essai « DÉTERMINATION DE LA MASSE VOLUMIQUE REELLE » ?,norme détermination de la masse volumique reelle | référence normative de l'essai détermination de la masse volumique reelle | quelle norme utilisez-vous pour cet essai ? | détermination de la masse volumique reelle norme applicable,L'essai « DÉTERMINATION DE LA MASSE VOLUMIQUE REELLE » est réalisé selon **EN 1097-6**.,Le laboratoire réalise l'essai « DÉTERMINATION DE LA MASSE VOLUMIQUE REELLE » selon **EN 1097-6**.,Béton et granulats,"determination, masse, volumique, reelle, béton, granulat",Moyenne,"determination_masse_volumique_reelle_delai, determination_masse_volumique_reelle_accreditation"
determination_masse_volumique_reelle_delai,Quel est le délai de réalisation de l'essai « DÉTERMINATION DE LA MASSE VOLUMIQUE REELLE » ?,délai de l'essai détermination de la masse volumique reelle | combien de temps prend l'essai détermination de la masse volumique reelle ? | quand aurai-je les résultats pour détermination de la masse volumique reelle | temps de traitement détermination de la masse volumique reelle,Le délai de réalisation de l'essai « DÉTERMINATION DE LA MASSE VOLUMIQUE REELLE » est de **5 jours**.,Le laboratoire réalise l'essai « DÉTERMINATION DE LA MASSE VOLUMIQUE REELLE » dans un délai de **5 jours** à compter de la réception de l'échantillon.,Béton et granulats,"determination, masse, volumique, reelle, béton, granulat",Moyenne,"determination_masse_volumique_reelle_norme, determination_masse_volumique_reelle_accreditation"
determination_masse_volumique_reelle_accreditation,L'essai « DÉTERMINATION DE LA MASSE VOLUMIQUE REELLE » est-il accrédité ?,accréditation de l'essai détermination de la masse volumique reelle | cet essai est-il couvert par l'accréditation ? | portée d'accréditation pour détermination de la masse volumique reelle | détermination de la masse volumique reelle accrédité,"Non, l'essai « DÉTERMINATION DE LA MASSE VOLUMIQUE REELLE » n'est pas accrédité.",L'essai « DÉTERMINATION DE LA MASSE VOLUMIQUE REELLE » est proposé par le laboratoire mais ne fait pas partie de sa portée d'accréditation actuelle.,Béton et granulats,"determination, masse, volumique, reelle, béton, granulat",Moyenne,"determination_masse_volumique_reelle_norme, determination_masse_volumique_reelle_delai"
essai_compression_carottes_cubes_norme,Selon quelle norme réalisez-vous l'essai « ESSAI DE COMPRESSION SUR CAROTTES ET CUBES » ?,norme essai de compression sur carottes et cubes | référence normative de l'essai essai de compression sur carottes et cubes | quelle norme utilisez-vous pour cet essai ? | essai de compression sur carottes et cubes norme applicable,L'essai « ESSAI DE COMPRESSION SUR CAROTTES ET CUBES » est réalisé selon **NF EN 12504-1**.,Le laboratoire réalise l'essai « ESSAI DE COMPRESSION SUR CAROTTES ET CUBES » selon **NF EN 12504-1**.,Béton et granulats,"essai, compression, carottes, cubes, béton, granulat",Moyenne,"essai_compression_carottes_cubes_delai, essai_compression_carottes_cubes_accreditation"
essai_compression_carottes_cubes_delai,Quel est le délai de réalisation de l'essai « ESSAI DE COMPRESSION SUR CAROTTES ET CUBES » ?,délai de l'essai essai de compression sur carottes et cubes | combien de temps prend l'essai essai de compression sur carottes et cubes ? | quand aurai-je les résultats pour essai de compression sur carottes et cubes | temps de traitement essai de compression sur carottes et cubes,Le délai de réalisation de l'essai « ESSAI DE COMPRESSION SUR CAROTTES ET CUBES » est de **7 jours**.,Le laboratoire réalise l'essai « ESSAI DE COMPRESSION SUR CAROTTES ET CUBES » dans un délai de **7 jours** à compter de la réception de l'échantillon.,Béton et granulats,"essai, compression, carottes, cubes, béton, granulat",Moyenne,"essai_compression_carottes_cubes_norme, essai_compression_carottes_cubes_accreditation"
essai_compression_carottes_cubes_accreditation,L'essai « ESSAI DE COMPRESSION SUR CAROTTES ET CUBES » est-il accrédité ?,accréditation de l'essai essai de compression sur carottes et cubes | cet essai est-il couvert par l'accréditation ? | portée d'accréditation pour essai de compression sur carottes et cubes | essai de compression sur carottes et cubes accrédité,"Non, l'essai « ESSAI DE COMPRESSION SUR CAROTTES ET CUBES » n'est pas accrédité.",L'essai « ESSAI DE COMPRESSION SUR CAROTTES ET CUBES » est proposé par le laboratoire mais ne fait pas partie de sa portée d'accréditation actuelle.,Béton et granulats,"essai, compression, carottes, cubes, béton, granulat",Moyenne,"essai_compression_carottes_cubes_norme, essai_compression_carottes_cubes_delai"
teneur_eau_norme,Selon quelle norme réalisez-vous l'essai « TENEUR EN EAU (HUMIDITÉ NATURELLE) » ?,norme teneur en eau (humidité naturelle) | référence normative de l'essai teneur en eau (humidité naturelle) | quelle norme utilisez-vous pour cet essai ? | teneur en eau (humidité naturelle) norme applicable,L'essai « TENEUR EN EAU (HUMIDITÉ NATURELLE) » est réalisé selon **EN 1097-6**.,Le laboratoire réalise l'essai « TENEUR EN EAU (HUMIDITÉ NATURELLE) » selon **EN 1097-6**.,Béton et granulats,"teneur, eau, béton, granulat",Moyenne,"teneur_eau_delai, teneur_eau_accreditation"
teneur_eau_delai,Quel est le délai de réalisation de l'essai « TENEUR EN EAU (HUMIDITÉ NATURELLE) » ?,délai de l'essai teneur en eau (humidité naturelle) | combien de temps prend l'essai teneur en eau (humidité naturelle) ? | quand aurai-je les résultats pour teneur en eau (humidité naturelle) | temps de traitement teneur en eau (humidité naturelle),Le délai de réalisation de l'essai « TENEUR EN EAU (HUMIDITÉ NATURELLE) » est de **3 jours**.,Le laboratoire réalise l'essai « TENEUR EN EAU (HUMIDITÉ NATURELLE) » dans un délai de **3 jours** à compter de la réception de l'échantillon.,Béton et granulats,"teneur, eau, béton, granulat",Moyenne,"teneur_eau_norme, teneur_eau_accreditation"
teneur_eau_accreditation,L'essai « TENEUR EN EAU (HUMIDITÉ NATURELLE) » est-il accrédité ?,accréditation de l'essai teneur en eau (humidité naturelle) | cet essai est-il couvert par l'accréditation ? | portée d'accréditation pour teneur en eau (humidité naturelle) | teneur en eau (humidité naturelle) accrédité,"Non, l'essai « TENEUR EN EAU (HUMIDITÉ NATURELLE) » n'est pas accrédité.",L'essai « TENEUR EN EAU (HUMIDITÉ NATURELLE) » est proposé par le laboratoire mais ne fait pas partie de sa portée d'accréditation actuelle.,Béton et granulats,"teneur, eau, béton, granulat",Moyenne,"teneur_eau_norme, teneur_eau_delai"
traitement_thermique_beton_norme,Selon quelle norme réalisez-vous l'essai « TRAITEMENT THERMIQUE DU BÉTON » ?,norme traitement thermique du béton | référence normative de l'essai traitement thermique du béton | quelle norme utilisez-vous pour cet essai ? | traitement thermique du béton norme applicable,Cet essai est réalisé selon notre mode opératoire interne.,Le laboratoire réalise l'essai « TRAITEMENT THERMIQUE DU BÉTON » selon son mode opératoire interne. Rapprochez-vous de nous pour plus de détails sur la méthode appliquée.,Béton et granulats,"traitement, thermique, beton, béton, granulat",Basse,"traitement_thermique_beton_delai, traitement_thermique_beton_accreditation"
traitement_thermique_beton_delai,Quel est le délai de réalisation de l'essai « TRAITEMENT THERMIQUE DU BÉTON » ?,délai de l'essai traitement thermique du béton | combien de temps prend l'essai traitement thermique du béton ? | quand aurai-je les résultats pour traitement thermique du béton | temps de traitement traitement thermique du béton,Le délai de réalisation de l'essai « TRAITEMENT THERMIQUE DU BÉTON » est de **35 jours**.,Le laboratoire réalise l'essai « TRAITEMENT THERMIQUE DU BÉTON » dans un délai de **35 jours** à compter de la réception de l'échantillon.,Béton et granulats,"traitement, thermique, beton, béton, granulat",Basse,"traitement_thermique_beton_norme, traitement_thermique_beton_accreditation"
traitement_thermique_beton_accreditation,L'essai « TRAITEMENT THERMIQUE DU BÉTON » est-il accrédité ?,accréditation de l'essai traitement thermique du béton | cet essai est-il couvert par l'accréditation ? | portée d'accréditation pour traitement thermique du béton | traitement thermique du béton accrédité,"Non, l'essai « TRAITEMENT THERMIQUE DU BÉTON » n'est pas accrédité.",L'essai « TRAITEMENT THERMIQUE DU BÉTON » est proposé par le laboratoire mais ne fait pas partie de sa portée d'accréditation actuelle.,Béton et granulats,"traitement, thermique, beton, béton, granulat",Basse,"traitement_thermique_beton_norme, traitement_thermique_beton_delai"
equivalent_sable_norme,Selon quelle norme réalisez-vous l'essai « ÉQUIVALENT DE SABLE » ?,norme équivalent de sable | référence normative de l'essai équivalent de sable | quelle norme utilisez-vous pour cet essai ? | équivalent de sable norme applicable,L'essai « ÉQUIVALENT DE SABLE » est réalisé selon **NF EN 933-8**.,Le laboratoire réalise l'essai « ÉQUIVALENT DE SABLE » selon **NF EN 933-8**.,Béton et granulats,"equivalent, sable, béton, granulat",Haute,"equivalent_sable_delai, equivalent_sable_accreditation"
equivalent_sable_delai,Quel est le délai de réalisation de l'essai « ÉQUIVALENT DE SABLE » ?,délai de l'essai équivalent de sable | combien de temps prend l'essai équivalent de sable ? | quand aurai-je les résultats pour équivalent de sable | temps de traitement équivalent de sable,Le délai de réalisation de l'essai « ÉQUIVALENT DE SABLE » est de **5 jours**.,Le laboratoire réalise l'essai « ÉQUIVALENT DE SABLE » dans un délai de **5 jours** à compter de la réception de l'échantillon.,Béton et granulats,"equivalent, sable, béton, granulat",Haute,"equivalent_sable_norme, equivalent_sable_accreditation"
equivalent_sable_accreditation,L'essai « ÉQUIVALENT DE SABLE » est-il accrédité ?,accréditation de l'essai équivalent de sable | cet essai est-il couvert par l'accréditation ? | portée d'accréditation pour équivalent de sable | équivalent de sable accrédité,"Oui, l'essai « ÉQUIVALENT DE SABLE » est accrédité.",Le laboratoire réalise l'essai « ÉQUIVALENT DE SABLE » dans le cadre de son accréditation.,Béton et granulats,"equivalent, sable, béton, granulat",Haute,"equivalent_sable_norme, equivalent_sable_delai"
mesure_profondeur_carbonatation_beton_norme,Selon quelle norme réalisez-vous l'essai « MESURE DE LA PROFONDEUR DE CARBONATATION D'UN BÉTON » ?,norme mesure de la profondeur de carbonatation d'un béton | référence normative de l'essai mesure de la profondeur de carbonatation d'un béton | quelle norme utilisez-vous pour cet essai ? | mesure de la profondeur de carbonatation d'un béton norme applicable,L'essai « MESURE DE LA PROFONDEUR DE CARBONATATION D'UN BÉTON » est réalisé selon **NF EN 12390-8**.,Le laboratoire réalise l'essai « MESURE DE LA PROFONDEUR DE CARBONATATION D'UN BÉTON » selon **NF EN 12390-8**.,Béton et granulats,"mesure, profondeur, carbonatation, beton, béton, granulat",Moyenne,"mesure_profondeur_carbonatation_beton_delai, mesure_profondeur_carbonatation_beton_accreditation"
mesure_profondeur_carbonatation_beton_delai,Quel est le délai de réalisation de l'essai « MESURE DE LA PROFONDEUR DE CARBONATATION D'UN BÉTON » ?,délai de l'essai mesure de la profondeur de carbonatation d'un béton | combien de temps prend l'essai mesure de la profondeur de carbonatation d'un béton ? | quand aurai-je les résultats pour mesure de la profondeur de carbonatation d'un béton | temps de traitement mesure de la profondeur de carbonatation d'un béton,Le délai de réalisation de l'essai « MESURE DE LA PROFONDEUR DE CARBONATATION D'UN BÉTON » est de **2 jours**.,Le laboratoire réalise l'essai « MESURE DE LA PROFONDEUR DE CARBONATATION D'UN BÉTON » dans un délai de **2 jours** à compter de la réception de l'échantillon.,Béton et granulats,"mesure, profondeur, carbonatation, beton, béton, granulat",Moyenne,"mesure_profondeur_carbonatation_beton_norme, mesure_profondeur_carbonatation_beton_accreditation"
mesure_profondeur_carbonatation_beton_accreditation,L'essai « MESURE DE LA PROFONDEUR DE CARBONATATION D'UN BÉTON » est-il accrédité ?,accréditation de l'essai mesure de la profondeur de carbonatation d'un béton | cet essai est-il couvert par l'accréditation ? | portée d'accréditation pour mesure de la profondeur de carbonatation d'un béton | mesure de la profondeur de carbonatation d'un béton accrédité,"Non, l'essai « MESURE DE LA PROFONDEUR DE CARBONATATION D'UN BÉTON » n'est pas accrédité.",L'essai « MESURE DE LA PROFONDEUR DE CARBONATATION D'UN BÉTON » est proposé par le laboratoire mais ne fait pas partie de sa portée d'accréditation actuelle.,Béton et granulats,"mesure, profondeur, carbonatation, beton, béton, granulat",Moyenne,"mesure_profondeur_carbonatation_beton_norme, mesure_profondeur_carbonatation_beton_delai"
essai_physico_mecanique_complet_sable_norme,Selon quelle norme réalisez-vous l'essai « ESSAI PHYSICO-MÉCANIQUE COMPLET (EPMC) SUR SABLE » ?,norme essai physico-mécanique complet (epmc) sur sable | référence normative de l'essai essai physico-mécanique complet (epmc) sur sable | quelle norme utilisez-vous pour cet essai ? | essai physico-mécanique complet (epmc) sur sable norme applicable,L'essai « ESSAI PHYSICO-MÉCANIQUE COMPLET (EPMC) SUR SABLE » est réalisé selon **NF EN 12620 et P18-545 / P18-546**.,Le laboratoire réalise l'essai « ESSAI PHYSICO-MÉCANIQUE COMPLET (EPMC) SUR SABLE » selon **NF EN 12620 et P18-545 / P18-546**.,Béton et granulats,"essai, physico, mecanique, complet, sable, béton, granulat",Moyenne,"essai_physico_mecanique_complet_sable_delai, essai_physico_mecanique_complet_sable_accreditation"
essai_physico_mecanique_complet_sable_delai,Quel est le délai de réalisation de l'essai « ESSAI PHYSICO-MÉCANIQUE COMPLET (EPMC) SUR SABLE » ?,délai de l'essai essai physico-mécanique complet (epmc) sur sable | combien de temps prend l'essai essai physico-mécanique complet (epmc) sur sable ? | quand aurai-je les résultats pour essai physico-mécanique complet (epmc) sur sable | temps de traitement essai physico-mécanique complet (epmc) sur sable,Le délai de réalisation de l'essai « ESSAI PHYSICO-MÉCANIQUE COMPLET (EPMC) SUR SABLE » est de **25 jours**.,Le laboratoire réalise l'essai « ESSAI PHYSICO-MÉCANIQUE COMPLET (EPMC) SUR SABLE » dans un délai de **25 jours** à compter de la réception de l'échantillon.,Béton et granulats,"essai, physico, mecanique, complet, sable, béton, granulat",Moyenne,"essai_physico_mecanique_complet_sable_norme, essai_physico_mecanique_complet_sable_accreditation"
essai_physico_mecanique_complet_sable_accreditation,L'essai « ESSAI PHYSICO-MÉCANIQUE COMPLET (EPMC) SUR SABLE » est-il accrédité ?,accréditation de l'essai essai physico-mécanique complet (epmc) sur sable | cet essai est-il couvert par l'accréditation ? | portée d'accréditation pour essai physico-mécanique complet (epmc) sur sable | essai physico-mécanique complet (epmc) sur sable accrédité,Le niveau d'accréditation de cette prestation varie selon la composante réalisée.,L'essai « ESSAI PHYSICO-MÉCANIQUE COMPLET (EPMC) SUR SABLE » comporte plusieurs composantes réalisées selon différentes normes. Rapprochez-vous du laboratoire pour connaître précisément le niveau d'accréditation de chaque partie de la prestation.,Béton et granulats,"essai, physico, mecanique, complet, sable, béton, granulat",Moyenne,"essai_physico_mecanique_complet_sable_norme, essai_physico_mecanique_complet_sable_delai"
analyse_agressivite_eau_vis_vis_beton_norme,Selon quelle norme réalisez-vous l'essai « ANALYSE D'AGRESSIVITÉ DE L'EAU VIS-À-VIS DU BÉTON » ?,norme analyse d'agressivité de l'eau vis-à-vis du béton | référence normative de l'essai analyse d'agressivité de l'eau vis-à-vis du béton | quelle norme utilisez-vous pour cet essai ? | analyse d'agressivité de l'eau vis-à-vis du béton norme applicable,L'essai « ANALYSE D'AGRESSIVITÉ DE L'EAU VIS-À-VIS DU BÉTON » est réalisé selon **EN 1008 / EN 1009**.,Le laboratoire réalise l'essai « ANALYSE D'AGRESSIVITÉ DE L'EAU VIS-À-VIS DU BÉTON » selon **EN 1008 / EN 1009**.,Béton et granulats,"analyse, agressivite, eau, vis, beton, béton, granulat",Moyenne,"analyse_agressivite_eau_vis_vis_beton_delai, analyse_agressivite_eau_vis_vis_beton_accreditation"
analyse_agressivite_eau_vis_vis_beton_delai,Quel est le délai de réalisation de l'essai « ANALYSE D'AGRESSIVITÉ DE L'EAU VIS-À-VIS DU BÉTON » ?,délai de l'essai analyse d'agressivité de l'eau vis-à-vis du béton | combien de temps prend l'essai analyse d'agressivité de l'eau vis-à-vis du béton ? | quand aurai-je les résultats pour analyse d'agressivité de l'eau vis-à-vis du béton | temps de traitement analyse d'agressivité de l'eau vis-à-vis du béton,Le délai de réalisation de l'essai « ANALYSE D'AGRESSIVITÉ DE L'EAU VIS-À-VIS DU BÉTON » est de **25 jours**.,Le laboratoire réalise l'essai « ANALYSE D'AGRESSIVITÉ DE L'EAU VIS-À-VIS DU BÉTON » dans un délai de **25 jours** à compter de la réception de l'échantillon.,Béton et granulats,"analyse, agressivite, eau, vis, beton, béton, granulat",Moyenne,"analyse_agressivite_eau_vis_vis_beton_norme, analyse_agressivite_eau_vis_vis_beton_accreditation"
analyse_agressivite_eau_vis_vis_beton_accreditation,L'essai « ANALYSE D'AGRESSIVITÉ DE L'EAU VIS-À-VIS DU BÉTON » est-il accrédité ?,accréditation de l'essai analyse d'agressivité de l'eau vis-à-vis du béton | cet essai est-il couvert par l'accréditation ? | portée d'accréditation pour analyse d'agressivité de l'eau vis-à-vis du béton | analyse d'agressivité de l'eau vis-à-vis du béton accrédité,Le niveau d'accréditation de cette prestation varie selon la composante réalisée.,L'essai « ANALYSE D'AGRESSIVITÉ DE L'EAU VIS-À-VIS DU BÉTON » comporte plusieurs composantes réalisées selon différentes normes. Rapprochez-vous du laboratoire pour connaître précisément le niveau d'accréditation de chaque partie de la prestation.,Béton et granulats,"analyse, agressivite, eau, vis, beton, béton, granulat",Moyenne,"analyse_agressivite_eau_vis_vis_beton_norme, analyse_agressivite_eau_vis_vis_beton_delai"
carottage_essais_mecaniques_norme,Selon quelle norme réalisez-vous l'essai « CAROTTAGE ET ESSAIS MÉCANIQUES » ?,norme carottage et essais mécaniques | référence normative de l'essai carottage et essais mécaniques | quelle norme utilisez-vous pour cet essai ? | carottage et essais mécaniques norme applicable,L'essai « CAROTTAGE ET ESSAIS MÉCANIQUES » est réalisé selon **NF EN 12504-1 et NF EN 1926**.,Le laboratoire réalise l'essai « CAROTTAGE ET ESSAIS MÉCANIQUES » selon **NF EN 12504-1 et NF EN 1926**.,Béton et granulats,"carottage, essais, mecaniques, béton, granulat",Moyenne,"carottage_essais_mecaniques_delai, carottage_essais_mecaniques_accreditation"
carottage_essais_mecaniques_delai,Quel est le délai de réalisation de l'essai « CAROTTAGE ET ESSAIS MÉCANIQUES » ?,délai de l'essai carottage et essais mécaniques | combien de temps prend l'essai carottage et essais mécaniques ? | quand aurai-je les résultats pour carottage et essais mécaniques | temps de traitement carottage et essais mécaniques,Le délai de cette prestation vous sera communiqué par le laboratoire au moment de la demande.,Le délai de réalisation de l'essai « CAROTTAGE ET ESSAIS MÉCANIQUES » dépend des conditions de la demande. Contactez le laboratoire pour connaître le délai exact applicable à votre échantillon.,Béton et granulats,"carottage, essais, mecaniques, béton, granulat",Moyenne,"carottage_essais_mecaniques_norme, carottage_essais_mecaniques_accreditation"
carottage_essais_mecaniques_accreditation,L'essai « CAROTTAGE ET ESSAIS MÉCANIQUES » est-il accrédité ?,accréditation de l'essai carottage et essais mécaniques | cet essai est-il couvert par l'accréditation ? | portée d'accréditation pour carottage et essais mécaniques | carottage et essais mécaniques accrédité,"Non, l'essai « CAROTTAGE ET ESSAIS MÉCANIQUES » n'est pas accrédité.",L'essai « CAROTTAGE ET ESSAIS MÉCANIQUES » est proposé par le laboratoire mais ne fait pas partie de sa portée d'accréditation actuelle.,Béton et granulats,"carottage, essais, mecaniques, béton, granulat",Moyenne,"carottage_essais_mecaniques_norme, carottage_essais_mecaniques_delai"
essai_compression_beton_norme,Selon quelle norme réalisez-vous l'essai « ESSAI À LA COMPRESSION SUR BETON » ?,norme essai à la compression sur beton | référence normative de l'essai essai à la compression sur beton | quelle norme utilisez-vous pour cet essai ? | essai à la compression sur beton norme applicable,L'essai « ESSAI À LA COMPRESSION SUR BETON » est réalisé selon **NF EN 12390-3**.,Le laboratoire réalise l'essai « ESSAI À LA COMPRESSION SUR BETON » selon **NF EN 12390-3**.,Béton et granulats,"essai, compression, beton, béton, granulat",Haute,"essai_compression_beton_delai, essai_compression_beton_accreditation"
essai_compression_beton_delai,Quel est le délai de réalisation de l'essai « ESSAI À LA COMPRESSION SUR BETON » ?,délai de l'essai essai à la compression sur beton | combien de temps prend l'essai essai à la compression sur beton ? | quand aurai-je les résultats pour essai à la compression sur beton | temps de traitement essai à la compression sur beton,Le délai de réalisation de l'essai « ESSAI À LA COMPRESSION SUR BETON » est de **3 jours**.,Le laboratoire réalise l'essai « ESSAI À LA COMPRESSION SUR BETON » dans un délai de **3 jours** à compter de la réception de l'échantillon.,Béton et granulats,"essai, compression, beton, béton, granulat",Haute,"essai_compression_beton_norme, essai_compression_beton_accreditation"
essai_compression_beton_accreditation,L'essai « ESSAI À LA COMPRESSION SUR BETON » est-il accrédité ?,accréditation de l'essai essai à la compression sur beton | cet essai est-il couvert par l'accréditation ? | portée d'accréditation pour essai à la compression sur beton | essai à la compression sur beton accrédité,"Oui, l'essai « ESSAI À LA COMPRESSION SUR BETON » est accrédité.",Le laboratoire réalise l'essai « ESSAI À LA COMPRESSION SUR BETON » dans le cadre de son accréditation.,Béton et granulats,"essai, compression, beton, béton, granulat",Haute,"essai_compression_beton_norme, essai_compression_beton_delai"
essai_convenance_norme,Selon quelle norme réalisez-vous l'essai « ESSAI DE CONVENANCE (FORMULATION THÉORIQUE D'UN BÉTON) » ?,norme essai de convenance (formulation théorique d'un béton) | référence normative de l'essai essai de convenance (formulation théorique d'un béton) | quelle norme utilisez-vous pour cet essai ? | essai de convenance (formulation théorique d'un béton) norme applicable,Cet essai est réalisé selon notre mode opératoire interne.,Le laboratoire réalise l'essai « ESSAI DE CONVENANCE (FORMULATION THÉORIQUE D'UN BÉTON) » selon son mode opératoire interne. Rapprochez-vous de nous pour plus de détails sur la méthode appliquée.,Béton et granulats,"essai, convenance, béton, granulat",Basse,"essai_convenance_delai, essai_convenance_accreditation"
essai_convenance_delai,Quel est le délai de réalisation de l'essai « ESSAI DE CONVENANCE (FORMULATION THÉORIQUE D'UN BÉTON) » ?,délai de l'essai essai de convenance (formulation théorique d'un béton) | combien de temps prend l'essai essai de convenance (formulation théorique d'un béton) ? | quand aurai-je les résultats pour essai de convenance (formulation théorique d'un béton) | temps de traitement essai de convenance (formulation théorique d'un béton),Le délai de réalisation de l'essai « ESSAI DE CONVENANCE (FORMULATION THÉORIQUE D'UN BÉTON) » est de **35 jours**.,Le laboratoire réalise l'essai « ESSAI DE CONVENANCE (FORMULATION THÉORIQUE D'UN BÉTON) » dans un délai de **35 jours** à compter de la réception de l'échantillon.,Béton et granulats,"essai, convenance, béton, granulat",Basse,"essai_convenance_norme, essai_convenance_accreditation"
essai_convenance_accreditation,L'essai « ESSAI DE CONVENANCE (FORMULATION THÉORIQUE D'UN BÉTON) » est-il accrédité ?,accréditation de l'essai essai de convenance (formulation théorique d'un béton) | cet essai est-il couvert par l'accréditation ? | portée d'accréditation pour essai de convenance (formulation théorique d'un béton) | essai de convenance (formulation théorique d'un béton) accrédité,"Non, l'essai « ESSAI DE CONVENANCE (FORMULATION THÉORIQUE D'UN BÉTON) » n'est pas accrédité.",L'essai « ESSAI DE CONVENANCE (FORMULATION THÉORIQUE D'UN BÉTON) » est proposé par le laboratoire mais ne fait pas partie de sa portée d'accréditation actuelle.,Béton et granulats,"essai, convenance, béton, granulat",Basse,"essai_convenance_norme, essai_convenance_delai"
calcul_drg_norme,Selon quelle norme réalisez-vous l'essai « CALCUL DE LA DRG » ?,norme calcul de la drg | référence normative de l'essai calcul de la drg | quelle norme utilisez-vous pour cet essai ? | calcul de la drg norme applicable,L'essai « CALCUL DE LA DRG » est réalisé selon **Selon mode Operatoire**.,Le laboratoire réalise l'essai « CALCUL DE LA DRG » selon **Selon mode Operatoire**.,Béton et granulats,"calcul, drg, béton, granulat",Moyenne,"calcul_drg_delai, calcul_drg_accreditation"
calcul_drg_delai,Quel est le délai de réalisation de l'essai « CALCUL DE LA DRG » ?,délai de l'essai calcul de la drg | combien de temps prend l'essai calcul de la drg ? | quand aurai-je les résultats pour calcul de la drg | temps de traitement calcul de la drg,Le délai de réalisation de l'essai « CALCUL DE LA DRG » est de **30 jours**.,Le laboratoire réalise l'essai « CALCUL DE LA DRG » dans un délai de **30 jours** à compter de la réception de l'échantillon.,Béton et granulats,"calcul, drg, béton, granulat",Moyenne,"calcul_drg_norme, calcul_drg_accreditation"
calcul_drg_accreditation,L'essai « CALCUL DE LA DRG » est-il accrédité ?,accréditation de l'essai calcul de la drg | cet essai est-il couvert par l'accréditation ? | portée d'accréditation pour calcul de la drg | calcul de la drg accrédité,"Non, l'essai « CALCUL DE LA DRG » n'est pas accrédité.",L'essai « CALCUL DE LA DRG » est proposé par le laboratoire mais ne fait pas partie de sa portée d'accréditation actuelle.,Béton et granulats,"calcul, drg, béton, granulat",Moyenne,"calcul_drg_norme, calcul_drg_delai"
essai_friabilite_sables_norme,Selon quelle norme réalisez-vous l'essai « ESSAI DE FRIABILITÉ DES SABLES » ?,norme essai de friabilité des sables | référence normative de l'essai essai de friabilité des sables | quelle norme utilisez-vous pour cet essai ? | essai de friabilité des sables norme applicable,L'essai « ESSAI DE FRIABILITÉ DES SABLES » est réalisé selon **NF EN 1097-1 Annexe E**.,Le laboratoire réalise l'essai « ESSAI DE FRIABILITÉ DES SABLES » selon **NF EN 1097-1 Annexe E**.,Béton et granulats,"essai, friabilite, sables, béton, granulat",Haute,"essai_friabilite_sables_delai, essai_friabilite_sables_accreditation"
essai_friabilite_sables_delai,Quel est le délai de réalisation de l'essai « ESSAI DE FRIABILITÉ DES SABLES » ?,délai de l'essai essai de friabilité des sables | combien de temps prend l'essai essai de friabilité des sables ? | quand aurai-je les résultats pour essai de friabilité des sables | temps de traitement essai de friabilité des sables,Le délai de réalisation de l'essai « ESSAI DE FRIABILITÉ DES SABLES » est de **5 jours**.,Le laboratoire réalise l'essai « ESSAI DE FRIABILITÉ DES SABLES » dans un délai de **5 jours** à compter de la réception de l'échantillon.,Béton et granulats,"essai, friabilite, sables, béton, granulat",Haute,"essai_friabilite_sables_norme, essai_friabilite_sables_accreditation"
essai_friabilite_sables_accreditation,L'essai « ESSAI DE FRIABILITÉ DES SABLES » est-il accrédité ?,accréditation de l'essai essai de friabilité des sables | cet essai est-il couvert par l'accréditation ? | portée d'accréditation pour essai de friabilité des sables | essai de friabilité des sables accrédité,"Oui, l'essai « ESSAI DE FRIABILITÉ DES SABLES » est accrédité.",Le laboratoire réalise l'essai « ESSAI DE FRIABILITÉ DES SABLES » dans le cadre de son accréditation.,Béton et granulats,"essai, friabilite, sables, béton, granulat",Haute,"essai_friabilite_sables_norme, essai_friabilite_sables_delai"
essai_gel_degel_norme,Selon quelle norme réalisez-vous l'essai « ESSAI DE GEL-DÉGEL » ?,norme essai de gel-dégel | référence normative de l'essai essai de gel-dégel | quelle norme utilisez-vous pour cet essai ? | essai de gel-dégel norme applicable,L'essai « ESSAI DE GEL-DÉGEL » est réalisé selon **NF EN 1367-1**.,Le laboratoire réalise l'essai « ESSAI DE GEL-DÉGEL » selon **NF EN 1367-1**.,Béton et granulats,"essai, gel, degel, béton, granulat",Moyenne,"essai_gel_degel_delai, essai_gel_degel_accreditation"
essai_gel_degel_delai,Quel est le délai de réalisation de l'essai « ESSAI DE GEL-DÉGEL » ?,délai de l'essai essai de gel-dégel | combien de temps prend l'essai essai de gel-dégel ? | quand aurai-je les résultats pour essai de gel-dégel | temps de traitement essai de gel-dégel,Le délai de réalisation de l'essai « ESSAI DE GEL-DÉGEL » est de **33 jours**.,Le laboratoire réalise l'essai « ESSAI DE GEL-DÉGEL » dans un délai de **33 jours** à compter de la réception de l'échantillon.,Béton et granulats,"essai, gel, degel, béton, granulat",Moyenne,"essai_gel_degel_norme, essai_gel_degel_accreditation"
essai_gel_degel_accreditation,L'essai « ESSAI DE GEL-DÉGEL » est-il accrédité ?,accréditation de l'essai essai de gel-dégel | cet essai est-il couvert par l'accréditation ? | portée d'accréditation pour essai de gel-dégel | essai de gel-dégel accrédité,"Non, l'essai « ESSAI DE GEL-DÉGEL » n'est pas accrédité.",L'essai « ESSAI DE GEL-DÉGEL » est proposé par le laboratoire mais ne fait pas partie de sa portée d'accréditation actuelle.,Béton et granulats,"essai, gel, degel, béton, granulat",Moyenne,"essai_gel_degel_norme, essai_gel_degel_delai"
confection_eprouvettes_2_norme,Selon quelle norme réalisez-vous l'essai « CONFECTION DES ÉPROUVETTES » ?,norme confection des éprouvettes | référence normative de l'essai confection des éprouvettes | quelle norme utilisez-vous pour cet essai ? | confection des éprouvettes norme applicable,L'essai « CONFECTION DES ÉPROUVETTES » est réalisé selon **NF EN 12390-2**.,Le laboratoire réalise l'essai « CONFECTION DES ÉPROUVETTES » selon **NF EN 12390-2**.,Béton et granulats,"confection, eprouvettes, béton, granulat",Moyenne,"confection_eprouvettes_2_delai, confection_eprouvettes_2_accreditation"
confection_eprouvettes_2_delai,Quel est le délai de réalisation de l'essai « CONFECTION DES ÉPROUVETTES » ?,délai de l'essai confection des éprouvettes | combien de temps prend l'essai confection des éprouvettes ? | quand aurai-je les résultats pour confection des éprouvettes | temps de traitement confection des éprouvettes,Le délai de réalisation de l'essai « CONFECTION DES ÉPROUVETTES » est de **35 jours**.,Le laboratoire réalise l'essai « CONFECTION DES ÉPROUVETTES » dans un délai de **35 jours** à compter de la réception de l'échantillon.,Béton et granulats,"confection, eprouvettes, béton, granulat",Moyenne,"confection_eprouvettes_2_norme, confection_eprouvettes_2_accreditation"
confection_eprouvettes_2_accreditation,L'essai « CONFECTION DES ÉPROUVETTES » est-il accrédité ?,accréditation de l'essai confection des éprouvettes | cet essai est-il couvert par l'accréditation ? | portée d'accréditation pour confection des éprouvettes | confection des éprouvettes accrédité,"Non, l'essai « CONFECTION DES ÉPROUVETTES » n'est pas accrédité.",L'essai « CONFECTION DES ÉPROUVETTES » est proposé par le laboratoire mais ne fait pas partie de sa portée d'accréditation actuelle.,Béton et granulats,"confection, eprouvettes, béton, granulat",Moyenne,"confection_eprouvettes_2_norme, confection_eprouvettes_2_delai"
essai_deval_norme,Selon quelle norme réalisez-vous l'essai « ESSAI DEVAL » ?,norme essai deval | référence normative de l'essai essai deval | quelle norme utilisez-vous pour cet essai ? | essai deval norme applicable,L'essai « ESSAI DEVAL » est réalisé selon **NA 460**.,Le laboratoire réalise l'essai « ESSAI DEVAL » selon **NA 460**.,Béton et granulats,"essai, deval, béton, granulat",Moyenne,"essai_deval_delai, essai_deval_accreditation"
essai_deval_delai,Quel est le délai de réalisation de l'essai « ESSAI DEVAL » ?,délai de l'essai essai deval | combien de temps prend l'essai essai deval ? | quand aurai-je les résultats pour essai deval | temps de traitement essai deval,Le délai de réalisation de l'essai « ESSAI DEVAL » est de **5 jours**.,Le laboratoire réalise l'essai « ESSAI DEVAL » dans un délai de **5 jours** à compter de la réception de l'échantillon.,Béton et granulats,"essai, deval, béton, granulat",Moyenne,"essai_deval_norme, essai_deval_accreditation"
essai_deval_accreditation,L'essai « ESSAI DEVAL » est-il accrédité ?,accréditation de l'essai essai deval | cet essai est-il couvert par l'accréditation ? | portée d'accréditation pour essai deval | essai deval accrédité,"Non, l'essai « ESSAI DEVAL » n'est pas accrédité.",L'essai « ESSAI DEVAL » est proposé par le laboratoire mais ne fait pas partie de sa portée d'accréditation actuelle.,Béton et granulats,"essai, deval, béton, granulat",Moyenne,"essai_deval_norme, essai_deval_delai"
essai_micro_deval_norme,Selon quelle norme réalisez-vous l'essai « ESSAI MICRO-DEVAL » ?,norme essai micro-deval | référence normative de l'essai essai micro-deval | quelle norme utilisez-vous pour cet essai ? | essai micro-deval norme applicable,L'essai « ESSAI MICRO-DEVAL » est réalisé selon **NF EN 1097-1**.,Le laboratoire réalise l'essai « ESSAI MICRO-DEVAL » selon **NF EN 1097-1**.,Béton et granulats,"essai, micro, deval, béton, granulat",Haute,"essai_micro_deval_delai, essai_micro_deval_accreditation"
essai_micro_deval_delai,Quel est le délai de réalisation de l'essai « ESSAI MICRO-DEVAL » ?,délai de l'essai essai micro-deval | combien de temps prend l'essai essai micro-deval ? | quand aurai-je les résultats pour essai micro-deval | temps de traitement essai micro-deval,Le délai de réalisation de l'essai « ESSAI MICRO-DEVAL » est de **5 jours**.,Le laboratoire réalise l'essai « ESSAI MICRO-DEVAL » dans un délai de **5 jours** à compter de la réception de l'échantillon.,Béton et granulats,"essai, micro, deval, béton, granulat",Haute,"essai_micro_deval_norme, essai_micro_deval_accreditation"
essai_micro_deval_accreditation,L'essai « ESSAI MICRO-DEVAL » est-il accrédité ?,accréditation de l'essai essai micro-deval | cet essai est-il couvert par l'accréditation ? | portée d'accréditation pour essai micro-deval | essai micro-deval accrédité,"Oui, l'essai « ESSAI MICRO-DEVAL » est accrédité.",Le laboratoire réalise l'essai « ESSAI MICRO-DEVAL » dans le cadre de son accréditation.,Béton et granulats,"essai, micro, deval, béton, granulat",Haute,"essai_micro_deval_norme, essai_micro_deval_delai"
determination_indice_forme_norme,Selon quelle norme réalisez-vous l'essai « DÉTERMINATION DE L'INDICE DE FORME » ?,norme détermination de l'indice de forme | référence normative de l'essai détermination de l'indice de forme | quelle norme utilisez-vous pour cet essai ? | détermination de l'indice de forme norme applicable,L'essai « DÉTERMINATION DE L'INDICE DE FORME » est réalisé selon **NF EN 933-4**.,Le laboratoire réalise l'essai « DÉTERMINATION DE L'INDICE DE FORME » selon **NF EN 933-4**.,Béton et granulats,"determination, indice, forme, béton, granulat",Moyenne,"determination_indice_forme_delai, determination_indice_forme_accreditation"
determination_indice_forme_delai,Quel est le délai de réalisation de l'essai « DÉTERMINATION DE L'INDICE DE FORME » ?,délai de l'essai détermination de l'indice de forme | combien de temps prend l'essai détermination de l'indice de forme ? | quand aurai-je les résultats pour détermination de l'indice de forme | temps de traitement détermination de l'indice de forme,Le délai de réalisation de l'essai « DÉTERMINATION DE L'INDICE DE FORME » est de **3 jours**.,Le laboratoire réalise l'essai « DÉTERMINATION DE L'INDICE DE FORME » dans un délai de **3 jours** à compter de la réception de l'échantillon.,Béton et granulats,"determination, indice, forme, béton, granulat",Moyenne,"determination_indice_forme_norme, determination_indice_forme_accreditation"
determination_indice_forme_accreditation,L'essai « DÉTERMINATION DE L'INDICE DE FORME » est-il accrédité ?,accréditation de l'essai détermination de l'indice de forme | cet essai est-il couvert par l'accréditation ? | portée d'accréditation pour détermination de l'indice de forme | détermination de l'indice de forme accrédité,"Non, l'essai « DÉTERMINATION DE L'INDICE DE FORME » n'est pas accrédité.",L'essai « DÉTERMINATION DE L'INDICE DE FORME » est proposé par le laboratoire mais ne fait pas partie de sa portée d'accréditation actuelle.,Béton et granulats,"determination, indice, forme, béton, granulat",Moyenne,"determination_indice_forme_norme, determination_indice_forme_delai"
essai_los_angeles_norme,Selon quelle norme réalisez-vous l'essai « ESSAI LOS ANGELES » ?,norme essai los angeles | référence normative de l'essai essai los angeles | quelle norme utilisez-vous pour cet essai ? | essai los angeles norme applicable,L'essai « ESSAI LOS ANGELES » est réalisé selon **NF EN 1097-2**.,Le laboratoire réalise l'essai « ESSAI LOS ANGELES » selon **NF EN 1097-2**.,Béton et granulats,"essai, los, angeles, béton, granulat",Haute,"essai_los_angeles_delai, essai_los_angeles_accreditation"
essai_los_angeles_delai,Quel est le délai de réalisation de l'essai « ESSAI LOS ANGELES » ?,délai de l'essai essai los angeles | combien de temps prend l'essai essai los angeles ? | quand aurai-je les résultats pour essai los angeles | temps de traitement essai los angeles,Le délai de réalisation de l'essai « ESSAI LOS ANGELES » est de **5 jours**.,Le laboratoire réalise l'essai « ESSAI LOS ANGELES » dans un délai de **5 jours** à compter de la réception de l'échantillon.,Béton et granulats,"essai, los, angeles, béton, granulat",Haute,"essai_los_angeles_norme, essai_los_angeles_accreditation"
essai_los_angeles_accreditation,L'essai « ESSAI LOS ANGELES » est-il accrédité ?,accréditation de l'essai essai los angeles | cet essai est-il couvert par l'accréditation ? | portée d'accréditation pour essai los angeles | essai los angeles accrédité,"Oui, l'essai « ESSAI LOS ANGELES » est accrédité.",Le laboratoire réalise l'essai « ESSAI LOS ANGELES » dans le cadre de son accréditation.,Béton et granulats,"essai, los, angeles, béton, granulat",Haute,"essai_los_angeles_norme, essai_los_angeles_delai"
redaction_rapport_essai_norme,Selon quelle norme réalisez-vous l'essai « RÉDACTION DU RAPPORT D'ESSAI » ?,norme rédaction du rapport d'essai | référence normative de l'essai rédaction du rapport d'essai | quelle norme utilisez-vous pour cet essai ? | rédaction du rapport d'essai norme applicable,Cet essai est réalisé selon notre mode opératoire interne.,Le laboratoire réalise l'essai « RÉDACTION DU RAPPORT D'ESSAI » selon son mode opératoire interne. Rapprochez-vous de nous pour plus de détails sur la méthode appliquée.,Béton et granulats,"essai, redaction, rapport, béton, granulat",Basse,"redaction_rapport_essai_delai, redaction_rapport_essai_accreditation"
redaction_rapport_essai_delai,Quel est le délai de réalisation de l'essai « RÉDACTION DU RAPPORT D'ESSAI » ?,délai de l'essai rédaction du rapport d'essai | combien de temps prend l'essai rédaction du rapport d'essai ? | quand aurai-je les résultats pour rédaction du rapport d'essai | temps de traitement rédaction du rapport d'essai,Le délai de réalisation de l'essai « RÉDACTION DU RAPPORT D'ESSAI » est de **3 jours**.,Le laboratoire réalise l'essai « RÉDACTION DU RAPPORT D'ESSAI » dans un délai de **3 jours** à compter de la réception de l'échantillon.,Béton et granulats,"essai, redaction, rapport, béton, granulat",Basse,"redaction_rapport_essai_norme, redaction_rapport_essai_accreditation"
redaction_rapport_essai_accreditation,L'essai « RÉDACTION DU RAPPORT D'ESSAI » est-il accrédité ?,accréditation de l'essai rédaction du rapport d'essai | cet essai est-il couvert par l'accréditation ? | portée d'accréditation pour rédaction du rapport d'essai | rédaction du rapport d'essai accrédité,"Non, l'essai « RÉDACTION DU RAPPORT D'ESSAI » n'est pas accrédité.",L'essai « RÉDACTION DU RAPPORT D'ESSAI » est proposé par le laboratoire mais ne fait pas partie de sa portée d'accréditation actuelle.,Béton et granulats,"essai, redaction, rapport, béton, granulat",Basse,"redaction_rapport_essai_norme, redaction_rapport_essai_delai"
essai_au_bleu_methylene_norme,Selon quelle norme réalisez-vous l'essai « ESSAI AU BLEU DE MÉTHYLÈNE » ?,norme essai au bleu de méthylène | référence normative de l'essai essai au bleu de méthylène | quelle norme utilisez-vous pour cet essai ? | essai au bleu de méthylène norme applicable,L'essai « ESSAI AU BLEU DE MÉTHYLÈNE » est réalisé selon **NF EN 933-9**.,Le laboratoire réalise l'essai « ESSAI AU BLEU DE MÉTHYLÈNE » selon **NF EN 933-9**.,Béton et granulats,"essai, bleu, methylene, béton, granulat",Haute,"essai_au_bleu_methylene_delai, essai_au_bleu_methylene_accreditation"
essai_au_bleu_methylene_delai,Quel est le délai de réalisation de l'essai « ESSAI AU BLEU DE MÉTHYLÈNE » ?,délai de l'essai essai au bleu de méthylène | combien de temps prend l'essai essai au bleu de méthylène ? | quand aurai-je les résultats pour essai au bleu de méthylène | temps de traitement essai au bleu de méthylène,Le délai de réalisation de l'essai « ESSAI AU BLEU DE MÉTHYLÈNE » est de **5 jours**.,Le laboratoire réalise l'essai « ESSAI AU BLEU DE MÉTHYLÈNE » dans un délai de **5 jours** à compter de la réception de l'échantillon.,Béton et granulats,"essai, bleu, methylene, béton, granulat",Haute,"essai_au_bleu_methylene_norme, essai_au_bleu_methylene_accreditation"
essai_au_bleu_methylene_accreditation,L'essai « ESSAI AU BLEU DE MÉTHYLÈNE » est-il accrédité ?,accréditation de l'essai essai au bleu de méthylène | cet essai est-il couvert par l'accréditation ? | portée d'accréditation pour essai au bleu de méthylène | essai au bleu de méthylène accrédité,"Oui, l'essai « ESSAI AU BLEU DE MÉTHYLÈNE » est accrédité.",Le laboratoire réalise l'essai « ESSAI AU BLEU DE MÉTHYLÈNE » dans le cadre de son accréditation.,Béton et granulats,"essai, bleu, methylene, béton, granulat",Haute,"essai_au_bleu_methylene_norme, essai_au_bleu_methylene_delai"
essai_fendage_beton_norme,Selon quelle norme réalisez-vous l'essai « ESSAI DE FENDAGE SUR BETON » ?,norme essai de fendage sur beton | référence normative de l'essai essai de fendage sur beton | quelle norme utilisez-vous pour cet essai ? | essai de fendage sur beton norme applicable,L'essai « ESSAI DE FENDAGE SUR BETON » est réalisé selon **NF EN 12390-6**.,Le laboratoire réalise l'essai « ESSAI DE FENDAGE SUR BETON » selon **NF EN 12390-6**.,Béton et granulats,"essai, fendage, beton, béton, granulat",Haute,"essai_fendage_beton_delai, essai_fendage_beton_accreditation"
essai_fendage_beton_delai,Quel est le délai de réalisation de l'essai « ESSAI DE FENDAGE SUR BETON » ?,délai de l'essai essai de fendage sur beton | combien de temps prend l'essai essai de fendage sur beton ? | quand aurai-je les résultats pour essai de fendage sur beton | temps de traitement essai de fendage sur beton,Le délai de réalisation de l'essai « ESSAI DE FENDAGE SUR BETON » est de **3 jours**.,Le laboratoire réalise l'essai « ESSAI DE FENDAGE SUR BETON » dans un délai de **3 jours** à compter de la réception de l'échantillon.,Béton et granulats,"essai, fendage, beton, béton, granulat",Haute,"essai_fendage_beton_norme, essai_fendage_beton_accreditation"
essai_fendage_beton_accreditation,L'essai « ESSAI DE FENDAGE SUR BETON » est-il accrédité ?,accréditation de l'essai essai de fendage sur beton | cet essai est-il couvert par l'accréditation ? | portée d'accréditation pour essai de fendage sur beton | essai de fendage sur beton accrédité,"Oui, l'essai « ESSAI DE FENDAGE SUR BETON » est accrédité.",Le laboratoire réalise l'essai « ESSAI DE FENDAGE SUR BETON » dans le cadre de son accréditation.,Béton et granulats,"essai, fendage, beton, béton, granulat",Haute,"essai_fendage_beton_norme, essai_fendage_beton_delai"
essai_flexion_beton_norme,Selon quelle norme réalisez-vous l'essai « ESSAI DE FLEXION SUR BETON » ?,norme essai de flexion sur beton | référence normative de l'essai essai de flexion sur beton | quelle norme utilisez-vous pour cet essai ? | essai de flexion sur beton norme applicable,L'essai « ESSAI DE FLEXION SUR BETON » est réalisé selon **NF EN 12390-5**.,Le laboratoire réalise l'essai « ESSAI DE FLEXION SUR BETON » selon **NF EN 12390-5**.,Béton et granulats,"essai, flexion, beton, béton, granulat",Haute,"essai_flexion_beton_delai, essai_flexion_beton_accreditation"
essai_flexion_beton_delai,Quel est le délai de réalisation de l'essai « ESSAI DE FLEXION SUR BETON » ?,délai de l'essai essai de flexion sur beton | combien de temps prend l'essai essai de flexion sur beton ? | quand aurai-je les résultats pour essai de flexion sur beton | temps de traitement essai de flexion sur beton,Le délai de réalisation de l'essai « ESSAI DE FLEXION SUR BETON » est de **3 jours**.,Le laboratoire réalise l'essai « ESSAI DE FLEXION SUR BETON » dans un délai de **3 jours** à compter de la réception de l'échantillon.,Béton et granulats,"essai, flexion, beton, béton, granulat",Haute,"essai_flexion_beton_norme, essai_flexion_beton_accreditation"
essai_flexion_beton_accreditation,L'essai « ESSAI DE FLEXION SUR BETON » est-il accrédité ?,accréditation de l'essai essai de flexion sur beton | cet essai est-il couvert par l'accréditation ? | portée d'accréditation pour essai de flexion sur beton | essai de flexion sur beton accrédité,"Oui, l'essai « ESSAI DE FLEXION SUR BETON » est accrédité.",Le laboratoire réalise l'essai « ESSAI DE FLEXION SUR BETON » dans le cadre de son accréditation.,Béton et granulats,"essai, flexion, beton, béton, granulat",Haute,"essai_flexion_beton_norme, essai_flexion_beton_delai"
etude_beton_selon_methode_dreux_gorisse_norme,Selon quelle norme réalisez-vous l'essai « ÉTUDE DE BÉTON SELON LA METHODE DE DREUX GORISSE » ?,norme étude de béton selon la methode de dreux gorisse | référence normative de l'essai étude de béton selon la methode de dreux gorisse | quelle norme utilisez-vous pour cet essai ? | étude de béton selon la methode de dreux gorisse norme applicable,L'essai « ÉTUDE DE BÉTON SELON LA METHODE DE DREUX GORISSE » est réalisé selon **Methode DREUX GORISSE**.,Le laboratoire réalise l'essai « ÉTUDE DE BÉTON SELON LA METHODE DE DREUX GORISSE » selon **Methode DREUX GORISSE**.,Béton et granulats,"etude, beton, selon, methode, dreux, gorisse, béton, granulat",Moyenne,"etude_beton_selon_methode_dreux_gorisse_delai, etude_beton_selon_methode_dreux_gorisse_accreditation"
etude_beton_selon_methode_dreux_gorisse_delai,Quel est le délai de réalisation de l'essai « ÉTUDE DE BÉTON SELON LA METHODE DE DREUX GORISSE » ?,délai de l'essai étude de béton selon la methode de dreux gorisse | combien de temps prend l'essai étude de béton selon la methode de dreux gorisse ? | quand aurai-je les résultats pour étude de béton selon la methode de dreux gorisse | temps de traitement étude de béton selon la methode de dreux gorisse,Le délai de réalisation de l'essai « ÉTUDE DE BÉTON SELON LA METHODE DE DREUX GORISSE » est de **65 jours**.,Le laboratoire réalise l'essai « ÉTUDE DE BÉTON SELON LA METHODE DE DREUX GORISSE » dans un délai de **65 jours** à compter de la réception de l'échantillon.,Béton et granulats,"etude, beton, selon, methode, dreux, gorisse, béton, granulat",Moyenne,"etude_beton_selon_methode_dreux_gorisse_norme, etude_beton_selon_methode_dreux_gorisse_accreditation"
etude_beton_selon_methode_dreux_gorisse_accreditation,L'essai « ÉTUDE DE BÉTON SELON LA METHODE DE DREUX GORISSE » est-il accrédité ?,accréditation de l'essai étude de béton selon la methode de dreux gorisse | cet essai est-il couvert par l'accréditation ? | portée d'accréditation pour étude de béton selon la methode de dreux gorisse | étude de béton selon la methode de dreux gorisse accrédité,"Non, l'essai « ÉTUDE DE BÉTON SELON LA METHODE DE DREUX GORISSE » n'est pas accrédité.",L'essai « ÉTUDE DE BÉTON SELON LA METHODE DE DREUX GORISSE » est proposé par le laboratoire mais ne fait pas partie de sa portée d'accréditation actuelle.,Béton et granulats,"etude, beton, selon, methode, dreux, gorisse, béton, granulat",Moyenne,"etude_beton_selon_methode_dreux_gorisse_norme, etude_beton_selon_methode_dreux_gorisse_delai"
mesure_durete_surface_par_rebondissement_aide_norme,Selon quelle norme réalisez-vous l'essai « MESURE DE LA DURETÉ DE SURFACE PAR REBONDISSEMENT À L'AIDE D'UN SCLÉROMÈTRE SUR BETON » ?,norme mesure de la dureté de surface par rebondissement à l'aide d'un scléromètre sur beton | référence normative de l'essai mesure de la dureté de surface par rebondissement à l'aide d'un scléromètre sur beton | quelle norme utilisez-vous pour cet essai ? | mesure de la dureté de surface par rebondissement à l'aide d'un scléromètre sur beton norme applicable,L'essai « MESURE DE LA DURETÉ DE SURFACE PAR REBONDISSEMENT À L'AIDE D'UN SCLÉROMÈTRE SUR BETON » est réalisé selon **NF EN 12504-4**.,Le laboratoire réalise l'essai « MESURE DE LA DURETÉ DE SURFACE PAR REBONDISSEMENT À L'AIDE D'UN SCLÉROMÈTRE SUR BETON » selon **NF EN 12504-4**.,Béton et granulats,"mesure, durete, surface, rebondissement, aide, sclerometre, béton, granulat",Moyenne,"mesure_durete_surface_par_rebondissement_aide_delai, mesure_durete_surface_par_rebondissement_aide_accreditation"
mesure_durete_surface_par_rebondissement_aide_delai,Quel est le délai de réalisation de l'essai « MESURE DE LA DURETÉ DE SURFACE PAR REBONDISSEMENT À L'AIDE D'UN SCLÉROMÈTRE SUR BETON » ?,délai de l'essai mesure de la dureté de surface par rebondissement à l'aide d'un scléromètre sur beton | combien de temps prend l'essai mesure de la dureté de surface par rebondissement à l'aide d'un scléromètre sur beton ? | quand aurai-je les résultats pour mesure de la dureté de surface par rebondissement à l'aide d'un scléromètre sur beton | temps de traitement mesure de la dureté de surface par rebondissement à l'aide d'un scléromètre sur beton,Le délai de réalisation de l'essai « MESURE DE LA DURETÉ DE SURFACE PAR REBONDISSEMENT À L'AIDE D'UN SCLÉROMÈTRE SUR BETON » est de **5 jours**.,Le laboratoire réalise l'essai « MESURE DE LA DURETÉ DE SURFACE PAR REBONDISSEMENT À L'AIDE D'UN SCLÉROMÈTRE SUR BETON » dans un délai de **5 jours** à compter de la réception de l'échantillon.,Béton et granulats,"mesure, durete, surface, rebondissement, aide, sclerometre, béton, granulat",Moyenne,"mesure_durete_surface_par_rebondissement_aide_norme, mesure_durete_surface_par_rebondissement_aide_accreditation"
mesure_durete_surface_par_rebondissement_aide_accreditation,L'essai « MESURE DE LA DURETÉ DE SURFACE PAR REBONDISSEMENT À L'AIDE D'UN SCLÉROMÈTRE SUR BETON » est-il accrédité ?,accréditation de l'essai mesure de la dureté de surface par rebondissement à l'aide d'un scléromètre sur beton | cet essai est-il couvert par l'accréditation ? | portée d'accréditation pour mesure de la dureté de surface par rebondissement à l'aide d'un scléromètre sur beton | mesure de la dureté de surface par rebondissement à l'aide d'un scléromètre sur beton accrédité,"Non, l'essai « MESURE DE LA DURETÉ DE SURFACE PAR REBONDISSEMENT À L'AIDE D'UN SCLÉROMÈTRE SUR BETON » n'est pas accrédité.",L'essai « MESURE DE LA DURETÉ DE SURFACE PAR REBONDISSEMENT À L'AIDE D'UN SCLÉROMÈTRE SUR BETON » est proposé par le laboratoire mais ne fait pas partie de sa portée d'accréditation actuelle.,Béton et granulats,"mesure, durete, surface, rebondissement, aide, sclerometre, béton, granulat",Moyenne,"mesure_durete_surface_par_rebondissement_aide_norme, mesure_durete_surface_par_rebondissement_aide_delai"
mesure_coefficient_absorption_masse_volumique_reelle_norme,"Selon quelle norme réalisez-vous l'essai « MESURE DU COEFFICIENT D'ABSORPTION, MASSE VOLUMIQUE RÉELLE ET TENEUR EN EAU DES ROCHES » ?","norme mesure du coefficient d'absorption, masse volumique réelle et teneur en eau des roches | référence normative de l'essai mesure du coefficient d'absorption, masse volumique réelle et teneur en eau des roches | quelle norme utilisez-vous pour cet essai ? | mesure du coefficient d'absorption, masse volumique réelle et teneur en eau des roches norme applicable","L'essai « MESURE DU COEFFICIENT D'ABSORPTION, MASSE VOLUMIQUE RÉELLE ET TENEUR EN EAU DES ROCHES » est réalisé selon **EN 1097-6**.","Le laboratoire réalise l'essai « MESURE DU COEFFICIENT D'ABSORPTION, MASSE VOLUMIQUE RÉELLE ET TENEUR EN EAU DES ROCHES » selon **EN 1097-6**.",Béton et granulats,"mesure, coefficient, absorption, masse, volumique, reelle, béton, granulat",Moyenne,"mesure_coefficient_absorption_masse_volumique_reelle_delai, mesure_coefficient_absorption_masse_volumique_reelle_accreditation"
mesure_coefficient_absorption_masse_volumique_reelle_delai,"Quel est le délai de réalisation de l'essai « MESURE DU COEFFICIENT D'ABSORPTION, MASSE VOLUMIQUE RÉELLE ET TENEUR EN EAU DES ROCHES » ?","délai de l'essai mesure du coefficient d'absorption, masse volumique réelle et teneur en eau des roches | combien de temps prend l'essai mesure du coefficient d'absorption, masse volumique réelle et teneur en eau des roches ? | quand aurai-je les résultats pour mesure du coefficient d'absorption, masse volumique réelle et teneur en eau des roches | temps de traitement mesure du coefficient d'absorption, masse volumique réelle et teneur en eau des roches","Le délai de réalisation de l'essai « MESURE DU COEFFICIENT D'ABSORPTION, MASSE VOLUMIQUE RÉELLE ET TENEUR EN EAU DES ROCHES » est de **5 jours**.","Le laboratoire réalise l'essai « MESURE DU COEFFICIENT D'ABSORPTION, MASSE VOLUMIQUE RÉELLE ET TENEUR EN EAU DES ROCHES » dans un délai de **5 jours** à compter de la réception de l'échantillon.",Béton et granulats,"mesure, coefficient, absorption, masse, volumique, reelle, béton, granulat",Moyenne,"mesure_coefficient_absorption_masse_volumique_reelle_norme, mesure_coefficient_absorption_masse_volumique_reelle_accreditation"
mesure_coefficient_absorption_masse_volumique_reelle_accreditation,"L'essai « MESURE DU COEFFICIENT D'ABSORPTION, MASSE VOLUMIQUE RÉELLE ET TENEUR EN EAU DES ROCHES » est-il accrédité ?","accréditation de l'essai mesure du coefficient d'absorption, masse volumique réelle et teneur en eau des roches | cet essai est-il couvert par l'accréditation ? | portée d'accréditation pour mesure du coefficient d'absorption, masse volumique réelle et teneur en eau des roches | mesure du coefficient d'absorption, masse volumique réelle et teneur en eau des roches accrédité","Non, l'essai « MESURE DU COEFFICIENT D'ABSORPTION, MASSE VOLUMIQUE RÉELLE ET TENEUR EN EAU DES ROCHES » n'est pas accrédité.","L'essai « MESURE DU COEFFICIENT D'ABSORPTION, MASSE VOLUMIQUE RÉELLE ET TENEUR EN EAU DES ROCHES » est proposé par le laboratoire mais ne fait pas partie de sa portée d'accréditation actuelle.",Béton et granulats,"mesure, coefficient, absorption, masse, volumique, reelle, béton, granulat",Moyenne,"mesure_coefficient_absorption_masse_volumique_reelle_norme, mesure_coefficient_absorption_masse_volumique_reelle_delai"
mesure_coefficient_absorption_masse_volumique_reelle_2_norme,"Selon quelle norme réalisez-vous l'essai « MESURE DU COEFFICIENT D'ABSORPTION, MASSE VOLUMIQUE RÉELLE ET ABSOLUE ET TENEUR EN EAU DES GRANULATS » ?","norme mesure du coefficient d'absorption, masse volumique réelle et absolue et teneur en eau des granulats | référence normative de l'essai mesure du coefficient d'absorption, masse volumique réelle et absolue et teneur en eau des granulats | quelle norme utilisez-vous pour cet essai ? | mesure du coefficient d'absorption, masse volumique réelle et absolue et teneur en eau des granulats norme applicable","L'essai « MESURE DU COEFFICIENT D'ABSORPTION, MASSE VOLUMIQUE RÉELLE ET ABSOLUE ET TENEUR EN EAU DES GRANULATS » est réalisé selon **EN 1097-6**.","Le laboratoire réalise l'essai « MESURE DU COEFFICIENT D'ABSORPTION, MASSE VOLUMIQUE RÉELLE ET ABSOLUE ET TENEUR EN EAU DES GRANULATS » selon **EN 1097-6**.",Béton et granulats,"mesure, coefficient, absorption, masse, volumique, reelle, béton, granulat",Moyenne,"mesure_coefficient_absorption_masse_volumique_reelle_2_delai, mesure_coefficient_absorption_masse_volumique_reelle_2_accreditation"
mesure_coefficient_absorption_masse_volumique_reelle_2_delai,"Quel est le délai de réalisation de l'essai « MESURE DU COEFFICIENT D'ABSORPTION, MASSE VOLUMIQUE RÉELLE ET ABSOLUE ET TENEUR EN EAU DES GRANULATS » ?","délai de l'essai mesure du coefficient d'absorption, masse volumique réelle et absolue et teneur en eau des granulats | combien de temps prend l'essai mesure du coefficient d'absorption, masse volumique réelle et absolue et teneur en eau des granulats ? | quand aurai-je les résultats pour mesure du coefficient d'absorption, masse volumique réelle et absolue et teneur en eau des granulats | temps de traitement mesure du coefficient d'absorption, masse volumique réelle et absolue et teneur en eau des granulats","Le délai de réalisation de l'essai « MESURE DU COEFFICIENT D'ABSORPTION, MASSE VOLUMIQUE RÉELLE ET ABSOLUE ET TENEUR EN EAU DES GRANULATS » est de **5 jours**.","Le laboratoire réalise l'essai « MESURE DU COEFFICIENT D'ABSORPTION, MASSE VOLUMIQUE RÉELLE ET ABSOLUE ET TENEUR EN EAU DES GRANULATS » dans un délai de **5 jours** à compter de la réception de l'échantillon.",Béton et granulats,"mesure, coefficient, absorption, masse, volumique, reelle, béton, granulat",Moyenne,"mesure_coefficient_absorption_masse_volumique_reelle_2_norme, mesure_coefficient_absorption_masse_volumique_reelle_2_accreditation"
mesure_coefficient_absorption_masse_volumique_reelle_2_accreditation,"L'essai « MESURE DU COEFFICIENT D'ABSORPTION, MASSE VOLUMIQUE RÉELLE ET ABSOLUE ET TENEUR EN EAU DES GRANULATS » est-il accrédité ?","accréditation de l'essai mesure du coefficient d'absorption, masse volumique réelle et absolue et teneur en eau des granulats | cet essai est-il couvert par l'accréditation ? | portée d'accréditation pour mesure du coefficient d'absorption, masse volumique réelle et absolue et teneur en eau des granulats | mesure du coefficient d'absorption, masse volumique réelle et absolue et teneur en eau des granulats accrédité","Non, l'essai « MESURE DU COEFFICIENT D'ABSORPTION, MASSE VOLUMIQUE RÉELLE ET ABSOLUE ET TENEUR EN EAU DES GRANULATS » n'est pas accrédité.","L'essai « MESURE DU COEFFICIENT D'ABSORPTION, MASSE VOLUMIQUE RÉELLE ET ABSOLUE ET TENEUR EN EAU DES GRANULATS » est proposé par le laboratoire mais ne fait pas partie de sa portée d'accréditation actuelle.",Béton et granulats,"mesure, coefficient, absorption, masse, volumique, reelle, béton, granulat",Moyenne,"mesure_coefficient_absorption_masse_volumique_reelle_2_norme, mesure_coefficient_absorption_masse_volumique_reelle_2_delai"
mesure_pourcentage_air_occlus_beton_norme,Selon quelle norme réalisez-vous l'essai « MESURE DU POURCENTAGE D'AIR OCCLUS DU BETON » ?,norme mesure du pourcentage d'air occlus du beton | référence normative de l'essai mesure du pourcentage d'air occlus du beton | quelle norme utilisez-vous pour cet essai ? | mesure du pourcentage d'air occlus du beton norme applicable,L'essai « MESURE DU POURCENTAGE D'AIR OCCLUS DU BETON » est réalisé selon **NF EN 1350-7**.,Le laboratoire réalise l'essai « MESURE DU POURCENTAGE D'AIR OCCLUS DU BETON » selon **NF EN 1350-7**.,Béton et granulats,"mesure, pourcentage, air, occlus, beton, béton, granulat",Moyenne,"mesure_pourcentage_air_occlus_beton_delai, mesure_pourcentage_air_occlus_beton_accreditation"
mesure_pourcentage_air_occlus_beton_delai,Quel est le délai de réalisation de l'essai « MESURE DU POURCENTAGE D'AIR OCCLUS DU BETON » ?,délai de l'essai mesure du pourcentage d'air occlus du beton | combien de temps prend l'essai mesure du pourcentage d'air occlus du beton ? | quand aurai-je les résultats pour mesure du pourcentage d'air occlus du beton | temps de traitement mesure du pourcentage d'air occlus du beton,Le délai de réalisation de l'essai « MESURE DU POURCENTAGE D'AIR OCCLUS DU BETON » est de **3 jours**.,Le laboratoire réalise l'essai « MESURE DU POURCENTAGE D'AIR OCCLUS DU BETON » dans un délai de **3 jours** à compter de la réception de l'échantillon.,Béton et granulats,"mesure, pourcentage, air, occlus, beton, béton, granulat",Moyenne,"mesure_pourcentage_air_occlus_beton_norme, mesure_pourcentage_air_occlus_beton_accreditation"
mesure_pourcentage_air_occlus_beton_accreditation,L'essai « MESURE DU POURCENTAGE D'AIR OCCLUS DU BETON » est-il accrédité ?,accréditation de l'essai mesure du pourcentage d'air occlus du beton | cet essai est-il couvert par l'accréditation ? | portée d'accréditation pour mesure du pourcentage d'air occlus du beton | mesure du pourcentage d'air occlus du beton accrédité,"Non, l'essai « MESURE DU POURCENTAGE D'AIR OCCLUS DU BETON » n'est pas accrédité.",L'essai « MESURE DU POURCENTAGE D'AIR OCCLUS DU BETON » est proposé par le laboratoire mais ne fait pas partie de sa portée d'accréditation actuelle.,Béton et granulats,"mesure, pourcentage, air, occlus, beton, béton, granulat",Moyenne,"mesure_pourcentage_air_occlus_beton_norme, mesure_pourcentage_air_occlus_beton_delai"
essai_physico_mecanique_complet_gravillon_norme,Selon quelle norme réalisez-vous l'essai « ESSAI PHYSICO-MÉCANIQUE COMPLET (EPMC) SUR GRAVILLON » ?,norme essai physico-mécanique complet (epmc) sur gravillon | référence normative de l'essai essai physico-mécanique complet (epmc) sur gravillon | quelle norme utilisez-vous pour cet essai ? | essai physico-mécanique complet (epmc) sur gravillon norme applicable,L'essai « ESSAI PHYSICO-MÉCANIQUE COMPLET (EPMC) SUR GRAVILLON » est réalisé selon **NF EN 12504-1 et NF EN 1926**.,Le laboratoire réalise l'essai « ESSAI PHYSICO-MÉCANIQUE COMPLET (EPMC) SUR GRAVILLON » selon **NF EN 12504-1 et NF EN 1926**.,Béton et granulats,"essai, physico, mecanique, complet, gravillon, béton, granulat",Moyenne,"essai_physico_mecanique_complet_gravillon_delai, essai_physico_mecanique_complet_gravillon_accreditation"
essai_physico_mecanique_complet_gravillon_delai,Quel est le délai de réalisation de l'essai « ESSAI PHYSICO-MÉCANIQUE COMPLET (EPMC) SUR GRAVILLON » ?,délai de l'essai essai physico-mécanique complet (epmc) sur gravillon | combien de temps prend l'essai essai physico-mécanique complet (epmc) sur gravillon ? | quand aurai-je les résultats pour essai physico-mécanique complet (epmc) sur gravillon | temps de traitement essai physico-mécanique complet (epmc) sur gravillon,Le délai de réalisation de l'essai « ESSAI PHYSICO-MÉCANIQUE COMPLET (EPMC) SUR GRAVILLON » est de **15 jours**.,Le laboratoire réalise l'essai « ESSAI PHYSICO-MÉCANIQUE COMPLET (EPMC) SUR GRAVILLON » dans un délai de **15 jours** à compter de la réception de l'échantillon.,Béton et granulats,"essai, physico, mecanique, complet, gravillon, béton, granulat",Moyenne,"essai_physico_mecanique_complet_gravillon_norme, essai_physico_mecanique_complet_gravillon_accreditation"
essai_physico_mecanique_complet_gravillon_accreditation,L'essai « ESSAI PHYSICO-MÉCANIQUE COMPLET (EPMC) SUR GRAVILLON » est-il accrédité ?,accréditation de l'essai essai physico-mécanique complet (epmc) sur gravillon | cet essai est-il couvert par l'accréditation ? | portée d'accréditation pour essai physico-mécanique complet (epmc) sur gravillon | essai physico-mécanique complet (epmc) sur gravillon accrédité,"Non, l'essai « ESSAI PHYSICO-MÉCANIQUE COMPLET (EPMC) SUR GRAVILLON » n'est pas accrédité.",L'essai « ESSAI PHYSICO-MÉCANIQUE COMPLET (EPMC) SUR GRAVILLON » est proposé par le laboratoire mais ne fait pas partie de sa portée d'accréditation actuelle.,Béton et granulats,"essai, physico, mecanique, complet, gravillon, béton, granulat",Moyenne,"essai_physico_mecanique_complet_gravillon_norme, essai_physico_mecanique_complet_gravillon_delai"
detrmination_resistance_desagregation_norme,Selon quelle norme réalisez-vous l'essai « DETRMINATION DE LA RÉSISTANCE À LA DÉSAGRÉGATION (ALTÉRABILITÉ) » ?,norme detrmination de la résistance à la désagrégation (altérabilité) | référence normative de l'essai detrmination de la résistance à la désagrégation (altérabilité) | quelle norme utilisez-vous pour cet essai ? | detrmination de la résistance à la désagrégation (altérabilité) norme applicable,L'essai « DETRMINATION DE LA RÉSISTANCE À LA DÉSAGRÉGATION (ALTÉRABILITÉ) » est réalisé selon **NF EN 1367-2**.,Le laboratoire réalise l'essai « DETRMINATION DE LA RÉSISTANCE À LA DÉSAGRÉGATION (ALTÉRABILITÉ) » selon **NF EN 1367-2**.,Béton et granulats,"detrmination, resistance, desagregation, béton, granulat",Moyenne,"detrmination_resistance_desagregation_delai, detrmination_resistance_desagregation_accreditation"
detrmination_resistance_desagregation_delai,Quel est le délai de réalisation de l'essai « DETRMINATION DE LA RÉSISTANCE À LA DÉSAGRÉGATION (ALTÉRABILITÉ) » ?,délai de l'essai detrmination de la résistance à la désagrégation (altérabilité) | combien de temps prend l'essai detrmination de la résistance à la désagrégation (altérabilité) ? | quand aurai-je les résultats pour detrmination de la résistance à la désagrégation (altérabilité) | temps de traitement detrmination de la résistance à la désagrégation (altérabilité),Le délai de réalisation de l'essai « DETRMINATION DE LA RÉSISTANCE À LA DÉSAGRÉGATION (ALTÉRABILITÉ) » est de **33 jours**.,Le laboratoire réalise l'essai « DETRMINATION DE LA RÉSISTANCE À LA DÉSAGRÉGATION (ALTÉRABILITÉ) » dans un délai de **33 jours** à compter de la réception de l'échantillon.,Béton et granulats,"detrmination, resistance, desagregation, béton, granulat",Moyenne,"detrmination_resistance_desagregation_norme, detrmination_resistance_desagregation_accreditation"
detrmination_resistance_desagregation_accreditation,L'essai « DETRMINATION DE LA RÉSISTANCE À LA DÉSAGRÉGATION (ALTÉRABILITÉ) » est-il accrédité ?,accréditation de l'essai detrmination de la résistance à la désagrégation (altérabilité) | cet essai est-il couvert par l'accréditation ? | portée d'accréditation pour detrmination de la résistance à la désagrégation (altérabilité) | detrmination de la résistance à la désagrégation (altérabilité) accrédité,"Non, l'essai « DETRMINATION DE LA RÉSISTANCE À LA DÉSAGRÉGATION (ALTÉRABILITÉ) » n'est pas accrédité.",L'essai « DETRMINATION DE LA RÉSISTANCE À LA DÉSAGRÉGATION (ALTÉRABILITÉ) » est proposé par le laboratoire mais ne fait pas partie de sa portée d'accréditation actuelle.,Béton et granulats,"detrmination, resistance, desagregation, béton, granulat",Moyenne,"detrmination_resistance_desagregation_norme, detrmination_resistance_desagregation_delai"
essais_au_bleu_methylene_calcaire_ajout_norme,Selon quelle norme réalisez-vous l'essai « ESSAIS AU BLEU DE MÉTHYLÈNE SUR CALCAIRE AJOUT (CIMENT) » ?,norme essais au bleu de méthylène sur calcaire ajout (ciment) | référence normative de l'essai essais au bleu de méthylène sur calcaire ajout (ciment) | quelle norme utilisez-vous pour cet essai ? | essais au bleu de méthylène sur calcaire ajout (ciment) norme applicable,L'essai « ESSAIS AU BLEU DE MÉTHYLÈNE SUR CALCAIRE AJOUT (CIMENT) » est réalisé selon **NF EN 933-9**.,Le laboratoire réalise l'essai « ESSAIS AU BLEU DE MÉTHYLÈNE SUR CALCAIRE AJOUT (CIMENT) » selon **NF EN 933-9**.,Béton et granulats,"essais, bleu, methylene, calcaire, ajout, béton, granulat",Moyenne,"essais_au_bleu_methylene_calcaire_ajout_delai, essais_au_bleu_methylene_calcaire_ajout_accreditation"
essais_au_bleu_methylene_calcaire_ajout_delai,Quel est le délai de réalisation de l'essai « ESSAIS AU BLEU DE MÉTHYLÈNE SUR CALCAIRE AJOUT (CIMENT) » ?,délai de l'essai essais au bleu de méthylène sur calcaire ajout (ciment) | combien de temps prend l'essai essais au bleu de méthylène sur calcaire ajout (ciment) ? | quand aurai-je les résultats pour essais au bleu de méthylène sur calcaire ajout (ciment) | temps de traitement essais au bleu de méthylène sur calcaire ajout (ciment),Le délai de réalisation de l'essai « ESSAIS AU BLEU DE MÉTHYLÈNE SUR CALCAIRE AJOUT (CIMENT) » est de **15 jours**.,Le laboratoire réalise l'essai « ESSAIS AU BLEU DE MÉTHYLÈNE SUR CALCAIRE AJOUT (CIMENT) » dans un délai de **15 jours** à compter de la réception de l'échantillon.,Béton et granulats,"essais, bleu, methylene, calcaire, ajout, béton, granulat",Moyenne,"essais_au_bleu_methylene_calcaire_ajout_norme, essais_au_bleu_methylene_calcaire_ajout_accreditation"
essais_au_bleu_methylene_calcaire_ajout_accreditation,L'essai « ESSAIS AU BLEU DE MÉTHYLÈNE SUR CALCAIRE AJOUT (CIMENT) » est-il accrédité ?,accréditation de l'essai essais au bleu de méthylène sur calcaire ajout (ciment) | cet essai est-il couvert par l'accréditation ? | portée d'accréditation pour essais au bleu de méthylène sur calcaire ajout (ciment) | essais au bleu de méthylène sur calcaire ajout (ciment) accrédité,"Non, l'essai « ESSAIS AU BLEU DE MÉTHYLÈNE SUR CALCAIRE AJOUT (CIMENT) » n'est pas accrédité.",L'essai « ESSAIS AU BLEU DE MÉTHYLÈNE SUR CALCAIRE AJOUT (CIMENT) » est proposé par le laboratoire mais ne fait pas partie de sa portée d'accréditation actuelle.,Béton et granulats,"essais, bleu, methylene, calcaire, ajout, béton, granulat",Moyenne,"essais_au_bleu_methylene_calcaire_ajout_norme, essais_au_bleu_methylene_calcaire_ajout_delai"
determination_coefficient_aplatissement_norme,Selon quelle norme réalisez-vous l'essai « DÉTERMINATION DU COEFFICIENT D'APLATISSEMENT » ?,norme détermination du coefficient d'aplatissement | référence normative de l'essai détermination du coefficient d'aplatissement | quelle norme utilisez-vous pour cet essai ? | détermination du coefficient d'aplatissement norme applicable,L'essai « DÉTERMINATION DU COEFFICIENT D'APLATISSEMENT » est réalisé selon **NF EN 933-3**.,Le laboratoire réalise l'essai « DÉTERMINATION DU COEFFICIENT D'APLATISSEMENT » selon **NF EN 933-3**.,Béton et granulats,"determination, coefficient, aplatissement, béton, granulat",Moyenne,"determination_coefficient_aplatissement_delai, determination_coefficient_aplatissement_accreditation"
determination_coefficient_aplatissement_delai,Quel est le délai de réalisation de l'essai « DÉTERMINATION DU COEFFICIENT D'APLATISSEMENT » ?,délai de l'essai détermination du coefficient d'aplatissement | combien de temps prend l'essai détermination du coefficient d'aplatissement ? | quand aurai-je les résultats pour détermination du coefficient d'aplatissement | temps de traitement détermination du coefficient d'aplatissement,Le délai de réalisation de l'essai « DÉTERMINATION DU COEFFICIENT D'APLATISSEMENT » est de **3 jours**.,Le laboratoire réalise l'essai « DÉTERMINATION DU COEFFICIENT D'APLATISSEMENT » dans un délai de **3 jours** à compter de la réception de l'échantillon.,Béton et granulats,"determination, coefficient, aplatissement, béton, granulat",Moyenne,"determination_coefficient_aplatissement_norme, determination_coefficient_aplatissement_accreditation"
determination_coefficient_aplatissement_accreditation,L'essai « DÉTERMINATION DU COEFFICIENT D'APLATISSEMENT » est-il accrédité ?,accréditation de l'essai détermination du coefficient d'aplatissement | cet essai est-il couvert par l'accréditation ? | portée d'accréditation pour détermination du coefficient d'aplatissement | détermination du coefficient d'aplatissement accrédité,"Non, l'essai « DÉTERMINATION DU COEFFICIENT D'APLATISSEMENT » n'est pas accrédité.",L'essai « DÉTERMINATION DU COEFFICIENT D'APLATISSEMENT » est proposé par le laboratoire mais ne fait pas partie de sa portée d'accréditation actuelle.,Béton et granulats,"determination, coefficient, aplatissement, béton, granulat",Moyenne,"determination_coefficient_aplatissement_norme, determination_coefficient_aplatissement_delai"
profondeur_penetration_eau_sous_pression_beton_norme,Selon quelle norme réalisez-vous l'essai « PROFONDEUR DE PÉNÉTRATION D'EAU SOUS PRESSION (PERMÉABILITÉ) SUR BETON » ?,norme profondeur de pénétration d'eau sous pression (perméabilité) sur beton | référence normative de l'essai profondeur de pénétration d'eau sous pression (perméabilité) sur beton | quelle norme utilisez-vous pour cet essai ? | profondeur de pénétration d'eau sous pression (perméabilité) sur beton norme applicable,L'essai « PROFONDEUR DE PÉNÉTRATION D'EAU SOUS PRESSION (PERMÉABILITÉ) SUR BETON » est réalisé selon **NF EN 12390-8**.,Le laboratoire réalise l'essai « PROFONDEUR DE PÉNÉTRATION D'EAU SOUS PRESSION (PERMÉABILITÉ) SUR BETON » selon **NF EN 12390-8**.,Béton et granulats,"profondeur, penetration, eau, sous, pression, beton, béton, granulat",Moyenne,"profondeur_penetration_eau_sous_pression_beton_delai, profondeur_penetration_eau_sous_pression_beton_accreditation"
profondeur_penetration_eau_sous_pression_beton_delai,Quel est le délai de réalisation de l'essai « PROFONDEUR DE PÉNÉTRATION D'EAU SOUS PRESSION (PERMÉABILITÉ) SUR BETON » ?,délai de l'essai profondeur de pénétration d'eau sous pression (perméabilité) sur beton | combien de temps prend l'essai profondeur de pénétration d'eau sous pression (perméabilité) sur beton ? | quand aurai-je les résultats pour profondeur de pénétration d'eau sous pression (perméabilité) sur beton | temps de traitement profondeur de pénétration d'eau sous pression (perméabilité) sur beton,Le délai de réalisation de l'essai « PROFONDEUR DE PÉNÉTRATION D'EAU SOUS PRESSION (PERMÉABILITÉ) SUR BETON » est de **40 jours**.,Le laboratoire réalise l'essai « PROFONDEUR DE PÉNÉTRATION D'EAU SOUS PRESSION (PERMÉABILITÉ) SUR BETON » dans un délai de **40 jours** à compter de la réception de l'échantillon.,Béton et granulats,"profondeur, penetration, eau, sous, pression, beton, béton, granulat",Moyenne,"profondeur_penetration_eau_sous_pression_beton_norme, profondeur_penetration_eau_sous_pression_beton_accreditation"
profondeur_penetration_eau_sous_pression_beton_accreditation,L'essai « PROFONDEUR DE PÉNÉTRATION D'EAU SOUS PRESSION (PERMÉABILITÉ) SUR BETON » est-il accrédité ?,accréditation de l'essai profondeur de pénétration d'eau sous pression (perméabilité) sur beton | cet essai est-il couvert par l'accréditation ? | portée d'accréditation pour profondeur de pénétration d'eau sous pression (perméabilité) sur beton | profondeur de pénétration d'eau sous pression (perméabilité) sur beton accrédité,"Non, l'essai « PROFONDEUR DE PÉNÉTRATION D'EAU SOUS PRESSION (PERMÉABILITÉ) SUR BETON » n'est pas accrédité.",L'essai « PROFONDEUR DE PÉNÉTRATION D'EAU SOUS PRESSION (PERMÉABILITÉ) SUR BETON » est proposé par le laboratoire mais ne fait pas partie de sa portée d'accréditation actuelle.,Béton et granulats,"profondeur, penetration, eau, sous, pression, beton, béton, granulat",Moyenne,"profondeur_penetration_eau_sous_pression_beton_norme, profondeur_penetration_eau_sous_pression_beton_delai"
coefficient_ecoulement_sables_norme,Selon quelle norme réalisez-vous l'essai « COEFFICIENT D'ÉCOULEMENT DES SABLES » ?,norme coefficient d'écoulement des sables | référence normative de l'essai coefficient d'écoulement des sables | quelle norme utilisez-vous pour cet essai ? | coefficient d'écoulement des sables norme applicable,L'essai « COEFFICIENT D'ÉCOULEMENT DES SABLES » est réalisé selon **NF EN 933-6**.,Le laboratoire réalise l'essai « COEFFICIENT D'ÉCOULEMENT DES SABLES » selon **NF EN 933-6**.,Béton et granulats,"coefficient, ecoulement, sables, béton, granulat",Moyenne,"coefficient_ecoulement_sables_delai, coefficient_ecoulement_sables_accreditation"
coefficient_ecoulement_sables_delai,Quel est le délai de réalisation de l'essai « COEFFICIENT D'ÉCOULEMENT DES SABLES » ?,délai de l'essai coefficient d'écoulement des sables | combien de temps prend l'essai coefficient d'écoulement des sables ? | quand aurai-je les résultats pour coefficient d'écoulement des sables | temps de traitement coefficient d'écoulement des sables,Le délai de réalisation de l'essai « COEFFICIENT D'ÉCOULEMENT DES SABLES » est de **7 jours**.,Le laboratoire réalise l'essai « COEFFICIENT D'ÉCOULEMENT DES SABLES » dans un délai de **7 jours** à compter de la réception de l'échantillon.,Béton et granulats,"coefficient, ecoulement, sables, béton, granulat",Moyenne,"coefficient_ecoulement_sables_norme, coefficient_ecoulement_sables_accreditation"
coefficient_ecoulement_sables_accreditation,L'essai « COEFFICIENT D'ÉCOULEMENT DES SABLES » est-il accrédité ?,accréditation de l'essai coefficient d'écoulement des sables | cet essai est-il couvert par l'accréditation ? | portée d'accréditation pour coefficient d'écoulement des sables | coefficient d'écoulement des sables accrédité,"Non, l'essai « COEFFICIENT D'ÉCOULEMENT DES SABLES » n'est pas accrédité.",L'essai « COEFFICIENT D'ÉCOULEMENT DES SABLES » est proposé par le laboratoire mais ne fait pas partie de sa portée d'accréditation actuelle.,Béton et granulats,"coefficient, ecoulement, sables, béton, granulat",Moyenne,"coefficient_ecoulement_sables_norme, coefficient_ecoulement_sables_delai"
coefficient_ecoulement_gravillons_norme,Selon quelle norme réalisez-vous l'essai « COEFFICIENT D'ÉCOULEMENT DES GRAVILLONS » ?,norme coefficient d'écoulement des gravillons | référence normative de l'essai coefficient d'écoulement des gravillons | quelle norme utilisez-vous pour cet essai ? | coefficient d'écoulement des gravillons norme applicable,L'essai « COEFFICIENT D'ÉCOULEMENT DES GRAVILLONS » est réalisé selon **NF EN 933-6**.,Le laboratoire réalise l'essai « COEFFICIENT D'ÉCOULEMENT DES GRAVILLONS » selon **NF EN 933-6**.,Béton et granulats,"coefficient, ecoulement, gravillons, béton, granulat",Moyenne,"coefficient_ecoulement_gravillons_delai, coefficient_ecoulement_gravillons_accreditation"
coefficient_ecoulement_gravillons_delai,Quel est le délai de réalisation de l'essai « COEFFICIENT D'ÉCOULEMENT DES GRAVILLONS » ?,délai de l'essai coefficient d'écoulement des gravillons | combien de temps prend l'essai coefficient d'écoulement des gravillons ? | quand aurai-je les résultats pour coefficient d'écoulement des gravillons | temps de traitement coefficient d'écoulement des gravillons,Le délai de réalisation de l'essai « COEFFICIENT D'ÉCOULEMENT DES GRAVILLONS » est de **7 jours**.,Le laboratoire réalise l'essai « COEFFICIENT D'ÉCOULEMENT DES GRAVILLONS » dans un délai de **7 jours** à compter de la réception de l'échantillon.,Béton et granulats,"coefficient, ecoulement, gravillons, béton, granulat",Moyenne,"coefficient_ecoulement_gravillons_norme, coefficient_ecoulement_gravillons_accreditation"
coefficient_ecoulement_gravillons_accreditation,L'essai « COEFFICIENT D'ÉCOULEMENT DES GRAVILLONS » est-il accrédité ?,accréditation de l'essai coefficient d'écoulement des gravillons | cet essai est-il couvert par l'accréditation ? | portée d'accréditation pour coefficient d'écoulement des gravillons | coefficient d'écoulement des gravillons accrédité,"Non, l'essai « COEFFICIENT D'ÉCOULEMENT DES GRAVILLONS » n'est pas accrédité.",L'essai « COEFFICIENT D'ÉCOULEMENT DES GRAVILLONS » est proposé par le laboratoire mais ne fait pas partie de sa portée d'accréditation actuelle.,Béton et granulats,"coefficient, ecoulement, gravillons, béton, granulat",Moyenne,"coefficient_ecoulement_gravillons_norme, coefficient_ecoulement_gravillons_delai"
essai_abrasivite_norme,"Selon quelle norme réalisez-vous l'essai « ESSAI D'ABRASIVITÉ (FRACTION 4/6,3 MM) » ?","norme essai d'abrasivité (fraction 4/6,3 mm) | référence normative de l'essai essai d'abrasivité (fraction 4/6,3 mm) | quelle norme utilisez-vous pour cet essai ? | essai d'abrasivité (fraction 4/6,3 mm) norme applicable","L'essai « ESSAI D'ABRASIVITÉ (FRACTION 4/6,3 MM) » est réalisé selon **NF P 18-577**.","Le laboratoire réalise l'essai « ESSAI D'ABRASIVITÉ (FRACTION 4/6,3 MM) » selon **NF P 18-577**.",Béton et granulats,"essai, abrasivite, béton, granulat",Moyenne,"essai_abrasivite_delai, essai_abrasivite_accreditation"
essai_abrasivite_delai,"Quel est le délai de réalisation de l'essai « ESSAI D'ABRASIVITÉ (FRACTION 4/6,3 MM) » ?","délai de l'essai essai d'abrasivité (fraction 4/6,3 mm) | combien de temps prend l'essai essai d'abrasivité (fraction 4/6,3 mm) ? | quand aurai-je les résultats pour essai d'abrasivité (fraction 4/6,3 mm) | temps de traitement essai d'abrasivité (fraction 4/6,3 mm)","Le délai de réalisation de l'essai « ESSAI D'ABRASIVITÉ (FRACTION 4/6,3 MM) » est de **5 jours**.","Le laboratoire réalise l'essai « ESSAI D'ABRASIVITÉ (FRACTION 4/6,3 MM) » dans un délai de **5 jours** à compter de la réception de l'échantillon.",Béton et granulats,"essai, abrasivite, béton, granulat",Moyenne,"essai_abrasivite_norme, essai_abrasivite_accreditation"
essai_abrasivite_accreditation,"L'essai « ESSAI D'ABRASIVITÉ (FRACTION 4/6,3 MM) » est-il accrédité ?","accréditation de l'essai essai d'abrasivité (fraction 4/6,3 mm) | cet essai est-il couvert par l'accréditation ? | portée d'accréditation pour essai d'abrasivité (fraction 4/6,3 mm) | essai d'abrasivité (fraction 4/6,3 mm) accrédité","Non, l'essai « ESSAI D'ABRASIVITÉ (FRACTION 4/6,3 MM) » n'est pas accrédité.","L'essai « ESSAI D'ABRASIVITÉ (FRACTION 4/6,3 MM) » est proposé par le laboratoire mais ne fait pas partie de sa portée d'accréditation actuelle.",Béton et granulats,"essai, abrasivite, béton, granulat",Moyenne,"essai_abrasivite_norme, essai_abrasivite_delai"
essai_broyabilite_norme,"Selon quelle norme réalisez-vous l'essai « ESSAI DE BROYABILITÉ (FRACTION 4/6,3 MM) » ?","norme essai de broyabilité (fraction 4/6,3 mm) | référence normative de l'essai essai de broyabilité (fraction 4/6,3 mm) | quelle norme utilisez-vous pour cet essai ? | essai de broyabilité (fraction 4/6,3 mm) norme applicable","L'essai « ESSAI DE BROYABILITÉ (FRACTION 4/6,3 MM) » est réalisé selon **NF P 18-577**.","Le laboratoire réalise l'essai « ESSAI DE BROYABILITÉ (FRACTION 4/6,3 MM) » selon **NF P 18-577**.",Béton et granulats,"essai, broyabilite, béton, granulat",Moyenne,"essai_broyabilite_delai, essai_broyabilite_accreditation"
essai_broyabilite_delai,"Quel est le délai de réalisation de l'essai « ESSAI DE BROYABILITÉ (FRACTION 4/6,3 MM) » ?","délai de l'essai essai de broyabilité (fraction 4/6,3 mm) | combien de temps prend l'essai essai de broyabilité (fraction 4/6,3 mm) ? | quand aurai-je les résultats pour essai de broyabilité (fraction 4/6,3 mm) | temps de traitement essai de broyabilité (fraction 4/6,3 mm)","Le délai de réalisation de l'essai « ESSAI DE BROYABILITÉ (FRACTION 4/6,3 MM) » est de **5 jours**.","Le laboratoire réalise l'essai « ESSAI DE BROYABILITÉ (FRACTION 4/6,3 MM) » dans un délai de **5 jours** à compter de la réception de l'échantillon.",Béton et granulats,"essai, broyabilite, béton, granulat",Moyenne,"essai_broyabilite_norme, essai_broyabilite_accreditation"
essai_broyabilite_accreditation,"L'essai « ESSAI DE BROYABILITÉ (FRACTION 4/6,3 MM) » est-il accrédité ?","accréditation de l'essai essai de broyabilité (fraction 4/6,3 mm) | cet essai est-il couvert par l'accréditation ? | portée d'accréditation pour essai de broyabilité (fraction 4/6,3 mm) | essai de broyabilité (fraction 4/6,3 mm) accrédité","Non, l'essai « ESSAI DE BROYABILITÉ (FRACTION 4/6,3 MM) » n'est pas accrédité.","L'essai « ESSAI DE BROYABILITÉ (FRACTION 4/6,3 MM) » est proposé par le laboratoire mais ne fait pas partie de sa portée d'accréditation actuelle.",Béton et granulats,"essai, broyabilite, béton, granulat",Moyenne,"essai_broyabilite_norme, essai_broyabilite_delai"
indice_continuite_roches_norme,Selon quelle norme réalisez-vous l'essai « INDICE DE CONTINUITÉ DES ROCHES » ?,norme indice de continuité des roches | référence normative de l'essai indice de continuité des roches | quelle norme utilisez-vous pour cet essai ? | indice de continuité des roches norme applicable,L'essai « INDICE DE CONTINUITÉ DES ROCHES » est réalisé selon **NF P18-556**.,Le laboratoire réalise l'essai « INDICE DE CONTINUITÉ DES ROCHES » selon **NF P18-556**.,Béton et granulats,"indice, continuite, roches, béton, granulat",Moyenne,"indice_continuite_roches_delai, indice_continuite_roches_accreditation"
indice_continuite_roches_delai,Quel est le délai de réalisation de l'essai « INDICE DE CONTINUITÉ DES ROCHES » ?,délai de l'essai indice de continuité des roches | combien de temps prend l'essai indice de continuité des roches ? | quand aurai-je les résultats pour indice de continuité des roches | temps de traitement indice de continuité des roches,Le délai de réalisation de l'essai « INDICE DE CONTINUITÉ DES ROCHES » est de **3 jours**.,Le laboratoire réalise l'essai « INDICE DE CONTINUITÉ DES ROCHES » dans un délai de **3 jours** à compter de la réception de l'échantillon.,Béton et granulats,"indice, continuite, roches, béton, granulat",Moyenne,"indice_continuite_roches_norme, indice_continuite_roches_accreditation"
indice_continuite_roches_accreditation,L'essai « INDICE DE CONTINUITÉ DES ROCHES » est-il accrédité ?,accréditation de l'essai indice de continuité des roches | cet essai est-il couvert par l'accréditation ? | portée d'accréditation pour indice de continuité des roches | indice de continuité des roches accrédité,"Non, l'essai « INDICE DE CONTINUITÉ DES ROCHES » n'est pas accrédité.",L'essai « INDICE DE CONTINUITÉ DES ROCHES » est proposé par le laboratoire mais ne fait pas partie de sa portée d'accréditation actuelle.,Béton et granulats,"indice, continuite, roches, béton, granulat",Moyenne,"indice_continuite_roches_norme, indice_continuite_roches_delai"
essai_vebe_norme,Selon quelle norme réalisez-vous l'essai « ESSAI VEBE » ?,norme essai vebe | référence normative de l'essai essai vebe | quelle norme utilisez-vous pour cet essai ? | essai vebe norme applicable,L'essai « ESSAI VEBE » est réalisé selon **NF EN 1350-3**.,Le laboratoire réalise l'essai « ESSAI VEBE » selon **NF EN 1350-3**.,Béton et granulats,"essai, vebe, béton, granulat",Moyenne,"essai_vebe_delai, essai_vebe_accreditation"
essai_vebe_delai,Quel est le délai de réalisation de l'essai « ESSAI VEBE » ?,délai de l'essai essai vebe | combien de temps prend l'essai essai vebe ? | quand aurai-je les résultats pour essai vebe | temps de traitement essai vebe,Le délai de réalisation de l'essai « ESSAI VEBE » est de **3 jours**.,Le laboratoire réalise l'essai « ESSAI VEBE » dans un délai de **3 jours** à compter de la réception de l'échantillon.,Béton et granulats,"essai, vebe, béton, granulat",Moyenne,"essai_vebe_norme, essai_vebe_accreditation"
essai_vebe_accreditation,L'essai « ESSAI VEBE » est-il accrédité ?,accréditation de l'essai essai vebe | cet essai est-il couvert par l'accréditation ? | portée d'accréditation pour essai vebe | essai vebe accrédité,"Non, l'essai « ESSAI VEBE » n'est pas accrédité.",L'essai « ESSAI VEBE » est proposé par le laboratoire mais ne fait pas partie de sa portée d'accréditation actuelle.,Béton et granulats,"essai, vebe, béton, granulat",Moyenne,"essai_vebe_norme, essai_vebe_delai"
degre_compactabilite_beton_norme,Selon quelle norme réalisez-vous l'essai « DEGRÉ DE COMPACTABILITÉ DU BÉTON » ?,norme degré de compactabilité du béton | référence normative de l'essai degré de compactabilité du béton | quelle norme utilisez-vous pour cet essai ? | degré de compactabilité du béton norme applicable,L'essai « DEGRÉ DE COMPACTABILITÉ DU BÉTON » est réalisé selon **NF EN 1350**.,Le laboratoire réalise l'essai « DEGRÉ DE COMPACTABILITÉ DU BÉTON » selon **NF EN 1350**.,Béton et granulats,"degre, compactabilite, beton, béton, granulat",Moyenne,"degre_compactabilite_beton_delai, degre_compactabilite_beton_accreditation"
degre_compactabilite_beton_delai,Quel est le délai de réalisation de l'essai « DEGRÉ DE COMPACTABILITÉ DU BÉTON » ?,délai de l'essai degré de compactabilité du béton | combien de temps prend l'essai degré de compactabilité du béton ? | quand aurai-je les résultats pour degré de compactabilité du béton | temps de traitement degré de compactabilité du béton,Le délai de réalisation de l'essai « DEGRÉ DE COMPACTABILITÉ DU BÉTON » est de **3 jours**.,Le laboratoire réalise l'essai « DEGRÉ DE COMPACTABILITÉ DU BÉTON » dans un délai de **3 jours** à compter de la réception de l'échantillon.,Béton et granulats,"degre, compactabilite, beton, béton, granulat",Moyenne,"degre_compactabilite_beton_norme, degre_compactabilite_beton_accreditation"
degre_compactabilite_beton_accreditation,L'essai « DEGRÉ DE COMPACTABILITÉ DU BÉTON » est-il accrédité ?,accréditation de l'essai degré de compactabilité du béton | cet essai est-il couvert par l'accréditation ? | portée d'accréditation pour degré de compactabilité du béton | degré de compactabilité du béton accrédité,"Non, l'essai « DEGRÉ DE COMPACTABILITÉ DU BÉTON » n'est pas accrédité.",L'essai « DEGRÉ DE COMPACTABILITÉ DU BÉTON » est proposé par le laboratoire mais ne fait pas partie de sa portée d'accréditation actuelle.,Béton et granulats,"degre, compactabilite, beton, béton, granulat",Moyenne,"degre_compactabilite_beton_norme, degre_compactabilite_beton_delai"
essai_etalement_table_chocs_norme,Selon quelle norme réalisez-vous l'essai « ESSAI D'ÉTALEMENT À LA TABLE À CHOCS » ?,norme essai d'étalement à la table à chocs | référence normative de l'essai essai d'étalement à la table à chocs | quelle norme utilisez-vous pour cet essai ? | essai d'étalement à la table à chocs norme applicable,L'essai « ESSAI D'ÉTALEMENT À LA TABLE À CHOCS » est réalisé selon **NF EN 1350-5**.,Le laboratoire réalise l'essai « ESSAI D'ÉTALEMENT À LA TABLE À CHOCS » selon **NF EN 1350-5**.,Béton et granulats,"essai, etalement, table, chocs, béton, granulat",Moyenne,"essai_etalement_table_chocs_delai, essai_etalement_table_chocs_accreditation"
essai_etalement_table_chocs_delai,Quel est le délai de réalisation de l'essai « ESSAI D'ÉTALEMENT À LA TABLE À CHOCS » ?,délai de l'essai essai d'étalement à la table à chocs | combien de temps prend l'essai essai d'étalement à la table à chocs ? | quand aurai-je les résultats pour essai d'étalement à la table à chocs | temps de traitement essai d'étalement à la table à chocs,Le délai de réalisation de l'essai « ESSAI D'ÉTALEMENT À LA TABLE À CHOCS » est de **3 jours**.,Le laboratoire réalise l'essai « ESSAI D'ÉTALEMENT À LA TABLE À CHOCS » dans un délai de **3 jours** à compter de la réception de l'échantillon.,Béton et granulats,"essai, etalement, table, chocs, béton, granulat",Moyenne,"essai_etalement_table_chocs_norme, essai_etalement_table_chocs_accreditation"
essai_etalement_table_chocs_accreditation,L'essai « ESSAI D'ÉTALEMENT À LA TABLE À CHOCS » est-il accrédité ?,accréditation de l'essai essai d'étalement à la table à chocs | cet essai est-il couvert par l'accréditation ? | portée d'accréditation pour essai d'étalement à la table à chocs | essai d'étalement à la table à chocs accrédité,"Non, l'essai « ESSAI D'ÉTALEMENT À LA TABLE À CHOCS » n'est pas accrédité.",L'essai « ESSAI D'ÉTALEMENT À LA TABLE À CHOCS » est proposé par le laboratoire mais ne fait pas partie de sa portée d'accréditation actuelle.,Béton et granulats,"essai, etalement, table, chocs, béton, granulat",Moyenne,"essai_etalement_table_chocs_norme, essai_etalement_table_chocs_delai"
teneur_fines_sables_norme,Selon quelle norme réalisez-vous l'essai « TENEUR EN FINES DES SABLES » ?,norme teneur en fines des sables | référence normative de l'essai teneur en fines des sables | quelle norme utilisez-vous pour cet essai ? | teneur en fines des sables norme applicable,L'essai « TENEUR EN FINES DES SABLES » est réalisé selon **NF EN 933-1**.,Le laboratoire réalise l'essai « TENEUR EN FINES DES SABLES » selon **NF EN 933-1**.,Béton et granulats,"teneur, fines, sables, béton, granulat",Moyenne,"teneur_fines_sables_delai, teneur_fines_sables_accreditation"
teneur_fines_sables_delai,Quel est le délai de réalisation de l'essai « TENEUR EN FINES DES SABLES » ?,délai de l'essai teneur en fines des sables | combien de temps prend l'essai teneur en fines des sables ? | quand aurai-je les résultats pour teneur en fines des sables | temps de traitement teneur en fines des sables,Le délai de réalisation de l'essai « TENEUR EN FINES DES SABLES » est de **5 jours**.,Le laboratoire réalise l'essai « TENEUR EN FINES DES SABLES » dans un délai de **5 jours** à compter de la réception de l'échantillon.,Béton et granulats,"teneur, fines, sables, béton, granulat",Moyenne,"teneur_fines_sables_norme, teneur_fines_sables_accreditation"
teneur_fines_sables_accreditation,L'essai « TENEUR EN FINES DES SABLES » est-il accrédité ?,accréditation de l'essai teneur en fines des sables | cet essai est-il couvert par l'accréditation ? | portée d'accréditation pour teneur en fines des sables | teneur en fines des sables accrédité,"Non, l'essai « TENEUR EN FINES DES SABLES » n'est pas accrédité.",L'essai « TENEUR EN FINES DES SABLES » est proposé par le laboratoire mais ne fait pas partie de sa portée d'accréditation actuelle.,Béton et granulats,"teneur, fines, sables, béton, granulat",Moyenne,"teneur_fines_sables_norme, teneur_fines_sables_delai"
determination_proprete_superficielle_gravillons_ballasts_norme,Selon quelle norme réalisez-vous l'essai « DÉTERMINATION DE LA PROPRETÉ SUPERFICIELLE DES GRAVILLONS ET BALLASTS » ?,norme détermination de la propreté superficielle des gravillons et ballasts | référence normative de l'essai détermination de la propreté superficielle des gravillons et ballasts | quelle norme utilisez-vous pour cet essai ? | détermination de la propreté superficielle des gravillons et ballasts norme applicable,L'essai « DÉTERMINATION DE LA PROPRETÉ SUPERFICIELLE DES GRAVILLONS ET BALLASTS » est réalisé selon **NF EN 933-1**.,Le laboratoire réalise l'essai « DÉTERMINATION DE LA PROPRETÉ SUPERFICIELLE DES GRAVILLONS ET BALLASTS » selon **NF EN 933-1**.,Béton et granulats,"determination, proprete, superficielle, gravillons, ballasts, béton, granulat",Moyenne,"determination_proprete_superficielle_gravillons_ballasts_delai, determination_proprete_superficielle_gravillons_ballasts_accreditation"
determination_proprete_superficielle_gravillons_ballasts_delai,Quel est le délai de réalisation de l'essai « DÉTERMINATION DE LA PROPRETÉ SUPERFICIELLE DES GRAVILLONS ET BALLASTS » ?,délai de l'essai détermination de la propreté superficielle des gravillons et ballasts | combien de temps prend l'essai détermination de la propreté superficielle des gravillons et ballasts ? | quand aurai-je les résultats pour détermination de la propreté superficielle des gravillons et ballasts | temps de traitement détermination de la propreté superficielle des gravillons et ballasts,Le délai de réalisation de l'essai « DÉTERMINATION DE LA PROPRETÉ SUPERFICIELLE DES GRAVILLONS ET BALLASTS » est de **5 jours**.,Le laboratoire réalise l'essai « DÉTERMINATION DE LA PROPRETÉ SUPERFICIELLE DES GRAVILLONS ET BALLASTS » dans un délai de **5 jours** à compter de la réception de l'échantillon.,Béton et granulats,"determination, proprete, superficielle, gravillons, ballasts, béton, granulat",Moyenne,"determination_proprete_superficielle_gravillons_ballasts_norme, determination_proprete_superficielle_gravillons_ballasts_accreditation"
determination_proprete_superficielle_gravillons_ballasts_accreditation,L'essai « DÉTERMINATION DE LA PROPRETÉ SUPERFICIELLE DES GRAVILLONS ET BALLASTS » est-il accrédité ?,accréditation de l'essai détermination de la propreté superficielle des gravillons et ballasts | cet essai est-il couvert par l'accréditation ? | portée d'accréditation pour détermination de la propreté superficielle des gravillons et ballasts | détermination de la propreté superficielle des gravillons et ballasts accrédité,"Non, l'essai « DÉTERMINATION DE LA PROPRETÉ SUPERFICIELLE DES GRAVILLONS ET BALLASTS » n'est pas accrédité.",L'essai « DÉTERMINATION DE LA PROPRETÉ SUPERFICIELLE DES GRAVILLONS ET BALLASTS » est proposé par le laboratoire mais ne fait pas partie de sa portée d'accréditation actuelle.,Béton et granulats,"determination, proprete, superficielle, gravillons, ballasts, béton, granulat",Moyenne,"determination_proprete_superficielle_gravillons_ballasts_norme, determination_proprete_superficielle_gravillons_ballasts_delai"
determination_masse_volumique_vrac_norme,Selon quelle norme réalisez-vous l'essai « DÉTERMINATION DE LA MASSE VOLUMIQUE EN VRAC (APPARENTE) » ?,norme détermination de la masse volumique en vrac (apparente) | référence normative de l'essai détermination de la masse volumique en vrac (apparente) | quelle norme utilisez-vous pour cet essai ? | détermination de la masse volumique en vrac (apparente) norme applicable,L'essai « DÉTERMINATION DE LA MASSE VOLUMIQUE EN VRAC (APPARENTE) » est réalisé selon **NF EN 1097-3**.,Le laboratoire réalise l'essai « DÉTERMINATION DE LA MASSE VOLUMIQUE EN VRAC (APPARENTE) » selon **NF EN 1097-3**.,Béton et granulats,"determination, masse, volumique, vrac, béton, granulat",Moyenne,"determination_masse_volumique_vrac_delai, determination_masse_volumique_vrac_accreditation"
determination_masse_volumique_vrac_delai,Quel est le délai de réalisation de l'essai « DÉTERMINATION DE LA MASSE VOLUMIQUE EN VRAC (APPARENTE) » ?,délai de l'essai détermination de la masse volumique en vrac (apparente) | combien de temps prend l'essai détermination de la masse volumique en vrac (apparente) ? | quand aurai-je les résultats pour détermination de la masse volumique en vrac (apparente) | temps de traitement détermination de la masse volumique en vrac (apparente),Le délai de réalisation de l'essai « DÉTERMINATION DE LA MASSE VOLUMIQUE EN VRAC (APPARENTE) » est de **5 jours**.,Le laboratoire réalise l'essai « DÉTERMINATION DE LA MASSE VOLUMIQUE EN VRAC (APPARENTE) » dans un délai de **5 jours** à compter de la réception de l'échantillon.,Béton et granulats,"determination, masse, volumique, vrac, béton, granulat",Moyenne,"determination_masse_volumique_vrac_norme, determination_masse_volumique_vrac_accreditation"
determination_masse_volumique_vrac_accreditation,L'essai « DÉTERMINATION DE LA MASSE VOLUMIQUE EN VRAC (APPARENTE) » est-il accrédité ?,accréditation de l'essai détermination de la masse volumique en vrac (apparente) | cet essai est-il couvert par l'accréditation ? | portée d'accréditation pour détermination de la masse volumique en vrac (apparente) | détermination de la masse volumique en vrac (apparente) accrédité,"Non, l'essai « DÉTERMINATION DE LA MASSE VOLUMIQUE EN VRAC (APPARENTE) » n'est pas accrédité.",L'essai « DÉTERMINATION DE LA MASSE VOLUMIQUE EN VRAC (APPARENTE) » est proposé par le laboratoire mais ne fait pas partie de sa portée d'accréditation actuelle.,Béton et granulats,"determination, masse, volumique, vrac, béton, granulat",Moyenne,"determination_masse_volumique_vrac_norme, determination_masse_volumique_vrac_delai"
mission_prelevement_4_norme,Selon quelle norme réalisez-vous l'essai « MISSION DE PRÉLÈVEMENT (BÉTON) » ?,norme mission de prélèvement (béton) | référence normative de l'essai mission de prélèvement (béton) | quelle norme utilisez-vous pour cet essai ? | mission de prélèvement (béton) norme applicable,Cet essai est réalisé selon notre mode opératoire interne.,Le laboratoire réalise l'essai « MISSION DE PRÉLÈVEMENT (BÉTON) » selon son mode opératoire interne. Rapprochez-vous de nous pour plus de détails sur la méthode appliquée.,Béton et granulats,"mission, prelevement, béton, granulat",Basse,"mission_prelevement_4_delai, mission_prelevement_4_accreditation"
mission_prelevement_4_delai,Quel est le délai de réalisation de l'essai « MISSION DE PRÉLÈVEMENT (BÉTON) » ?,délai de l'essai mission de prélèvement (béton) | combien de temps prend l'essai mission de prélèvement (béton) ? | quand aurai-je les résultats pour mission de prélèvement (béton) | temps de traitement mission de prélèvement (béton),Le délai de cette prestation vous sera communiqué par le laboratoire au moment de la demande.,Le délai de réalisation de l'essai « MISSION DE PRÉLÈVEMENT (BÉTON) » dépend des conditions de la demande. Contactez le laboratoire pour connaître le délai exact applicable à votre échantillon.,Béton et granulats,"mission, prelevement, béton, granulat",Basse,"mission_prelevement_4_norme, mission_prelevement_4_accreditation"
mission_prelevement_4_accreditation,L'essai « MISSION DE PRÉLÈVEMENT (BÉTON) » est-il accrédité ?,accréditation de l'essai mission de prélèvement (béton) | cet essai est-il couvert par l'accréditation ? | portée d'accréditation pour mission de prélèvement (béton) | mission de prélèvement (béton) accrédité,"Non, l'essai « MISSION DE PRÉLÈVEMENT (BÉTON) » n'est pas accrédité.",L'essai « MISSION DE PRÉLÈVEMENT (BÉTON) » est proposé par le laboratoire mais ne fait pas partie de sa portée d'accréditation actuelle.,Béton et granulats,"mission, prelevement, béton, granulat",Basse,"mission_prelevement_4_norme, mission_prelevement_4_delai"
analyse_aptitude_eau_gachage_pour_beton_norme,Selon quelle norme réalisez-vous l'essai « ANALYSE D'APTITUDE D'UNE EAU DE GÂCHAGE POUR BÉTON » ?,norme analyse d'aptitude d'une eau de gâchage pour béton | référence normative de l'essai analyse d'aptitude d'une eau de gâchage pour béton | quelle norme utilisez-vous pour cet essai ? | analyse d'aptitude d'une eau de gâchage pour béton norme applicable,L'essai « ANALYSE D'APTITUDE D'UNE EAU DE GÂCHAGE POUR BÉTON » est réalisé selon **NF EN 1008**.,Le laboratoire réalise l'essai « ANALYSE D'APTITUDE D'UNE EAU DE GÂCHAGE POUR BÉTON » selon **NF EN 1008**.,Béton et granulats,"analyse, aptitude, eau, gachage, beton, béton, granulat",Moyenne,"analyse_aptitude_eau_gachage_pour_beton_delai, analyse_aptitude_eau_gachage_pour_beton_accreditation"
analyse_aptitude_eau_gachage_pour_beton_delai,Quel est le délai de réalisation de l'essai « ANALYSE D'APTITUDE D'UNE EAU DE GÂCHAGE POUR BÉTON » ?,délai de l'essai analyse d'aptitude d'une eau de gâchage pour béton | combien de temps prend l'essai analyse d'aptitude d'une eau de gâchage pour béton ? | quand aurai-je les résultats pour analyse d'aptitude d'une eau de gâchage pour béton | temps de traitement analyse d'aptitude d'une eau de gâchage pour béton,Le délai de réalisation de l'essai « ANALYSE D'APTITUDE D'UNE EAU DE GÂCHAGE POUR BÉTON » est de **10 jours**.,Le laboratoire réalise l'essai « ANALYSE D'APTITUDE D'UNE EAU DE GÂCHAGE POUR BÉTON » dans un délai de **10 jours** à compter de la réception de l'échantillon.,Béton et granulats,"analyse, aptitude, eau, gachage, beton, béton, granulat",Moyenne,"analyse_aptitude_eau_gachage_pour_beton_norme, analyse_aptitude_eau_gachage_pour_beton_accreditation"
analyse_aptitude_eau_gachage_pour_beton_accreditation,L'essai « ANALYSE D'APTITUDE D'UNE EAU DE GÂCHAGE POUR BÉTON » est-il accrédité ?,accréditation de l'essai analyse d'aptitude d'une eau de gâchage pour béton | cet essai est-il couvert par l'accréditation ? | portée d'accréditation pour analyse d'aptitude d'une eau de gâchage pour béton | analyse d'aptitude d'une eau de gâchage pour béton accrédité,"Non, l'essai « ANALYSE D'APTITUDE D'UNE EAU DE GÂCHAGE POUR BÉTON » n'est pas accrédité.",L'essai « ANALYSE D'APTITUDE D'UNE EAU DE GÂCHAGE POUR BÉTON » est proposé par le laboratoire mais ne fait pas partie de sa portée d'accréditation actuelle.,Béton et granulats,"analyse, aptitude, eau, gachage, beton, béton, granulat",Moyenne,"analyse_aptitude_eau_gachage_pour_beton_norme, analyse_aptitude_eau_gachage_pour_beton_delai"
essai_polissage_accelere_norme,Selon quelle norme réalisez-vous l'essai « ESSAI DE POLISSAGE ACCÉLÉRÉ » ?,norme essai de polissage accéléré | référence normative de l'essai essai de polissage accéléré | quelle norme utilisez-vous pour cet essai ? | essai de polissage accéléré norme applicable,L'essai « ESSAI DE POLISSAGE ACCÉLÉRÉ » est réalisé selon **NF EN 1097-8**.,Le laboratoire réalise l'essai « ESSAI DE POLISSAGE ACCÉLÉRÉ » selon **NF EN 1097-8**.,Béton et granulats,"essai, polissage, accelere, béton, granulat",Moyenne,"essai_polissage_accelere_delai, essai_polissage_accelere_accreditation"
essai_polissage_accelere_delai,Quel est le délai de réalisation de l'essai « ESSAI DE POLISSAGE ACCÉLÉRÉ » ?,délai de l'essai essai de polissage accéléré | combien de temps prend l'essai essai de polissage accéléré ? | quand aurai-je les résultats pour essai de polissage accéléré | temps de traitement essai de polissage accéléré,Le délai de réalisation de l'essai « ESSAI DE POLISSAGE ACCÉLÉRÉ » est de **30 jours**.,Le laboratoire réalise l'essai « ESSAI DE POLISSAGE ACCÉLÉRÉ » dans un délai de **30 jours** à compter de la réception de l'échantillon.,Béton et granulats,"essai, polissage, accelere, béton, granulat",Moyenne,"essai_polissage_accelere_norme, essai_polissage_accelere_accreditation"
essai_polissage_accelere_accreditation,L'essai « ESSAI DE POLISSAGE ACCÉLÉRÉ » est-il accrédité ?,accréditation de l'essai essai de polissage accéléré | cet essai est-il couvert par l'accréditation ? | portée d'accréditation pour essai de polissage accéléré | essai de polissage accéléré accrédité,"Non, l'essai « ESSAI DE POLISSAGE ACCÉLÉRÉ » n'est pas accrédité.",L'essai « ESSAI DE POLISSAGE ACCÉLÉRÉ » est proposé par le laboratoire mais ne fait pas partie de sa portée d'accréditation actuelle.,Béton et granulats,"essai, polissage, accelere, béton, granulat",Moyenne,"essai_polissage_accelere_norme, essai_polissage_accelere_delai"
determination_extrait_sec_adjuvants_norme,Selon quelle norme réalisez-vous l'essai « DÉTERMINATION DE L'EXTRAIT SEC DES ADJUVANTS » ?,norme détermination de l'extrait sec des adjuvants | référence normative de l'essai détermination de l'extrait sec des adjuvants | quelle norme utilisez-vous pour cet essai ? | détermination de l'extrait sec des adjuvants norme applicable,L'essai « DÉTERMINATION DE L'EXTRAIT SEC DES ADJUVANTS » est réalisé selon **NF EN 480-8**.,Le laboratoire réalise l'essai « DÉTERMINATION DE L'EXTRAIT SEC DES ADJUVANTS » selon **NF EN 480-8**.,Béton et granulats,"determination, extrait, sec, adjuvants, béton, granulat",Moyenne,"determination_extrait_sec_adjuvants_delai, determination_extrait_sec_adjuvants_accreditation"
determination_extrait_sec_adjuvants_delai,Quel est le délai de réalisation de l'essai « DÉTERMINATION DE L'EXTRAIT SEC DES ADJUVANTS » ?,délai de l'essai détermination de l'extrait sec des adjuvants | combien de temps prend l'essai détermination de l'extrait sec des adjuvants ? | quand aurai-je les résultats pour détermination de l'extrait sec des adjuvants | temps de traitement détermination de l'extrait sec des adjuvants,Le délai de réalisation de l'essai « DÉTERMINATION DE L'EXTRAIT SEC DES ADJUVANTS » est de **5 jours**.,Le laboratoire réalise l'essai « DÉTERMINATION DE L'EXTRAIT SEC DES ADJUVANTS » dans un délai de **5 jours** à compter de la réception de l'échantillon.,Béton et granulats,"determination, extrait, sec, adjuvants, béton, granulat",Moyenne,"determination_extrait_sec_adjuvants_norme, determination_extrait_sec_adjuvants_accreditation"
determination_extrait_sec_adjuvants_accreditation,L'essai « DÉTERMINATION DE L'EXTRAIT SEC DES ADJUVANTS » est-il accrédité ?,accréditation de l'essai détermination de l'extrait sec des adjuvants | cet essai est-il couvert par l'accréditation ? | portée d'accréditation pour détermination de l'extrait sec des adjuvants | détermination de l'extrait sec des adjuvants accrédité,"Non, l'essai « DÉTERMINATION DE L'EXTRAIT SEC DES ADJUVANTS » n'est pas accrédité.",L'essai « DÉTERMINATION DE L'EXTRAIT SEC DES ADJUVANTS » est proposé par le laboratoire mais ne fait pas partie de sa portée d'accréditation actuelle.,Béton et granulats,"determination, extrait, sec, adjuvants, béton, granulat",Moyenne,"determination_extrait_sec_adjuvants_norme, determination_extrait_sec_adjuvants_delai"
densite_adjuvants_norme,Selon quelle norme réalisez-vous l'essai « DENSITÉ DES ADJUVANTS » ?,norme densité des adjuvants | référence normative de l'essai densité des adjuvants | quelle norme utilisez-vous pour cet essai ? | densité des adjuvants norme applicable,L'essai « DENSITÉ DES ADJUVANTS » est réalisé selon **Selon mode Operatoire**.,Le laboratoire réalise l'essai « DENSITÉ DES ADJUVANTS » selon **Selon mode Operatoire**.,Béton et granulats,"densite, adjuvants, béton, granulat",Moyenne,"densite_adjuvants_delai, densite_adjuvants_accreditation"
densite_adjuvants_delai,Quel est le délai de réalisation de l'essai « DENSITÉ DES ADJUVANTS » ?,délai de l'essai densité des adjuvants | combien de temps prend l'essai densité des adjuvants ? | quand aurai-je les résultats pour densité des adjuvants | temps de traitement densité des adjuvants,Le délai de réalisation de l'essai « DENSITÉ DES ADJUVANTS » est de **3 jours**.,Le laboratoire réalise l'essai « DENSITÉ DES ADJUVANTS » dans un délai de **3 jours** à compter de la réception de l'échantillon.,Béton et granulats,"densite, adjuvants, béton, granulat",Moyenne,"densite_adjuvants_norme, densite_adjuvants_accreditation"
densite_adjuvants_accreditation,L'essai « DENSITÉ DES ADJUVANTS » est-il accrédité ?,accréditation de l'essai densité des adjuvants | cet essai est-il couvert par l'accréditation ? | portée d'accréditation pour densité des adjuvants | densité des adjuvants accrédité,"Non, l'essai « DENSITÉ DES ADJUVANTS » n'est pas accrédité.",L'essai « DENSITÉ DES ADJUVANTS » est proposé par le laboratoire mais ne fait pas partie de sa portée d'accréditation actuelle.,Béton et granulats,"densite, adjuvants, béton, granulat",Moyenne,"densite_adjuvants_norme, densite_adjuvants_delai"
essai_physico_mecanique_complet_roche_norme,Selon quelle norme réalisez-vous l'essai « ESSAI PHYSICO-MÉCANIQUE COMPLET (EPMC) SUR ROCHE » ?,norme essai physico-mécanique complet (epmc) sur roche | référence normative de l'essai essai physico-mécanique complet (epmc) sur roche | quelle norme utilisez-vous pour cet essai ? | essai physico-mécanique complet (epmc) sur roche norme applicable,L'essai « ESSAI PHYSICO-MÉCANIQUE COMPLET (EPMC) SUR ROCHE » est réalisé selon **NF EN 12504-1 et NF EN 1926**.,Le laboratoire réalise l'essai « ESSAI PHYSICO-MÉCANIQUE COMPLET (EPMC) SUR ROCHE » selon **NF EN 12504-1 et NF EN 1926**.,Béton et granulats,"essai, physico, mecanique, complet, roche, béton, granulat",Moyenne,"essai_physico_mecanique_complet_roche_delai, essai_physico_mecanique_complet_roche_accreditation"
essai_physico_mecanique_complet_roche_delai,Quel est le délai de réalisation de l'essai « ESSAI PHYSICO-MÉCANIQUE COMPLET (EPMC) SUR ROCHE » ?,délai de l'essai essai physico-mécanique complet (epmc) sur roche | combien de temps prend l'essai essai physico-mécanique complet (epmc) sur roche ? | quand aurai-je les résultats pour essai physico-mécanique complet (epmc) sur roche | temps de traitement essai physico-mécanique complet (epmc) sur roche,Le délai de réalisation de l'essai « ESSAI PHYSICO-MÉCANIQUE COMPLET (EPMC) SUR ROCHE » est de **25 jours**.,Le laboratoire réalise l'essai « ESSAI PHYSICO-MÉCANIQUE COMPLET (EPMC) SUR ROCHE » dans un délai de **25 jours** à compter de la réception de l'échantillon.,Béton et granulats,"essai, physico, mecanique, complet, roche, béton, granulat",Moyenne,"essai_physico_mecanique_complet_roche_norme, essai_physico_mecanique_complet_roche_accreditation"
essai_physico_mecanique_complet_roche_accreditation,L'essai « ESSAI PHYSICO-MÉCANIQUE COMPLET (EPMC) SUR ROCHE » est-il accrédité ?,accréditation de l'essai essai physico-mécanique complet (epmc) sur roche | cet essai est-il couvert par l'accréditation ? | portée d'accréditation pour essai physico-mécanique complet (epmc) sur roche | essai physico-mécanique complet (epmc) sur roche accrédité,"Non, l'essai « ESSAI PHYSICO-MÉCANIQUE COMPLET (EPMC) SUR ROCHE » n'est pas accrédité.",L'essai « ESSAI PHYSICO-MÉCANIQUE COMPLET (EPMC) SUR ROCHE » est proposé par le laboratoire mais ne fait pas partie de sa portée d'accréditation actuelle.,Béton et granulats,"essai, physico, mecanique, complet, roche, béton, granulat",Moyenne,"essai_physico_mecanique_complet_roche_norme, essai_physico_mecanique_complet_roche_delai"
brique_terre_cuite_u_taux_initial_norme,Selon quelle norme réalisez-vous l'essai « BRIQUE DE TERRE CUITE U — TAUX INITIAL D'ABSORPTION D'EAU » ?,norme brique de terre cuite u — taux initial d'absorption d'eau | référence normative de l'essai brique de terre cuite u — taux initial d'absorption d'eau | quelle norme utilisez-vous pour cet essai ? | brique de terre cuite u — taux initial d'absorption d'eau norme applicable,L'essai « BRIQUE DE TERRE CUITE U — TAUX INITIAL D'ABSORPTION D'EAU » est réalisé selon **NF EN 772-11**.,Le laboratoire réalise l'essai « BRIQUE DE TERRE CUITE U — TAUX INITIAL D'ABSORPTION D'EAU » selon **NF EN 772-11**.,Briques et terre cuite,"brique, terre, cuite, taux, initial, absorption, terre cuite, tuile",Haute,"brique_terre_cuite_u_taux_initial_delai, brique_terre_cuite_u_taux_initial_accreditation"
brique_terre_cuite_u_taux_initial_delai,Quel est le délai de réalisation de l'essai « BRIQUE DE TERRE CUITE U — TAUX INITIAL D'ABSORPTION D'EAU » ?,délai de l'essai brique de terre cuite u — taux initial d'absorption d'eau | combien de temps prend l'essai brique de terre cuite u — taux initial d'absorption d'eau ? | quand aurai-je les résultats pour brique de terre cuite u — taux initial d'absorption d'eau | temps de traitement brique de terre cuite u — taux initial d'absorption d'eau,Le délai de réalisation de l'essai « BRIQUE DE TERRE CUITE U — TAUX INITIAL D'ABSORPTION D'EAU » est de **4 jours**.,Le laboratoire réalise l'essai « BRIQUE DE TERRE CUITE U — TAUX INITIAL D'ABSORPTION D'EAU » dans un délai de **4 jours** à compter de la réception de l'échantillon.,Briques et terre cuite,"brique, terre, cuite, taux, initial, absorption, terre cuite, tuile",Haute,"brique_terre_cuite_u_taux_initial_norme, brique_terre_cuite_u_taux_initial_accreditation"
brique_terre_cuite_u_taux_initial_accreditation,L'essai « BRIQUE DE TERRE CUITE U — TAUX INITIAL D'ABSORPTION D'EAU » est-il accrédité ?,accréditation de l'essai brique de terre cuite u — taux initial d'absorption d'eau | cet essai est-il couvert par l'accréditation ? | portée d'accréditation pour brique de terre cuite u — taux initial d'absorption d'eau | brique de terre cuite u — taux initial d'absorption d'eau accrédité,"Oui, l'essai « BRIQUE DE TERRE CUITE U — TAUX INITIAL D'ABSORPTION D'EAU » est accrédité.",Le laboratoire réalise l'essai « BRIQUE DE TERRE CUITE U — TAUX INITIAL D'ABSORPTION D'EAU » dans le cadre de son accréditation.,Briques et terre cuite,"brique, terre, cuite, taux, initial, absorption, terre cuite, tuile",Haute,"brique_terre_cuite_u_taux_initial_norme, brique_terre_cuite_u_taux_initial_delai"
brique_terre_cuite_dimensions_norme,Selon quelle norme réalisez-vous l'essai « BRIQUE DE TERRE CUITE (P ET U) — DIMENSIONS » ?,norme brique de terre cuite (p et u) — dimensions | référence normative de l'essai brique de terre cuite (p et u) — dimensions | quelle norme utilisez-vous pour cet essai ? | brique de terre cuite (p et u) — dimensions norme applicable,L'essai « BRIQUE DE TERRE CUITE (P ET U) — DIMENSIONS » est réalisé selon **NF EN 772-16**.,Le laboratoire réalise l'essai « BRIQUE DE TERRE CUITE (P ET U) — DIMENSIONS » selon **NF EN 772-16**.,Briques et terre cuite,"brique, terre, cuite, dimensions, terre cuite, tuile",Haute,"brique_terre_cuite_dimensions_delai, brique_terre_cuite_dimensions_accreditation"
brique_terre_cuite_dimensions_delai,Quel est le délai de réalisation de l'essai « BRIQUE DE TERRE CUITE (P ET U) — DIMENSIONS » ?,délai de l'essai brique de terre cuite (p et u) — dimensions | combien de temps prend l'essai brique de terre cuite (p et u) — dimensions ? | quand aurai-je les résultats pour brique de terre cuite (p et u) — dimensions | temps de traitement brique de terre cuite (p et u) — dimensions,Le délai de réalisation de l'essai « BRIQUE DE TERRE CUITE (P ET U) — DIMENSIONS » est de **3 jours**.,Le laboratoire réalise l'essai « BRIQUE DE TERRE CUITE (P ET U) — DIMENSIONS » dans un délai de **3 jours** à compter de la réception de l'échantillon.,Briques et terre cuite,"brique, terre, cuite, dimensions, terre cuite, tuile",Haute,"brique_terre_cuite_dimensions_norme, brique_terre_cuite_dimensions_accreditation"
brique_terre_cuite_dimensions_accreditation,L'essai « BRIQUE DE TERRE CUITE (P ET U) — DIMENSIONS » est-il accrédité ?,accréditation de l'essai brique de terre cuite (p et u) — dimensions | cet essai est-il couvert par l'accréditation ? | portée d'accréditation pour brique de terre cuite (p et u) — dimensions | brique de terre cuite (p et u) — dimensions accrédité,"Oui, l'essai « BRIQUE DE TERRE CUITE (P ET U) — DIMENSIONS » est accrédité.",Le laboratoire réalise l'essai « BRIQUE DE TERRE CUITE (P ET U) — DIMENSIONS » dans le cadre de son accréditation.,Briques et terre cuite,"brique, terre, cuite, dimensions, terre cuite, tuile",Haute,"brique_terre_cuite_dimensions_norme, brique_terre_cuite_dimensions_delai"
brique_terre_cuite_planeite_rectitude_epaisseur_norme,Selon quelle norme réalisez-vous l'essai « BRIQUE DE TERRE CUITE (P ET U) — PLANÉITÉ ET RECTITUDE / ÉPAISSEUR DES PAROIS » ?,norme brique de terre cuite (p et u) — planéité et rectitude / épaisseur des parois | référence normative de l'essai brique de terre cuite (p et u) — planéité et rectitude / épaisseur des parois | quelle norme utilisez-vous pour cet essai ? | brique de terre cuite (p et u) — planéité et rectitude / épaisseur des parois norme applicable,L'essai « BRIQUE DE TERRE CUITE (P ET U) — PLANÉITÉ ET RECTITUDE / ÉPAISSEUR DES PAROIS » est réalisé selon **NF EN 771-1+A1/CN Annexe E**.,Le laboratoire réalise l'essai « BRIQUE DE TERRE CUITE (P ET U) — PLANÉITÉ ET RECTITUDE / ÉPAISSEUR DES PAROIS » selon **NF EN 771-1+A1/CN Annexe E**.,Briques et terre cuite,"brique, terre, cuite, planeite, rectitude, epaisseur, terre cuite, tuile",Haute,"brique_terre_cuite_planeite_rectitude_epaisseur_delai, brique_terre_cuite_planeite_rectitude_epaisseur_accreditation"
brique_terre_cuite_planeite_rectitude_epaisseur_delai,Quel est le délai de réalisation de l'essai « BRIQUE DE TERRE CUITE (P ET U) — PLANÉITÉ ET RECTITUDE / ÉPAISSEUR DES PAROIS » ?,délai de l'essai brique de terre cuite (p et u) — planéité et rectitude / épaisseur des parois | combien de temps prend l'essai brique de terre cuite (p et u) — planéité et rectitude / épaisseur des parois ? | quand aurai-je les résultats pour brique de terre cuite (p et u) — planéité et rectitude / épaisseur des parois | temps de traitement brique de terre cuite (p et u) — planéité et rectitude / épaisseur des parois,Le délai de réalisation de l'essai « BRIQUE DE TERRE CUITE (P ET U) — PLANÉITÉ ET RECTITUDE / ÉPAISSEUR DES PAROIS » est de **3 jours**.,Le laboratoire réalise l'essai « BRIQUE DE TERRE CUITE (P ET U) — PLANÉITÉ ET RECTITUDE / ÉPAISSEUR DES PAROIS » dans un délai de **3 jours** à compter de la réception de l'échantillon.,Briques et terre cuite,"brique, terre, cuite, planeite, rectitude, epaisseur, terre cuite, tuile",Haute,"brique_terre_cuite_planeite_rectitude_epaisseur_norme, brique_terre_cuite_planeite_rectitude_epaisseur_accreditation"
brique_terre_cuite_planeite_rectitude_epaisseur_accreditation,L'essai « BRIQUE DE TERRE CUITE (P ET U) — PLANÉITÉ ET RECTITUDE / ÉPAISSEUR DES PAROIS » est-il accrédité ?,accréditation de l'essai brique de terre cuite (p et u) — planéité et rectitude / épaisseur des parois | cet essai est-il couvert par l'accréditation ? | portée d'accréditation pour brique de terre cuite (p et u) — planéité et rectitude / épaisseur des parois | brique de terre cuite (p et u) — planéité et rectitude / épaisseur des parois accrédité,"Oui, l'essai « BRIQUE DE TERRE CUITE (P ET U) — PLANÉITÉ ET RECTITUDE / ÉPAISSEUR DES PAROIS » est accrédité.",Le laboratoire réalise l'essai « BRIQUE DE TERRE CUITE (P ET U) — PLANÉITÉ ET RECTITUDE / ÉPAISSEUR DES PAROIS » dans le cadre de son accréditation.,Briques et terre cuite,"brique, terre, cuite, planeite, rectitude, epaisseur, terre cuite, tuile",Haute,"brique_terre_cuite_planeite_rectitude_epaisseur_norme, brique_terre_cuite_planeite_rectitude_epaisseur_delai"
brique_terre_cuite_eclatement_norme,Selon quelle norme réalisez-vous l'essai « BRIQUE DE TERRE CUITE (P ET U) — ÉCLATEMENT » ?,norme brique de terre cuite (p et u) — éclatement | référence normative de l'essai brique de terre cuite (p et u) — éclatement | quelle norme utilisez-vous pour cet essai ? | brique de terre cuite (p et u) — éclatement norme applicable,L'essai « BRIQUE DE TERRE CUITE (P ET U) — ÉCLATEMENT » est réalisé selon **NF EN 771-1+A1/CN Annexe B**.,Le laboratoire réalise l'essai « BRIQUE DE TERRE CUITE (P ET U) — ÉCLATEMENT » selon **NF EN 771-1+A1/CN Annexe B**.,Briques et terre cuite,"brique, terre, cuite, eclatement, terre cuite, tuile",Haute,"brique_terre_cuite_eclatement_delai, brique_terre_cuite_eclatement_accreditation"
brique_terre_cuite_eclatement_delai,Quel est le délai de réalisation de l'essai « BRIQUE DE TERRE CUITE (P ET U) — ÉCLATEMENT » ?,délai de l'essai brique de terre cuite (p et u) — éclatement | combien de temps prend l'essai brique de terre cuite (p et u) — éclatement ? | quand aurai-je les résultats pour brique de terre cuite (p et u) — éclatement | temps de traitement brique de terre cuite (p et u) — éclatement,Le délai de réalisation de l'essai « BRIQUE DE TERRE CUITE (P ET U) — ÉCLATEMENT » est de **3 jours**.,Le laboratoire réalise l'essai « BRIQUE DE TERRE CUITE (P ET U) — ÉCLATEMENT » dans un délai de **3 jours** à compter de la réception de l'échantillon.,Briques et terre cuite,"brique, terre, cuite, eclatement, terre cuite, tuile",Haute,"brique_terre_cuite_eclatement_norme, brique_terre_cuite_eclatement_accreditation"
brique_terre_cuite_eclatement_accreditation,L'essai « BRIQUE DE TERRE CUITE (P ET U) — ÉCLATEMENT » est-il accrédité ?,accréditation de l'essai brique de terre cuite (p et u) — éclatement | cet essai est-il couvert par l'accréditation ? | portée d'accréditation pour brique de terre cuite (p et u) — éclatement | brique de terre cuite (p et u) — éclatement accrédité,"Oui, l'essai « BRIQUE DE TERRE CUITE (P ET U) — ÉCLATEMENT » est accrédité.",Le laboratoire réalise l'essai « BRIQUE DE TERRE CUITE (P ET U) — ÉCLATEMENT » dans le cadre de son accréditation.,Briques et terre cuite,"brique, terre, cuite, eclatement, terre cuite, tuile",Haute,"brique_terre_cuite_eclatement_norme, brique_terre_cuite_eclatement_delai"
brique_terre_cuite_p_absorption_eau_norme,Selon quelle norme réalisez-vous l'essai « BRIQUE DE TERRE CUITE P — ABSORPTION D'EAU » ?,norme brique de terre cuite p — absorption d'eau | référence normative de l'essai brique de terre cuite p — absorption d'eau | quelle norme utilisez-vous pour cet essai ? | brique de terre cuite p — absorption d'eau norme applicable,L'essai « BRIQUE DE TERRE CUITE P — ABSORPTION D'EAU » est réalisé selon **Mode Opératoire**.,Le laboratoire réalise l'essai « BRIQUE DE TERRE CUITE P — ABSORPTION D'EAU » selon **Mode Opératoire**.,Briques et terre cuite,"brique, terre, cuite, absorption, eau, terre cuite, tuile",Moyenne,"brique_terre_cuite_p_absorption_eau_delai, brique_terre_cuite_p_absorption_eau_accreditation"
brique_terre_cuite_p_absorption_eau_delai,Quel est le délai de réalisation de l'essai « BRIQUE DE TERRE CUITE P — ABSORPTION D'EAU » ?,délai de l'essai brique de terre cuite p — absorption d'eau | combien de temps prend l'essai brique de terre cuite p — absorption d'eau ? | quand aurai-je les résultats pour brique de terre cuite p — absorption d'eau | temps de traitement brique de terre cuite p — absorption d'eau,Le délai de réalisation de l'essai « BRIQUE DE TERRE CUITE P — ABSORPTION D'EAU » est de **4 jours**.,Le laboratoire réalise l'essai « BRIQUE DE TERRE CUITE P — ABSORPTION D'EAU » dans un délai de **4 jours** à compter de la réception de l'échantillon.,Briques et terre cuite,"brique, terre, cuite, absorption, eau, terre cuite, tuile",Moyenne,"brique_terre_cuite_p_absorption_eau_norme, brique_terre_cuite_p_absorption_eau_accreditation"
brique_terre_cuite_p_absorption_eau_accreditation,L'essai « BRIQUE DE TERRE CUITE P — ABSORPTION D'EAU » est-il accrédité ?,accréditation de l'essai brique de terre cuite p — absorption d'eau | cet essai est-il couvert par l'accréditation ? | portée d'accréditation pour brique de terre cuite p — absorption d'eau | brique de terre cuite p — absorption d'eau accrédité,"Non, l'essai « BRIQUE DE TERRE CUITE P — ABSORPTION D'EAU » n'est pas accrédité.",L'essai « BRIQUE DE TERRE CUITE P — ABSORPTION D'EAU » est proposé par le laboratoire mais ne fait pas partie de sa portée d'accréditation actuelle.,Briques et terre cuite,"brique, terre, cuite, absorption, eau, terre cuite, tuile",Moyenne,"brique_terre_cuite_p_absorption_eau_norme, brique_terre_cuite_p_absorption_eau_delai"
essai_complet_argile_pour_briques_norme,Selon quelle norme réalisez-vous l'essai « ESSAI COMPLET SUR ARGILE POUR BRIQUES » ?,norme essai complet sur argile pour briques | référence normative de l'essai essai complet sur argile pour briques | quelle norme utilisez-vous pour cet essai ? | essai complet sur argile pour briques norme applicable,L'essai « ESSAI COMPLET SUR ARGILE POUR BRIQUES » est réalisé selon **Mode Opératoire**.,Le laboratoire réalise l'essai « ESSAI COMPLET SUR ARGILE POUR BRIQUES » selon **Mode Opératoire**.,Briques et terre cuite,"essai, complet, argile, briques, brique, terre cuite, tuile",Moyenne,"essai_complet_argile_pour_briques_delai, essai_complet_argile_pour_briques_accreditation"
essai_complet_argile_pour_briques_delai,Quel est le délai de réalisation de l'essai « ESSAI COMPLET SUR ARGILE POUR BRIQUES » ?,délai de l'essai essai complet sur argile pour briques | combien de temps prend l'essai essai complet sur argile pour briques ? | quand aurai-je les résultats pour essai complet sur argile pour briques | temps de traitement essai complet sur argile pour briques,Le délai de réalisation de l'essai « ESSAI COMPLET SUR ARGILE POUR BRIQUES » est de **35 jours**.,Le laboratoire réalise l'essai « ESSAI COMPLET SUR ARGILE POUR BRIQUES » dans un délai de **35 jours** à compter de la réception de l'échantillon.,Briques et terre cuite,"essai, complet, argile, briques, brique, terre cuite, tuile",Moyenne,"essai_complet_argile_pour_briques_norme, essai_complet_argile_pour_briques_accreditation"
essai_complet_argile_pour_briques_accreditation,L'essai « ESSAI COMPLET SUR ARGILE POUR BRIQUES » est-il accrédité ?,accréditation de l'essai essai complet sur argile pour briques | cet essai est-il couvert par l'accréditation ? | portée d'accréditation pour essai complet sur argile pour briques | essai complet sur argile pour briques accrédité,"Non, l'essai « ESSAI COMPLET SUR ARGILE POUR BRIQUES » n'est pas accrédité.",L'essai « ESSAI COMPLET SUR ARGILE POUR BRIQUES » est proposé par le laboratoire mais ne fait pas partie de sa portée d'accréditation actuelle.,Briques et terre cuite,"essai, complet, argile, briques, brique, terre cuite, tuile",Moyenne,"essai_complet_argile_pour_briques_norme, essai_complet_argile_pour_briques_delai"
essai_controle_teneur_degraissant_norme,Selon quelle norme réalisez-vous l'essai « ESSAI DE CONTRÔLE DE LA TENEUR EN DÉGRAISSANT » ?,norme essai de contrôle de la teneur en dégraissant | référence normative de l'essai essai de contrôle de la teneur en dégraissant | quelle norme utilisez-vous pour cet essai ? | essai de contrôle de la teneur en dégraissant norme applicable,L'essai « ESSAI DE CONTRÔLE DE LA TENEUR EN DÉGRAISSANT » est réalisé selon **Mode Opératoire**.,Le laboratoire réalise l'essai « ESSAI DE CONTRÔLE DE LA TENEUR EN DÉGRAISSANT » selon **Mode Opératoire**.,Briques et terre cuite,"essai, controle, teneur, degraissant, brique, terre cuite, tuile",Moyenne,"essai_controle_teneur_degraissant_delai, essai_controle_teneur_degraissant_accreditation"
essai_controle_teneur_degraissant_delai,Quel est le délai de réalisation de l'essai « ESSAI DE CONTRÔLE DE LA TENEUR EN DÉGRAISSANT » ?,délai de l'essai essai de contrôle de la teneur en dégraissant | combien de temps prend l'essai essai de contrôle de la teneur en dégraissant ? | quand aurai-je les résultats pour essai de contrôle de la teneur en dégraissant | temps de traitement essai de contrôle de la teneur en dégraissant,Le délai de réalisation de l'essai « ESSAI DE CONTRÔLE DE LA TENEUR EN DÉGRAISSANT » est de **10 jours**.,Le laboratoire réalise l'essai « ESSAI DE CONTRÔLE DE LA TENEUR EN DÉGRAISSANT » dans un délai de **10 jours** à compter de la réception de l'échantillon.,Briques et terre cuite,"essai, controle, teneur, degraissant, brique, terre cuite, tuile",Moyenne,"essai_controle_teneur_degraissant_norme, essai_controle_teneur_degraissant_accreditation"
essai_controle_teneur_degraissant_accreditation,L'essai « ESSAI DE CONTRÔLE DE LA TENEUR EN DÉGRAISSANT » est-il accrédité ?,accréditation de l'essai essai de contrôle de la teneur en dégraissant | cet essai est-il couvert par l'accréditation ? | portée d'accréditation pour essai de contrôle de la teneur en dégraissant | essai de contrôle de la teneur en dégraissant accrédité,"Non, l'essai « ESSAI DE CONTRÔLE DE LA TENEUR EN DÉGRAISSANT » n'est pas accrédité.",L'essai « ESSAI DE CONTRÔLE DE LA TENEUR EN DÉGRAISSANT » est proposé par le laboratoire mais ne fait pas partie de sa portée d'accréditation actuelle.,Briques et terre cuite,"essai, controle, teneur, degraissant, brique, terre cuite, tuile",Moyenne,"essai_controle_teneur_degraissant_norme, essai_controle_teneur_degraissant_delai"
essai_resistance_rupture_par_flexion_norme,Selon quelle norme réalisez-vous l'essai « ESSAI DE RÉSISTANCE À LA RUPTURE PAR FLEXION » ?,norme essai de résistance à la rupture par flexion | référence normative de l'essai essai de résistance à la rupture par flexion | quelle norme utilisez-vous pour cet essai ? | essai de résistance à la rupture par flexion norme applicable,L'essai « ESSAI DE RÉSISTANCE À LA RUPTURE PAR FLEXION » est réalisé selon **NF EN 538**.,Le laboratoire réalise l'essai « ESSAI DE RÉSISTANCE À LA RUPTURE PAR FLEXION » selon **NF EN 538**.,Briques et terre cuite,"essai, resistance, rupture, flexion, brique, terre cuite, tuile",Haute,"essai_resistance_rupture_par_flexion_delai, essai_resistance_rupture_par_flexion_accreditation"
essai_resistance_rupture_par_flexion_delai,Quel est le délai de réalisation de l'essai « ESSAI DE RÉSISTANCE À LA RUPTURE PAR FLEXION » ?,délai de l'essai essai de résistance à la rupture par flexion | combien de temps prend l'essai essai de résistance à la rupture par flexion ? | quand aurai-je les résultats pour essai de résistance à la rupture par flexion | temps de traitement essai de résistance à la rupture par flexion,Le délai de réalisation de l'essai « ESSAI DE RÉSISTANCE À LA RUPTURE PAR FLEXION » est de **3 jours**.,Le laboratoire réalise l'essai « ESSAI DE RÉSISTANCE À LA RUPTURE PAR FLEXION » dans un délai de **3 jours** à compter de la réception de l'échantillon.,Briques et terre cuite,"essai, resistance, rupture, flexion, brique, terre cuite, tuile",Haute,"essai_resistance_rupture_par_flexion_norme, essai_resistance_rupture_par_flexion_accreditation"
essai_resistance_rupture_par_flexion_accreditation,L'essai « ESSAI DE RÉSISTANCE À LA RUPTURE PAR FLEXION » est-il accrédité ?,accréditation de l'essai essai de résistance à la rupture par flexion | cet essai est-il couvert par l'accréditation ? | portée d'accréditation pour essai de résistance à la rupture par flexion | essai de résistance à la rupture par flexion accrédité,"Oui, l'essai « ESSAI DE RÉSISTANCE À LA RUPTURE PAR FLEXION » est accrédité.",Le laboratoire réalise l'essai « ESSAI DE RÉSISTANCE À LA RUPTURE PAR FLEXION » dans le cadre de son accréditation.,Briques et terre cuite,"essai, resistance, rupture, flexion, brique, terre cuite, tuile",Haute,"essai_resistance_rupture_par_flexion_norme, essai_resistance_rupture_par_flexion_delai"
controle_qualite_tuiles_norme,Selon quelle norme réalisez-vous l'essai « CONTRÔLE DE QUALITÉ SUR TUILES » ?,norme contrôle de qualité sur tuiles | référence normative de l'essai contrôle de qualité sur tuiles | quelle norme utilisez-vous pour cet essai ? | contrôle de qualité sur tuiles norme applicable,L'essai « CONTRÔLE DE QUALITÉ SUR TUILES » est réalisé selon **NF EN 1304**.,Le laboratoire réalise l'essai « CONTRÔLE DE QUALITÉ SUR TUILES » selon **NF EN 1304**.,Briques et terre cuite,"controle, qualite, tuiles, brique, terre cuite, tuile",Moyenne,"controle_qualite_tuiles_delai, controle_qualite_tuiles_accreditation"
controle_qualite_tuiles_delai,Quel est le délai de réalisation de l'essai « CONTRÔLE DE QUALITÉ SUR TUILES » ?,délai de l'essai contrôle de qualité sur tuiles | combien de temps prend l'essai contrôle de qualité sur tuiles ? | quand aurai-je les résultats pour contrôle de qualité sur tuiles | temps de traitement contrôle de qualité sur tuiles,Le délai de réalisation de l'essai « CONTRÔLE DE QUALITÉ SUR TUILES » est de **18 jours**.,Le laboratoire réalise l'essai « CONTRÔLE DE QUALITÉ SUR TUILES » dans un délai de **18 jours** à compter de la réception de l'échantillon.,Briques et terre cuite,"controle, qualite, tuiles, brique, terre cuite, tuile",Moyenne,"controle_qualite_tuiles_norme, controle_qualite_tuiles_accreditation"
controle_qualite_tuiles_accreditation,L'essai « CONTRÔLE DE QUALITÉ SUR TUILES » est-il accrédité ?,accréditation de l'essai contrôle de qualité sur tuiles | cet essai est-il couvert par l'accréditation ? | portée d'accréditation pour contrôle de qualité sur tuiles | contrôle de qualité sur tuiles accrédité,"Non, l'essai « CONTRÔLE DE QUALITÉ SUR TUILES » n'est pas accrédité.",L'essai « CONTRÔLE DE QUALITÉ SUR TUILES » est proposé par le laboratoire mais ne fait pas partie de sa portée d'accréditation actuelle.,Briques et terre cuite,"controle, qualite, tuiles, brique, terre cuite, tuile",Moyenne,"controle_qualite_tuiles_norme, controle_qualite_tuiles_delai"
essai_cuisson_terre_cuite_tuiles_norme,Selon quelle norme réalisez-vous l'essai « ESSAI DE CUISSON TERRE CUITE / TUILES » ?,norme essai de cuisson terre cuite / tuiles | référence normative de l'essai essai de cuisson terre cuite / tuiles | quelle norme utilisez-vous pour cet essai ? | essai de cuisson terre cuite / tuiles norme applicable,L'essai « ESSAI DE CUISSON TERRE CUITE / TUILES » est réalisé selon **Mode Opératoire**.,Le laboratoire réalise l'essai « ESSAI DE CUISSON TERRE CUITE / TUILES » selon **Mode Opératoire**.,Briques et terre cuite,"essai, cuisson, terre, cuite, tuiles, brique, terre cuite, tuile",Moyenne,"essai_cuisson_terre_cuite_tuiles_delai, essai_cuisson_terre_cuite_tuiles_accreditation"
essai_cuisson_terre_cuite_tuiles_delai,Quel est le délai de réalisation de l'essai « ESSAI DE CUISSON TERRE CUITE / TUILES » ?,délai de l'essai essai de cuisson terre cuite / tuiles | combien de temps prend l'essai essai de cuisson terre cuite / tuiles ? | quand aurai-je les résultats pour essai de cuisson terre cuite / tuiles | temps de traitement essai de cuisson terre cuite / tuiles,Le délai de réalisation de l'essai « ESSAI DE CUISSON TERRE CUITE / TUILES » est de **7 jours**.,Le laboratoire réalise l'essai « ESSAI DE CUISSON TERRE CUITE / TUILES » dans un délai de **7 jours** à compter de la réception de l'échantillon.,Briques et terre cuite,"essai, cuisson, terre, cuite, tuiles, brique, terre cuite, tuile",Moyenne,"essai_cuisson_terre_cuite_tuiles_norme, essai_cuisson_terre_cuite_tuiles_accreditation"
essai_cuisson_terre_cuite_tuiles_accreditation,L'essai « ESSAI DE CUISSON TERRE CUITE / TUILES » est-il accrédité ?,accréditation de l'essai essai de cuisson terre cuite / tuiles | cet essai est-il couvert par l'accréditation ? | portée d'accréditation pour essai de cuisson terre cuite / tuiles | essai de cuisson terre cuite / tuiles accrédité,"Non, l'essai « ESSAI DE CUISSON TERRE CUITE / TUILES » n'est pas accrédité.",L'essai « ESSAI DE CUISSON TERRE CUITE / TUILES » est proposé par le laboratoire mais ne fait pas partie de sa portée d'accréditation actuelle.,Briques et terre cuite,"essai, cuisson, terre, cuite, tuiles, brique, terre cuite, tuile",Moyenne,"essai_cuisson_terre_cuite_tuiles_norme, essai_cuisson_terre_cuite_tuiles_delai"
essais_reduits_argile_pour_tuiles_norme,Selon quelle norme réalisez-vous l'essai « ESSAIS RÉDUITS SUR ARGILE POUR TUILES » ?,norme essais réduits sur argile pour tuiles | référence normative de l'essai essais réduits sur argile pour tuiles | quelle norme utilisez-vous pour cet essai ? | essais réduits sur argile pour tuiles norme applicable,L'essai « ESSAIS RÉDUITS SUR ARGILE POUR TUILES » est réalisé selon **Mode Opératoire**.,Le laboratoire réalise l'essai « ESSAIS RÉDUITS SUR ARGILE POUR TUILES » selon **Mode Opératoire**.,Briques et terre cuite,"essais, reduits, argile, tuiles, brique, terre cuite, tuile",Moyenne,"essais_reduits_argile_pour_tuiles_delai, essais_reduits_argile_pour_tuiles_accreditation"
essais_reduits_argile_pour_tuiles_delai,Quel est le délai de réalisation de l'essai « ESSAIS RÉDUITS SUR ARGILE POUR TUILES » ?,délai de l'essai essais réduits sur argile pour tuiles | combien de temps prend l'essai essais réduits sur argile pour tuiles ? | quand aurai-je les résultats pour essais réduits sur argile pour tuiles | temps de traitement essais réduits sur argile pour tuiles,Le délai de réalisation de l'essai « ESSAIS RÉDUITS SUR ARGILE POUR TUILES » est de **25 jours**.,Le laboratoire réalise l'essai « ESSAIS RÉDUITS SUR ARGILE POUR TUILES » dans un délai de **25 jours** à compter de la réception de l'échantillon.,Briques et terre cuite,"essais, reduits, argile, tuiles, brique, terre cuite, tuile",Moyenne,"essais_reduits_argile_pour_tuiles_norme, essais_reduits_argile_pour_tuiles_accreditation"
essais_reduits_argile_pour_tuiles_accreditation,L'essai « ESSAIS RÉDUITS SUR ARGILE POUR TUILES » est-il accrédité ?,accréditation de l'essai essais réduits sur argile pour tuiles | cet essai est-il couvert par l'accréditation ? | portée d'accréditation pour essais réduits sur argile pour tuiles | essais réduits sur argile pour tuiles accrédité,"Non, l'essai « ESSAIS RÉDUITS SUR ARGILE POUR TUILES » n'est pas accrédité.",L'essai « ESSAIS RÉDUITS SUR ARGILE POUR TUILES » est proposé par le laboratoire mais ne fait pas partie de sa portée d'accréditation actuelle.,Briques et terre cuite,"essais, reduits, argile, tuiles, brique, terre cuite, tuile",Moyenne,"essais_reduits_argile_pour_tuiles_norme, essais_reduits_argile_pour_tuiles_delai"
essais_complets_argile_pour_tuiles_norme,Selon quelle norme réalisez-vous l'essai « ESSAIS COMPLETS SUR ARGILE POUR TUILES » ?,norme essais complets sur argile pour tuiles | référence normative de l'essai essais complets sur argile pour tuiles | quelle norme utilisez-vous pour cet essai ? | essais complets sur argile pour tuiles norme applicable,L'essai « ESSAIS COMPLETS SUR ARGILE POUR TUILES » est réalisé selon **Mode Opératoire**.,Le laboratoire réalise l'essai « ESSAIS COMPLETS SUR ARGILE POUR TUILES » selon **Mode Opératoire**.,Briques et terre cuite,"essais, complets, argile, tuiles, brique, terre cuite, tuile",Moyenne,"essais_complets_argile_pour_tuiles_delai, essais_complets_argile_pour_tuiles_accreditation"
essais_complets_argile_pour_tuiles_delai,Quel est le délai de réalisation de l'essai « ESSAIS COMPLETS SUR ARGILE POUR TUILES » ?,délai de l'essai essais complets sur argile pour tuiles | combien de temps prend l'essai essais complets sur argile pour tuiles ? | quand aurai-je les résultats pour essais complets sur argile pour tuiles | temps de traitement essais complets sur argile pour tuiles,Le délai de réalisation de l'essai « ESSAIS COMPLETS SUR ARGILE POUR TUILES » est de **35 jours**.,Le laboratoire réalise l'essai « ESSAIS COMPLETS SUR ARGILE POUR TUILES » dans un délai de **35 jours** à compter de la réception de l'échantillon.,Briques et terre cuite,"essais, complets, argile, tuiles, brique, terre cuite, tuile",Moyenne,"essais_complets_argile_pour_tuiles_norme, essais_complets_argile_pour_tuiles_accreditation"
essais_complets_argile_pour_tuiles_accreditation,L'essai « ESSAIS COMPLETS SUR ARGILE POUR TUILES » est-il accrédité ?,accréditation de l'essai essais complets sur argile pour tuiles | cet essai est-il couvert par l'accréditation ? | portée d'accréditation pour essais complets sur argile pour tuiles | essais complets sur argile pour tuiles accrédité,"Non, l'essai « ESSAIS COMPLETS SUR ARGILE POUR TUILES » n'est pas accrédité.",L'essai « ESSAIS COMPLETS SUR ARGILE POUR TUILES » est proposé par le laboratoire mais ne fait pas partie de sa portée d'accréditation actuelle.,Briques et terre cuite,"essais, complets, argile, tuiles, brique, terre cuite, tuile",Moyenne,"essais_complets_argile_pour_tuiles_norme, essais_complets_argile_pour_tuiles_delai"
essai_granulometrique_norme,Selon quelle norme réalisez-vous l'essai « ESSAI GRANULOMÉTRIQUE » ?,norme essai granulométrique | référence normative de l'essai essai granulométrique | quelle norme utilisez-vous pour cet essai ? | essai granulométrique norme applicable,L'essai « ESSAI GRANULOMÉTRIQUE » est réalisé selon **Mode Opératoire**.,Le laboratoire réalise l'essai « ESSAI GRANULOMÉTRIQUE » selon **Mode Opératoire**.,Briques et terre cuite,"essai, granulometrique, brique, terre cuite, tuile",Moyenne,"essai_granulometrique_delai, essai_granulometrique_accreditation"
essai_granulometrique_delai,Quel est le délai de réalisation de l'essai « ESSAI GRANULOMÉTRIQUE » ?,délai de l'essai essai granulométrique | combien de temps prend l'essai essai granulométrique ? | quand aurai-je les résultats pour essai granulométrique | temps de traitement essai granulométrique,Le délai de réalisation de l'essai « ESSAI GRANULOMÉTRIQUE » est de **3 jours**.,Le laboratoire réalise l'essai « ESSAI GRANULOMÉTRIQUE » dans un délai de **3 jours** à compter de la réception de l'échantillon.,Briques et terre cuite,"essai, granulometrique, brique, terre cuite, tuile",Moyenne,"essai_granulometrique_norme, essai_granulometrique_accreditation"
essai_granulometrique_accreditation,L'essai « ESSAI GRANULOMÉTRIQUE » est-il accrédité ?,accréditation de l'essai essai granulométrique | cet essai est-il couvert par l'accréditation ? | portée d'accréditation pour essai granulométrique | essai granulométrique accrédité,"Non, l'essai « ESSAI GRANULOMÉTRIQUE » n'est pas accrédité.",L'essai « ESSAI GRANULOMÉTRIQUE » est proposé par le laboratoire mais ne fait pas partie de sa portée d'accréditation actuelle.,Briques et terre cuite,"essai, granulometrique, brique, terre cuite, tuile",Moyenne,"essai_granulometrique_norme, essai_granulometrique_delai"
essai_reduit_argile_pour_briques_norme,Selon quelle norme réalisez-vous l'essai « ESSAI RÉDUIT SUR ARGILE POUR BRIQUES » ?,norme essai réduit sur argile pour briques | référence normative de l'essai essai réduit sur argile pour briques | quelle norme utilisez-vous pour cet essai ? | essai réduit sur argile pour briques norme applicable,L'essai « ESSAI RÉDUIT SUR ARGILE POUR BRIQUES » est réalisé selon **Mode Opératoire**.,Le laboratoire réalise l'essai « ESSAI RÉDUIT SUR ARGILE POUR BRIQUES » selon **Mode Opératoire**.,Briques et terre cuite,"essai, reduit, argile, briques, brique, terre cuite, tuile",Moyenne,"essai_reduit_argile_pour_briques_delai, essai_reduit_argile_pour_briques_accreditation"
essai_reduit_argile_pour_briques_delai,Quel est le délai de réalisation de l'essai « ESSAI RÉDUIT SUR ARGILE POUR BRIQUES » ?,délai de l'essai essai réduit sur argile pour briques | combien de temps prend l'essai essai réduit sur argile pour briques ? | quand aurai-je les résultats pour essai réduit sur argile pour briques | temps de traitement essai réduit sur argile pour briques,Le délai de réalisation de l'essai « ESSAI RÉDUIT SUR ARGILE POUR BRIQUES » est de **25 jours**.,Le laboratoire réalise l'essai « ESSAI RÉDUIT SUR ARGILE POUR BRIQUES » dans un délai de **25 jours** à compter de la réception de l'échantillon.,Briques et terre cuite,"essai, reduit, argile, briques, brique, terre cuite, tuile",Moyenne,"essai_reduit_argile_pour_briques_norme, essai_reduit_argile_pour_briques_accreditation"
essai_reduit_argile_pour_briques_accreditation,L'essai « ESSAI RÉDUIT SUR ARGILE POUR BRIQUES » est-il accrédité ?,accréditation de l'essai essai réduit sur argile pour briques | cet essai est-il couvert par l'accréditation ? | portée d'accréditation pour essai réduit sur argile pour briques | essai réduit sur argile pour briques accrédité,"Non, l'essai « ESSAI RÉDUIT SUR ARGILE POUR BRIQUES » n'est pas accrédité.",L'essai « ESSAI RÉDUIT SUR ARGILE POUR BRIQUES » est proposé par le laboratoire mais ne fait pas partie de sa portée d'accréditation actuelle.,Briques et terre cuite,"essai, reduit, argile, briques, brique, terre cuite, tuile",Moyenne,"essai_reduit_argile_pour_briques_norme, essai_reduit_argile_pour_briques_delai"
essai_briques_norme,Selon quelle norme réalisez-vous l'essai « ESSAI SUR BRIQUES » ?,norme essai sur briques | référence normative de l'essai essai sur briques | quelle norme utilisez-vous pour cet essai ? | essai sur briques norme applicable,L'essai « ESSAI SUR BRIQUES » est réalisé selon **Normes en Vigueurs**.,Le laboratoire réalise l'essai « ESSAI SUR BRIQUES » selon **Normes en Vigueurs**.,Briques et terre cuite,"essai, briques, brique, terre cuite, tuile",Moyenne,"essai_briques_delai, essai_briques_accreditation"
essai_briques_delai,Quel est le délai de réalisation de l'essai « ESSAI SUR BRIQUES » ?,délai de l'essai essai sur briques | combien de temps prend l'essai essai sur briques ? | quand aurai-je les résultats pour essai sur briques | temps de traitement essai sur briques,Le délai de réalisation de l'essai « ESSAI SUR BRIQUES » est de **10 jours**.,Le laboratoire réalise l'essai « ESSAI SUR BRIQUES » dans un délai de **10 jours** à compter de la réception de l'échantillon.,Briques et terre cuite,"essai, briques, brique, terre cuite, tuile",Moyenne,"essai_briques_norme, essai_briques_accreditation"
essai_briques_accreditation,L'essai « ESSAI SUR BRIQUES » est-il accrédité ?,accréditation de l'essai essai sur briques | cet essai est-il couvert par l'accréditation ? | portée d'accréditation pour essai sur briques | essai sur briques accrédité,"Non, l'essai « ESSAI SUR BRIQUES » n'est pas accrédité.",L'essai « ESSAI SUR BRIQUES » est proposé par le laboratoire mais ne fait pas partie de sa portée d'accréditation actuelle.,Briques et terre cuite,"essai, briques, brique, terre cuite, tuile",Moyenne,"essai_briques_norme, essai_briques_delai"
essai_tuiles_norme,Selon quelle norme réalisez-vous l'essai « ESSAI SUR TUILES » ?,norme essai sur tuiles | référence normative de l'essai essai sur tuiles | quelle norme utilisez-vous pour cet essai ? | essai sur tuiles norme applicable,L'essai « ESSAI SUR TUILES » est réalisé selon **Normes en Vigueurs**.,Le laboratoire réalise l'essai « ESSAI SUR TUILES » selon **Normes en Vigueurs**.,Briques et terre cuite,"essai, tuiles, brique, terre cuite, tuile",Moyenne,"essai_tuiles_delai, essai_tuiles_accreditation"
essai_tuiles_delai,Quel est le délai de réalisation de l'essai « ESSAI SUR TUILES » ?,délai de l'essai essai sur tuiles | combien de temps prend l'essai essai sur tuiles ? | quand aurai-je les résultats pour essai sur tuiles | temps de traitement essai sur tuiles,Le délai de réalisation de l'essai « ESSAI SUR TUILES » est de **18 jours**.,Le laboratoire réalise l'essai « ESSAI SUR TUILES » dans un délai de **18 jours** à compter de la réception de l'échantillon.,Briques et terre cuite,"essai, tuiles, brique, terre cuite, tuile",Moyenne,"essai_tuiles_norme, essai_tuiles_accreditation"
essai_tuiles_accreditation,L'essai « ESSAI SUR TUILES » est-il accrédité ?,accréditation de l'essai essai sur tuiles | cet essai est-il couvert par l'accréditation ? | portée d'accréditation pour essai sur tuiles | essai sur tuiles accrédité,"Non, l'essai « ESSAI SUR TUILES » n'est pas accrédité.",L'essai « ESSAI SUR TUILES » est proposé par le laboratoire mais ne fait pas partie de sa portée d'accréditation actuelle.,Briques et terre cuite,"essai, tuiles, brique, terre cuite, tuile",Moyenne,"essai_tuiles_norme, essai_tuiles_delai"
resistance_compression_briques_terre_cuite_norme,Selon quelle norme réalisez-vous l'essai « RÉSISTANCE À LA COMPRESSION DES BRIQUES EN TERRE CUITE (P ET U) » ?,norme résistance à la compression des briques en terre cuite (p et u) | référence normative de l'essai résistance à la compression des briques en terre cuite (p et u) | quelle norme utilisez-vous pour cet essai ? | résistance à la compression des briques en terre cuite (p et u) norme applicable,L'essai « RÉSISTANCE À LA COMPRESSION DES BRIQUES EN TERRE CUITE (P ET U) » est réalisé selon **NF EN 771-1+A1/CN & NF EN 772-1+A1**.,Le laboratoire réalise l'essai « RÉSISTANCE À LA COMPRESSION DES BRIQUES EN TERRE CUITE (P ET U) » selon **NF EN 771-1+A1/CN & NF EN 772-1+A1**.,Briques et terre cuite,"resistance, compression, briques, terre, cuite, brique, terre cuite, tuile",Haute,"resistance_compression_briques_terre_cuite_delai, resistance_compression_briques_terre_cuite_accreditation"
resistance_compression_briques_terre_cuite_delai,Quel est le délai de réalisation de l'essai « RÉSISTANCE À LA COMPRESSION DES BRIQUES EN TERRE CUITE (P ET U) » ?,délai de l'essai résistance à la compression des briques en terre cuite (p et u) | combien de temps prend l'essai résistance à la compression des briques en terre cuite (p et u) ? | quand aurai-je les résultats pour résistance à la compression des briques en terre cuite (p et u) | temps de traitement résistance à la compression des briques en terre cuite (p et u),Le délai de réalisation de l'essai « RÉSISTANCE À LA COMPRESSION DES BRIQUES EN TERRE CUITE (P ET U) » est de **5 jours**.,Le laboratoire réalise l'essai « RÉSISTANCE À LA COMPRESSION DES BRIQUES EN TERRE CUITE (P ET U) » dans un délai de **5 jours** à compter de la réception de l'échantillon.,Briques et terre cuite,"resistance, compression, briques, terre, cuite, brique, terre cuite, tuile",Haute,"resistance_compression_briques_terre_cuite_norme, resistance_compression_briques_terre_cuite_accreditation"
resistance_compression_briques_terre_cuite_accreditation,L'essai « RÉSISTANCE À LA COMPRESSION DES BRIQUES EN TERRE CUITE (P ET U) » est-il accrédité ?,accréditation de l'essai résistance à la compression des briques en terre cuite (p et u) | cet essai est-il couvert par l'accréditation ? | portée d'accréditation pour résistance à la compression des briques en terre cuite (p et u) | résistance à la compression des briques en terre cuite (p et u) accrédité,"Oui, l'essai « RÉSISTANCE À LA COMPRESSION DES BRIQUES EN TERRE CUITE (P ET U) » est accrédité.",Le laboratoire réalise l'essai « RÉSISTANCE À LA COMPRESSION DES BRIQUES EN TERRE CUITE (P ET U) » dans le cadre de son accréditation.,Briques et terre cuite,"resistance, compression, briques, terre, cuite, brique, terre cuite, tuile",Haute,"resistance_compression_briques_terre_cuite_norme, resistance_compression_briques_terre_cuite_delai"
tuiles_terre_cuite_emboitement_glissement_caracteristiques_norme,Selon quelle norme réalisez-vous l'essai « TUILES DE TERRE CUITE À EMBOÎTEMENT OU À GLISSEMENT — CARACTÉRISTIQUES GÉOMÉTRIQUES » ?,norme tuiles de terre cuite à emboîtement ou à glissement — caractéristiques géométriques | référence normative de l'essai tuiles de terre cuite à emboîtement ou à glissement — caractéristiques géométriques | quelle norme utilisez-vous pour cet essai ? | tuiles de terre cuite à emboîtement ou à glissement — caractéristiques géométriques norme applicable,L'essai « TUILES DE TERRE CUITE À EMBOÎTEMENT OU À GLISSEMENT — CARACTÉRISTIQUES GÉOMÉTRIQUES » est réalisé selon **NF EN 1024**.,Le laboratoire réalise l'essai « TUILES DE TERRE CUITE À EMBOÎTEMENT OU À GLISSEMENT — CARACTÉRISTIQUES GÉOMÉTRIQUES » selon **NF EN 1024**.,Briques et terre cuite,"tuiles, terre, cuite, emboitement, glissement, caracteristiques, brique, terre cuite",Haute,"tuiles_terre_cuite_emboitement_glissement_caracteristiques_delai, tuiles_terre_cuite_emboitement_glissement_caracteristiques_accreditation"
tuiles_terre_cuite_emboitement_glissement_caracteristiques_delai,Quel est le délai de réalisation de l'essai « TUILES DE TERRE CUITE À EMBOÎTEMENT OU À GLISSEMENT — CARACTÉRISTIQUES GÉOMÉTRIQUES » ?,délai de l'essai tuiles de terre cuite à emboîtement ou à glissement — caractéristiques géométriques | combien de temps prend l'essai tuiles de terre cuite à emboîtement ou à glissement — caractéristiques géométriques ? | quand aurai-je les résultats pour tuiles de terre cuite à emboîtement ou à glissement — caractéristiques géométriques | temps de traitement tuiles de terre cuite à emboîtement ou à glissement — caractéristiques géométriques,Le délai de réalisation de l'essai « TUILES DE TERRE CUITE À EMBOÎTEMENT OU À GLISSEMENT — CARACTÉRISTIQUES GÉOMÉTRIQUES » est de **3 jours**.,Le laboratoire réalise l'essai « TUILES DE TERRE CUITE À EMBOÎTEMENT OU À GLISSEMENT — CARACTÉRISTIQUES GÉOMÉTRIQUES » dans un délai de **3 jours** à compter de la réception de l'échantillon.,Briques et terre cuite,"tuiles, terre, cuite, emboitement, glissement, caracteristiques, brique, terre cuite",Haute,"tuiles_terre_cuite_emboitement_glissement_caracteristiques_norme, tuiles_terre_cuite_emboitement_glissement_caracteristiques_accreditation"
tuiles_terre_cuite_emboitement_glissement_caracteristiques_accreditation,L'essai « TUILES DE TERRE CUITE À EMBOÎTEMENT OU À GLISSEMENT — CARACTÉRISTIQUES GÉOMÉTRIQUES » est-il accrédité ?,accréditation de l'essai tuiles de terre cuite à emboîtement ou à glissement — caractéristiques géométriques | cet essai est-il couvert par l'accréditation ? | portée d'accréditation pour tuiles de terre cuite à emboîtement ou à glissement — caractéristiques géométriques | tuiles de terre cuite à emboîtement ou à glissement — caractéristiques géométriques accrédité,"Oui, l'essai « TUILES DE TERRE CUITE À EMBOÎTEMENT OU À GLISSEMENT — CARACTÉRISTIQUES GÉOMÉTRIQUES » est accrédité.",Le laboratoire réalise l'essai « TUILES DE TERRE CUITE À EMBOÎTEMENT OU À GLISSEMENT — CARACTÉRISTIQUES GÉOMÉTRIQUES » dans le cadre de son accréditation.,Briques et terre cuite,"tuiles, terre, cuite, emboitement, glissement, caracteristiques, brique, terre cuite",Haute,"tuiles_terre_cuite_emboitement_glissement_caracteristiques_norme, tuiles_terre_cuite_emboitement_glissement_caracteristiques_delai"
tuiles_terre_cuite_emboitement_glissement_impermeabilite_norme,Selon quelle norme réalisez-vous l'essai « TUILES DE TERRE CUITE À EMBOÎTEMENT OU À GLISSEMENT — IMPERMÉABILITÉ » ?,norme tuiles de terre cuite à emboîtement ou à glissement — imperméabilité | référence normative de l'essai tuiles de terre cuite à emboîtement ou à glissement — imperméabilité | quelle norme utilisez-vous pour cet essai ? | tuiles de terre cuite à emboîtement ou à glissement — imperméabilité norme applicable,L'essai « TUILES DE TERRE CUITE À EMBOÎTEMENT OU À GLISSEMENT — IMPERMÉABILITÉ » est réalisé selon **NF EN 539-1**.,Le laboratoire réalise l'essai « TUILES DE TERRE CUITE À EMBOÎTEMENT OU À GLISSEMENT — IMPERMÉABILITÉ » selon **NF EN 539-1**.,Briques et terre cuite,"tuiles, terre, cuite, emboitement, glissement, impermeabilite, brique, terre cuite",Haute,"tuiles_terre_cuite_emboitement_glissement_impermeabilite_delai, tuiles_terre_cuite_emboitement_glissement_impermeabilite_accreditation"
tuiles_terre_cuite_emboitement_glissement_impermeabilite_delai,Quel est le délai de réalisation de l'essai « TUILES DE TERRE CUITE À EMBOÎTEMENT OU À GLISSEMENT — IMPERMÉABILITÉ » ?,délai de l'essai tuiles de terre cuite à emboîtement ou à glissement — imperméabilité | combien de temps prend l'essai tuiles de terre cuite à emboîtement ou à glissement — imperméabilité ? | quand aurai-je les résultats pour tuiles de terre cuite à emboîtement ou à glissement — imperméabilité | temps de traitement tuiles de terre cuite à emboîtement ou à glissement — imperméabilité,Le délai de réalisation de l'essai « TUILES DE TERRE CUITE À EMBOÎTEMENT OU À GLISSEMENT — IMPERMÉABILITÉ » est de **12 jours**.,Le laboratoire réalise l'essai « TUILES DE TERRE CUITE À EMBOÎTEMENT OU À GLISSEMENT — IMPERMÉABILITÉ » dans un délai de **12 jours** à compter de la réception de l'échantillon.,Briques et terre cuite,"tuiles, terre, cuite, emboitement, glissement, impermeabilite, brique, terre cuite",Haute,"tuiles_terre_cuite_emboitement_glissement_impermeabilite_norme, tuiles_terre_cuite_emboitement_glissement_impermeabilite_accreditation"
tuiles_terre_cuite_emboitement_glissement_impermeabilite_accreditation,L'essai « TUILES DE TERRE CUITE À EMBOÎTEMENT OU À GLISSEMENT — IMPERMÉABILITÉ » est-il accrédité ?,accréditation de l'essai tuiles de terre cuite à emboîtement ou à glissement — imperméabilité | cet essai est-il couvert par l'accréditation ? | portée d'accréditation pour tuiles de terre cuite à emboîtement ou à glissement — imperméabilité | tuiles de terre cuite à emboîtement ou à glissement — imperméabilité accrédité,"Oui, l'essai « TUILES DE TERRE CUITE À EMBOÎTEMENT OU À GLISSEMENT — IMPERMÉABILITÉ » est accrédité.",Le laboratoire réalise l'essai « TUILES DE TERRE CUITE À EMBOÎTEMENT OU À GLISSEMENT — IMPERMÉABILITÉ » dans le cadre de son accréditation.,Briques et terre cuite,"tuiles, terre, cuite, emboitement, glissement, impermeabilite, brique, terre cuite",Haute,"tuiles_terre_cuite_emboitement_glissement_impermeabilite_norme, tuiles_terre_cuite_emboitement_glissement_impermeabilite_delai"
essai_hourdis_terre_cuite_norme,Selon quelle norme réalisez-vous l'essai « ESSAI SUR HOURDIS EN TERRE CUITE » ?,norme essai sur hourdis en terre cuite | référence normative de l'essai essai sur hourdis en terre cuite | quelle norme utilisez-vous pour cet essai ? | essai sur hourdis en terre cuite norme applicable,L'essai « ESSAI SUR HOURDIS EN TERRE CUITE » est réalisé selon **Normes en Vigueurs**.,Le laboratoire réalise l'essai « ESSAI SUR HOURDIS EN TERRE CUITE » selon **Normes en Vigueurs**.,Briques et terre cuite,"essai, hourdis, terre, cuite, brique, terre cuite, tuile",Moyenne,"essai_hourdis_terre_cuite_delai, essai_hourdis_terre_cuite_accreditation"
essai_hourdis_terre_cuite_delai,Quel est le délai de réalisation de l'essai « ESSAI SUR HOURDIS EN TERRE CUITE » ?,délai de l'essai essai sur hourdis en terre cuite | combien de temps prend l'essai essai sur hourdis en terre cuite ? | quand aurai-je les résultats pour essai sur hourdis en terre cuite | temps de traitement essai sur hourdis en terre cuite,Le délai de réalisation de l'essai « ESSAI SUR HOURDIS EN TERRE CUITE » est de **18 jours**.,Le laboratoire réalise l'essai « ESSAI SUR HOURDIS EN TERRE CUITE » dans un délai de **18 jours** à compter de la réception de l'échantillon.,Briques et terre cuite,"essai, hourdis, terre, cuite, brique, terre cuite, tuile",Moyenne,"essai_hourdis_terre_cuite_norme, essai_hourdis_terre_cuite_accreditation"
essai_hourdis_terre_cuite_accreditation,L'essai « ESSAI SUR HOURDIS EN TERRE CUITE » est-il accrédité ?,accréditation de l'essai essai sur hourdis en terre cuite | cet essai est-il couvert par l'accréditation ? | portée d'accréditation pour essai sur hourdis en terre cuite | essai sur hourdis en terre cuite accrédité,"Non, l'essai « ESSAI SUR HOURDIS EN TERRE CUITE » n'est pas accrédité.",L'essai « ESSAI SUR HOURDIS EN TERRE CUITE » est proposé par le laboratoire mais ne fait pas partie de sa portée d'accréditation actuelle.,Briques et terre cuite,"essai, hourdis, terre, cuite, brique, terre cuite, tuile",Moyenne,"essai_hourdis_terre_cuite_norme, essai_hourdis_terre_cuite_delai"
controle_qualite_briques_norme,Selon quelle norme réalisez-vous l'essai « CONTRÔLE DE QUALITÉ SUR BRIQUES » ?,norme contrôle de qualité sur briques | référence normative de l'essai contrôle de qualité sur briques | quelle norme utilisez-vous pour cet essai ? | contrôle de qualité sur briques norme applicable,L'essai « CONTRÔLE DE QUALITÉ SUR BRIQUES » est réalisé selon **NF EN 771-1+A1/CN**.,Le laboratoire réalise l'essai « CONTRÔLE DE QUALITÉ SUR BRIQUES » selon **NF EN 771-1+A1/CN**.,Briques et terre cuite,"controle, qualite, briques, brique, terre cuite, tuile",Moyenne,"controle_qualite_briques_delai, controle_qualite_briques_accreditation"
controle_qualite_briques_delai,Quel est le délai de réalisation de l'essai « CONTRÔLE DE QUALITÉ SUR BRIQUES » ?,délai de l'essai contrôle de qualité sur briques | combien de temps prend l'essai contrôle de qualité sur briques ? | quand aurai-je les résultats pour contrôle de qualité sur briques | temps de traitement contrôle de qualité sur briques,Le délai de réalisation de l'essai « CONTRÔLE DE QUALITÉ SUR BRIQUES » est de **10 jours**.,Le laboratoire réalise l'essai « CONTRÔLE DE QUALITÉ SUR BRIQUES » dans un délai de **10 jours** à compter de la réception de l'échantillon.,Briques et terre cuite,"controle, qualite, briques, brique, terre cuite, tuile",Moyenne,"controle_qualite_briques_norme, controle_qualite_briques_accreditation"
controle_qualite_briques_accreditation,L'essai « CONTRÔLE DE QUALITÉ SUR BRIQUES » est-il accrédité ?,accréditation de l'essai contrôle de qualité sur briques | cet essai est-il couvert par l'accréditation ? | portée d'accréditation pour contrôle de qualité sur briques | contrôle de qualité sur briques accrédité,"Non, l'essai « CONTRÔLE DE QUALITÉ SUR BRIQUES » n'est pas accrédité.",L'essai « CONTRÔLE DE QUALITÉ SUR BRIQUES » est proposé par le laboratoire mais ne fait pas partie de sa portée d'accréditation actuelle.,Briques et terre cuite,"controle, qualite, briques, brique, terre cuite, tuile",Moyenne,"controle_qualite_briques_norme, controle_qualite_briques_delai"
essais_croises_norme,Selon quelle norme réalisez-vous l'essai « ESSAIS CROISÉS » ?,norme essais croisés | référence normative de l'essai essais croisés | quelle norme utilisez-vous pour cet essai ? | essais croisés norme applicable,L'essai « ESSAIS CROISÉS » est réalisé selon **Normes en Vigueurs**.,Le laboratoire réalise l'essai « ESSAIS CROISÉS » selon **Normes en Vigueurs**.,Briques et terre cuite,"essais, croises, brique, terre cuite, tuile",Moyenne,"essais_croises_delai, essais_croises_accreditation"
essais_croises_delai,Quel est le délai de réalisation de l'essai « ESSAIS CROISÉS » ?,délai de l'essai essais croisés | combien de temps prend l'essai essais croisés ? | quand aurai-je les résultats pour essais croisés | temps de traitement essais croisés,Le délai de réalisation de l'essai « ESSAIS CROISÉS » est de **18 jours**.,Le laboratoire réalise l'essai « ESSAIS CROISÉS » dans un délai de **18 jours** à compter de la réception de l'échantillon.,Briques et terre cuite,"essais, croises, brique, terre cuite, tuile",Moyenne,"essais_croises_norme, essais_croises_accreditation"
essais_croises_accreditation,L'essai « ESSAIS CROISÉS » est-il accrédité ?,accréditation de l'essai essais croisés | cet essai est-il couvert par l'accréditation ? | portée d'accréditation pour essais croisés | essais croisés accrédité,"Non, l'essai « ESSAIS CROISÉS » n'est pas accrédité.",L'essai « ESSAIS CROISÉS » est proposé par le laboratoire mais ne fait pas partie de sa portée d'accréditation actuelle.,Briques et terre cuite,"essais, croises, brique, terre cuite, tuile",Moyenne,"essais_croises_norme, essais_croises_delai"
mission_prelevement_5_norme,Selon quelle norme réalisez-vous l'essai « MISSION DE PRÉLÈVEMENT (BRIQUES) » ?,norme mission de prélèvement (briques) | référence normative de l'essai mission de prélèvement (briques) | quelle norme utilisez-vous pour cet essai ? | mission de prélèvement (briques) norme applicable,L'essai « MISSION DE PRÉLÈVEMENT (BRIQUES) » est réalisé selon **Normes en Vigueurs**.,Le laboratoire réalise l'essai « MISSION DE PRÉLÈVEMENT (BRIQUES) » selon **Normes en Vigueurs**.,Briques et terre cuite,"mission, prelevement, brique, terre cuite, tuile",Moyenne,"mission_prelevement_5_delai, mission_prelevement_5_accreditation"
mission_prelevement_5_delai,Quel est le délai de réalisation de l'essai « MISSION DE PRÉLÈVEMENT (BRIQUES) » ?,délai de l'essai mission de prélèvement (briques) | combien de temps prend l'essai mission de prélèvement (briques) ? | quand aurai-je les résultats pour mission de prélèvement (briques) | temps de traitement mission de prélèvement (briques),Le délai de réalisation de l'essai « MISSION DE PRÉLÈVEMENT (BRIQUES) » est de **5 jours**.,Le laboratoire réalise l'essai « MISSION DE PRÉLÈVEMENT (BRIQUES) » dans un délai de **5 jours** à compter de la réception de l'échantillon.,Briques et terre cuite,"mission, prelevement, brique, terre cuite, tuile",Moyenne,"mission_prelevement_5_norme, mission_prelevement_5_accreditation"
mission_prelevement_5_accreditation,L'essai « MISSION DE PRÉLÈVEMENT (BRIQUES) » est-il accrédité ?,accréditation de l'essai mission de prélèvement (briques) | cet essai est-il couvert par l'accréditation ? | portée d'accréditation pour mission de prélèvement (briques) | mission de prélèvement (briques) accrédité,"Non, l'essai « MISSION DE PRÉLÈVEMENT (BRIQUES) » n'est pas accrédité.",L'essai « MISSION DE PRÉLÈVEMENT (BRIQUES) » est proposé par le laboratoire mais ne fait pas partie de sa portée d'accréditation actuelle.,Briques et terre cuite,"mission, prelevement, brique, terre cuite, tuile",Moyenne,"mission_prelevement_5_norme, mission_prelevement_5_delai"
determination_resistance_flexion_norme,Selon quelle norme réalisez-vous l'essai « DÉTERMINATION DE LA RÉSISTANCE À LA FLEXION » ?,norme détermination de la résistance à la flexion | référence normative de l'essai détermination de la résistance à la flexion | quelle norme utilisez-vous pour cet essai ? | détermination de la résistance à la flexion norme applicable,L'essai « DÉTERMINATION DE LA RÉSISTANCE À LA FLEXION » est réalisé selon **ISO 10545-4**.,Le laboratoire réalise l'essai « DÉTERMINATION DE LA RÉSISTANCE À LA FLEXION » selon **ISO 10545-4**.,Céramique et verre,"determination, resistance, flexion, céramique, carreaux, verre",Moyenne,"determination_resistance_flexion_delai, determination_resistance_flexion_accreditation"
determination_resistance_flexion_delai,Quel est le délai de réalisation de l'essai « DÉTERMINATION DE LA RÉSISTANCE À LA FLEXION » ?,délai de l'essai détermination de la résistance à la flexion | combien de temps prend l'essai détermination de la résistance à la flexion ? | quand aurai-je les résultats pour détermination de la résistance à la flexion | temps de traitement détermination de la résistance à la flexion,Le délai de réalisation de l'essai « DÉTERMINATION DE LA RÉSISTANCE À LA FLEXION » est de **5 jours**.,Le laboratoire réalise l'essai « DÉTERMINATION DE LA RÉSISTANCE À LA FLEXION » dans un délai de **5 jours** à compter de la réception de l'échantillon.,Céramique et verre,"determination, resistance, flexion, céramique, carreaux, verre",Moyenne,"determination_resistance_flexion_norme, determination_resistance_flexion_accreditation"
determination_resistance_flexion_accreditation,L'essai « DÉTERMINATION DE LA RÉSISTANCE À LA FLEXION » est-il accrédité ?,accréditation de l'essai détermination de la résistance à la flexion | cet essai est-il couvert par l'accréditation ? | portée d'accréditation pour détermination de la résistance à la flexion | détermination de la résistance à la flexion accrédité,"Non, l'essai « DÉTERMINATION DE LA RÉSISTANCE À LA FLEXION » n'est pas accrédité.",L'essai « DÉTERMINATION DE LA RÉSISTANCE À LA FLEXION » est proposé par le laboratoire mais ne fait pas partie de sa portée d'accréditation actuelle.,Céramique et verre,"determination, resistance, flexion, céramique, carreaux, verre",Moyenne,"determination_resistance_flexion_norme, determination_resistance_flexion_delai"
determination_resistance_abrasion_norme,Selon quelle norme réalisez-vous l'essai « DÉTERMINATION DE LA RÉSISTANCE À L'ABRASION » ?,norme détermination de la résistance à l'abrasion | référence normative de l'essai détermination de la résistance à l'abrasion | quelle norme utilisez-vous pour cet essai ? | détermination de la résistance à l'abrasion norme applicable,L'essai « DÉTERMINATION DE LA RÉSISTANCE À L'ABRASION » est réalisé selon **ISO 10545-7**.,Le laboratoire réalise l'essai « DÉTERMINATION DE LA RÉSISTANCE À L'ABRASION » selon **ISO 10545-7**.,Céramique et verre,"determination, resistance, abrasion, céramique, carreaux, verre",Haute,"determination_resistance_abrasion_delai, determination_resistance_abrasion_accreditation"
determination_resistance_abrasion_delai,Quel est le délai de réalisation de l'essai « DÉTERMINATION DE LA RÉSISTANCE À L'ABRASION » ?,délai de l'essai détermination de la résistance à l'abrasion | combien de temps prend l'essai détermination de la résistance à l'abrasion ? | quand aurai-je les résultats pour détermination de la résistance à l'abrasion | temps de traitement détermination de la résistance à l'abrasion,Le délai de réalisation de l'essai « DÉTERMINATION DE LA RÉSISTANCE À L'ABRASION » est de **5 jours**.,Le laboratoire réalise l'essai « DÉTERMINATION DE LA RÉSISTANCE À L'ABRASION » dans un délai de **5 jours** à compter de la réception de l'échantillon.,Céramique et verre,"determination, resistance, abrasion, céramique, carreaux, verre",Haute,"determination_resistance_abrasion_norme, determination_resistance_abrasion_accreditation"
determination_resistance_abrasion_accreditation,L'essai « DÉTERMINATION DE LA RÉSISTANCE À L'ABRASION » est-il accrédité ?,accréditation de l'essai détermination de la résistance à l'abrasion | cet essai est-il couvert par l'accréditation ? | portée d'accréditation pour détermination de la résistance à l'abrasion | détermination de la résistance à l'abrasion accrédité,"Oui, l'essai « DÉTERMINATION DE LA RÉSISTANCE À L'ABRASION » est accrédité.",Le laboratoire réalise l'essai « DÉTERMINATION DE LA RÉSISTANCE À L'ABRASION » dans le cadre de son accréditation.,Céramique et verre,"determination, resistance, abrasion, céramique, carreaux, verre",Haute,"determination_resistance_abrasion_norme, determination_resistance_abrasion_delai"
determination_resistance_au_gel_carreaux_ceramiques_norme,Selon quelle norme réalisez-vous l'essai « DÉTERMINATION DE LA RÉSISTANCE AU GEL CARREAUX CÉRAMIQUES » ?,norme détermination de la résistance au gel carreaux céramiques | référence normative de l'essai détermination de la résistance au gel carreaux céramiques | quelle norme utilisez-vous pour cet essai ? | détermination de la résistance au gel carreaux céramiques norme applicable,L'essai « DÉTERMINATION DE LA RÉSISTANCE AU GEL CARREAUX CÉRAMIQUES » est réalisé selon **ISO 10545-12**.,Le laboratoire réalise l'essai « DÉTERMINATION DE LA RÉSISTANCE AU GEL CARREAUX CÉRAMIQUES » selon **ISO 10545-12**.,Céramique et verre,"determination, resistance, gel, carreaux, ceramiques, céramique, verre",Moyenne,"determination_resistance_au_gel_carreaux_ceramiques_delai, determination_resistance_au_gel_carreaux_ceramiques_accreditation"
determination_resistance_au_gel_carreaux_ceramiques_delai,Quel est le délai de réalisation de l'essai « DÉTERMINATION DE LA RÉSISTANCE AU GEL CARREAUX CÉRAMIQUES » ?,délai de l'essai détermination de la résistance au gel carreaux céramiques | combien de temps prend l'essai détermination de la résistance au gel carreaux céramiques ? | quand aurai-je les résultats pour détermination de la résistance au gel carreaux céramiques | temps de traitement détermination de la résistance au gel carreaux céramiques,Le délai de réalisation de l'essai « DÉTERMINATION DE LA RÉSISTANCE AU GEL CARREAUX CÉRAMIQUES » est de **90 jours**.,Le laboratoire réalise l'essai « DÉTERMINATION DE LA RÉSISTANCE AU GEL CARREAUX CÉRAMIQUES » dans un délai de **90 jours** à compter de la réception de l'échantillon.,Céramique et verre,"determination, resistance, gel, carreaux, ceramiques, céramique, verre",Moyenne,"determination_resistance_au_gel_carreaux_ceramiques_norme, determination_resistance_au_gel_carreaux_ceramiques_accreditation"
determination_resistance_au_gel_carreaux_ceramiques_accreditation,L'essai « DÉTERMINATION DE LA RÉSISTANCE AU GEL CARREAUX CÉRAMIQUES » est-il accrédité ?,accréditation de l'essai détermination de la résistance au gel carreaux céramiques | cet essai est-il couvert par l'accréditation ? | portée d'accréditation pour détermination de la résistance au gel carreaux céramiques | détermination de la résistance au gel carreaux céramiques accrédité,"Non, l'essai « DÉTERMINATION DE LA RÉSISTANCE AU GEL CARREAUX CÉRAMIQUES » n'est pas accrédité.",L'essai « DÉTERMINATION DE LA RÉSISTANCE AU GEL CARREAUX CÉRAMIQUES » est proposé par le laboratoire mais ne fait pas partie de sa portée d'accréditation actuelle.,Céramique et verre,"determination, resistance, gel, carreaux, ceramiques, céramique, verre",Moyenne,"determination_resistance_au_gel_carreaux_ceramiques_norme, determination_resistance_au_gel_carreaux_ceramiques_delai"
determination_resistance_au_tressaillage_norme,Selon quelle norme réalisez-vous l'essai « DÉTERMINATION DE LA RÉSISTANCE AU TRÉSSAILLAGE » ?,norme détermination de la résistance au tréssaillage | référence normative de l'essai détermination de la résistance au tréssaillage | quelle norme utilisez-vous pour cet essai ? | détermination de la résistance au tréssaillage norme applicable,L'essai « DÉTERMINATION DE LA RÉSISTANCE AU TRÉSSAILLAGE » est réalisé selon **ISO 10545-11**.,Le laboratoire réalise l'essai « DÉTERMINATION DE LA RÉSISTANCE AU TRÉSSAILLAGE » selon **ISO 10545-11**.,Céramique et verre,"determination, resistance, tressaillage, céramique, carreaux, verre",Moyenne,"determination_resistance_au_tressaillage_delai, determination_resistance_au_tressaillage_accreditation"
determination_resistance_au_tressaillage_delai,Quel est le délai de réalisation de l'essai « DÉTERMINATION DE LA RÉSISTANCE AU TRÉSSAILLAGE » ?,délai de l'essai détermination de la résistance au tréssaillage | combien de temps prend l'essai détermination de la résistance au tréssaillage ? | quand aurai-je les résultats pour détermination de la résistance au tréssaillage | temps de traitement détermination de la résistance au tréssaillage,Le délai de réalisation de l'essai « DÉTERMINATION DE LA RÉSISTANCE AU TRÉSSAILLAGE » est de **7 jours**.,Le laboratoire réalise l'essai « DÉTERMINATION DE LA RÉSISTANCE AU TRÉSSAILLAGE » dans un délai de **7 jours** à compter de la réception de l'échantillon.,Céramique et verre,"determination, resistance, tressaillage, céramique, carreaux, verre",Moyenne,"determination_resistance_au_tressaillage_norme, determination_resistance_au_tressaillage_accreditation"
determination_resistance_au_tressaillage_accreditation,L'essai « DÉTERMINATION DE LA RÉSISTANCE AU TRÉSSAILLAGE » est-il accrédité ?,accréditation de l'essai détermination de la résistance au tréssaillage | cet essai est-il couvert par l'accréditation ? | portée d'accréditation pour détermination de la résistance au tréssaillage | détermination de la résistance au tréssaillage accrédité,"Non, l'essai « DÉTERMINATION DE LA RÉSISTANCE AU TRÉSSAILLAGE » n'est pas accrédité.",L'essai « DÉTERMINATION DE LA RÉSISTANCE AU TRÉSSAILLAGE » est proposé par le laboratoire mais ne fait pas partie de sa portée d'accréditation actuelle.,Céramique et verre,"determination, resistance, tressaillage, céramique, carreaux, verre",Moyenne,"determination_resistance_au_tressaillage_norme, determination_resistance_au_tressaillage_delai"
determination_resistance_aux_taches_norme,Selon quelle norme réalisez-vous l'essai « DÉTERMINATION DE LA RÉSISTANCE AUX TACHES » ?,norme détermination de la résistance aux taches | référence normative de l'essai détermination de la résistance aux taches | quelle norme utilisez-vous pour cet essai ? | détermination de la résistance aux taches norme applicable,L'essai « DÉTERMINATION DE LA RÉSISTANCE AUX TACHES » est réalisé selon **ISO 10545-14**.,Le laboratoire réalise l'essai « DÉTERMINATION DE LA RÉSISTANCE AUX TACHES » selon **ISO 10545-14**.,Céramique et verre,"determination, resistance, taches, céramique, carreaux, verre",Moyenne,"determination_resistance_aux_taches_delai, determination_resistance_aux_taches_accreditation"
determination_resistance_aux_taches_delai,Quel est le délai de réalisation de l'essai « DÉTERMINATION DE LA RÉSISTANCE AUX TACHES » ?,délai de l'essai détermination de la résistance aux taches | combien de temps prend l'essai détermination de la résistance aux taches ? | quand aurai-je les résultats pour détermination de la résistance aux taches | temps de traitement détermination de la résistance aux taches,Le délai de réalisation de l'essai « DÉTERMINATION DE LA RÉSISTANCE AUX TACHES » est de **4 jours**.,Le laboratoire réalise l'essai « DÉTERMINATION DE LA RÉSISTANCE AUX TACHES » dans un délai de **4 jours** à compter de la réception de l'échantillon.,Céramique et verre,"determination, resistance, taches, céramique, carreaux, verre",Moyenne,"determination_resistance_aux_taches_norme, determination_resistance_aux_taches_accreditation"
determination_resistance_aux_taches_accreditation,L'essai « DÉTERMINATION DE LA RÉSISTANCE AUX TACHES » est-il accrédité ?,accréditation de l'essai détermination de la résistance aux taches | cet essai est-il couvert par l'accréditation ? | portée d'accréditation pour détermination de la résistance aux taches | détermination de la résistance aux taches accrédité,"Non, l'essai « DÉTERMINATION DE LA RÉSISTANCE AUX TACHES » n'est pas accrédité.",L'essai « DÉTERMINATION DE LA RÉSISTANCE AUX TACHES » est proposé par le laboratoire mais ne fait pas partie de sa portée d'accréditation actuelle.,Céramique et verre,"determination, resistance, taches, céramique, carreaux, verre",Moyenne,"determination_resistance_aux_taches_norme, determination_resistance_aux_taches_delai"
essai_dilatometrique_argile_norme,Selon quelle norme réalisez-vous l'essai « ESSAI DILATOMÉTRIQUE SUR ARGILE » ?,norme essai dilatométrique sur argile | référence normative de l'essai essai dilatométrique sur argile | quelle norme utilisez-vous pour cet essai ? | essai dilatométrique sur argile norme applicable,L'essai « ESSAI DILATOMÉTRIQUE SUR ARGILE » est réalisé selon **Méthode CHEVENARD**.,Le laboratoire réalise l'essai « ESSAI DILATOMÉTRIQUE SUR ARGILE » selon **Méthode CHEVENARD**.,Céramique et verre,"essai, dilatometrique, argile, céramique, carreaux, verre",Moyenne,"essai_dilatometrique_argile_delai, essai_dilatometrique_argile_accreditation"
essai_dilatometrique_argile_delai,Quel est le délai de réalisation de l'essai « ESSAI DILATOMÉTRIQUE SUR ARGILE » ?,délai de l'essai essai dilatométrique sur argile | combien de temps prend l'essai essai dilatométrique sur argile ? | quand aurai-je les résultats pour essai dilatométrique sur argile | temps de traitement essai dilatométrique sur argile,Le délai de réalisation de l'essai « ESSAI DILATOMÉTRIQUE SUR ARGILE » est de **20 jours**.,Le laboratoire réalise l'essai « ESSAI DILATOMÉTRIQUE SUR ARGILE » dans un délai de **20 jours** à compter de la réception de l'échantillon.,Céramique et verre,"essai, dilatometrique, argile, céramique, carreaux, verre",Moyenne,"essai_dilatometrique_argile_norme, essai_dilatometrique_argile_accreditation"
essai_dilatometrique_argile_accreditation,L'essai « ESSAI DILATOMÉTRIQUE SUR ARGILE » est-il accrédité ?,accréditation de l'essai essai dilatométrique sur argile | cet essai est-il couvert par l'accréditation ? | portée d'accréditation pour essai dilatométrique sur argile | essai dilatométrique sur argile accrédité,"Non, l'essai « ESSAI DILATOMÉTRIQUE SUR ARGILE » n'est pas accrédité.",L'essai « ESSAI DILATOMÉTRIQUE SUR ARGILE » est proposé par le laboratoire mais ne fait pas partie de sa portée d'accréditation actuelle.,Céramique et verre,"essai, dilatometrique, argile, céramique, carreaux, verre",Moyenne,"essai_dilatometrique_argile_norme, essai_dilatometrique_argile_delai"
determination_resistance_chimique_norme,Selon quelle norme réalisez-vous l'essai « DÉTERMINATION DE LA RÉSISTANCE CHIMIQUE » ?,norme détermination de la résistance chimique | référence normative de l'essai détermination de la résistance chimique | quelle norme utilisez-vous pour cet essai ? | détermination de la résistance chimique norme applicable,L'essai « DÉTERMINATION DE LA RÉSISTANCE CHIMIQUE » est réalisé selon **ISO 10545-13**.,Le laboratoire réalise l'essai « DÉTERMINATION DE LA RÉSISTANCE CHIMIQUE » selon **ISO 10545-13**.,Céramique et verre,"determination, resistance, chimique, céramique, carreaux, verre",Moyenne,"determination_resistance_chimique_delai, determination_resistance_chimique_accreditation"
determination_resistance_chimique_delai,Quel est le délai de réalisation de l'essai « DÉTERMINATION DE LA RÉSISTANCE CHIMIQUE » ?,délai de l'essai détermination de la résistance chimique | combien de temps prend l'essai détermination de la résistance chimique ? | quand aurai-je les résultats pour détermination de la résistance chimique | temps de traitement détermination de la résistance chimique,Le délai de réalisation de l'essai « DÉTERMINATION DE LA RÉSISTANCE CHIMIQUE » est de **6 jours**.,Le laboratoire réalise l'essai « DÉTERMINATION DE LA RÉSISTANCE CHIMIQUE » dans un délai de **6 jours** à compter de la réception de l'échantillon.,Céramique et verre,"determination, resistance, chimique, céramique, carreaux, verre",Moyenne,"determination_resistance_chimique_norme, determination_resistance_chimique_accreditation"
determination_resistance_chimique_accreditation,L'essai « DÉTERMINATION DE LA RÉSISTANCE CHIMIQUE » est-il accrédité ?,accréditation de l'essai détermination de la résistance chimique | cet essai est-il couvert par l'accréditation ? | portée d'accréditation pour détermination de la résistance chimique | détermination de la résistance chimique accrédité,"Non, l'essai « DÉTERMINATION DE LA RÉSISTANCE CHIMIQUE » n'est pas accrédité.",L'essai « DÉTERMINATION DE LA RÉSISTANCE CHIMIQUE » est proposé par le laboratoire mais ne fait pas partie de sa portée d'accréditation actuelle.,Céramique et verre,"determination, resistance, chimique, céramique, carreaux, verre",Moyenne,"determination_resistance_chimique_norme, determination_resistance_chimique_delai"
determination_absorption_eau_methode_par_immersion_norme,Selon quelle norme réalisez-vous l'essai « DÉTERMINATION DE L'ABSORPTION D'EAU — MÉTHODE PAR IMMERSION SOUS VIDE » ?,norme détermination de l'absorption d'eau — méthode par immersion sous vide | référence normative de l'essai détermination de l'absorption d'eau — méthode par immersion sous vide | quelle norme utilisez-vous pour cet essai ? | détermination de l'absorption d'eau — méthode par immersion sous vide norme applicable,L'essai « DÉTERMINATION DE L'ABSORPTION D'EAU — MÉTHODE PAR IMMERSION SOUS VIDE » est réalisé selon **ISO 10545-3**.,Le laboratoire réalise l'essai « DÉTERMINATION DE L'ABSORPTION D'EAU — MÉTHODE PAR IMMERSION SOUS VIDE » selon **ISO 10545-3**.,Céramique et verre,"determination, absorption, eau, methode, immersion, sous, céramique, carreaux",Haute,"determination_absorption_eau_methode_par_immersion_delai, determination_absorption_eau_methode_par_immersion_accreditation"
determination_absorption_eau_methode_par_immersion_delai,Quel est le délai de réalisation de l'essai « DÉTERMINATION DE L'ABSORPTION D'EAU — MÉTHODE PAR IMMERSION SOUS VIDE » ?,délai de l'essai détermination de l'absorption d'eau — méthode par immersion sous vide | combien de temps prend l'essai détermination de l'absorption d'eau — méthode par immersion sous vide ? | quand aurai-je les résultats pour détermination de l'absorption d'eau — méthode par immersion sous vide | temps de traitement détermination de l'absorption d'eau — méthode par immersion sous vide,Le délai de réalisation de l'essai « DÉTERMINATION DE L'ABSORPTION D'EAU — MÉTHODE PAR IMMERSION SOUS VIDE » est de **6 jours**.,Le laboratoire réalise l'essai « DÉTERMINATION DE L'ABSORPTION D'EAU — MÉTHODE PAR IMMERSION SOUS VIDE » dans un délai de **6 jours** à compter de la réception de l'échantillon.,Céramique et verre,"determination, absorption, eau, methode, immersion, sous, céramique, carreaux",Haute,"determination_absorption_eau_methode_par_immersion_norme, determination_absorption_eau_methode_par_immersion_accreditation"
determination_absorption_eau_methode_par_immersion_accreditation,L'essai « DÉTERMINATION DE L'ABSORPTION D'EAU — MÉTHODE PAR IMMERSION SOUS VIDE » est-il accrédité ?,accréditation de l'essai détermination de l'absorption d'eau — méthode par immersion sous vide | cet essai est-il couvert par l'accréditation ? | portée d'accréditation pour détermination de l'absorption d'eau — méthode par immersion sous vide | détermination de l'absorption d'eau — méthode par immersion sous vide accrédité,"Oui, l'essai « DÉTERMINATION DE L'ABSORPTION D'EAU — MÉTHODE PAR IMMERSION SOUS VIDE » est accrédité.",Le laboratoire réalise l'essai « DÉTERMINATION DE L'ABSORPTION D'EAU — MÉTHODE PAR IMMERSION SOUS VIDE » dans le cadre de son accréditation.,Céramique et verre,"determination, absorption, eau, methode, immersion, sous, céramique, carreaux",Haute,"determination_absorption_eau_methode_par_immersion_norme, determination_absorption_eau_methode_par_immersion_delai"
essai_interlaboratoires_carreaux_norme,Selon quelle norme réalisez-vous l'essai « ESSAI INTERLABORATOIRES SUR CARREAUX » ?,norme essai interlaboratoires sur carreaux | référence normative de l'essai essai interlaboratoires sur carreaux | quelle norme utilisez-vous pour cet essai ? | essai interlaboratoires sur carreaux norme applicable,L'essai « ESSAI INTERLABORATOIRES SUR CARREAUX » est réalisé selon **Normes en vigueur**.,Le laboratoire réalise l'essai « ESSAI INTERLABORATOIRES SUR CARREAUX » selon **Normes en vigueur**.,Céramique et verre,"essai, interlaboratoires, carreaux, céramique, verre",Moyenne,"essai_interlaboratoires_carreaux_delai, essai_interlaboratoires_carreaux_accreditation"
essai_interlaboratoires_carreaux_delai,Quel est le délai de réalisation de l'essai « ESSAI INTERLABORATOIRES SUR CARREAUX » ?,délai de l'essai essai interlaboratoires sur carreaux | combien de temps prend l'essai essai interlaboratoires sur carreaux ? | quand aurai-je les résultats pour essai interlaboratoires sur carreaux | temps de traitement essai interlaboratoires sur carreaux,Le délai de réalisation de l'essai « ESSAI INTERLABORATOIRES SUR CARREAUX » est de **18 jours**.,Le laboratoire réalise l'essai « ESSAI INTERLABORATOIRES SUR CARREAUX » dans un délai de **18 jours** à compter de la réception de l'échantillon.,Céramique et verre,"essai, interlaboratoires, carreaux, céramique, verre",Moyenne,"essai_interlaboratoires_carreaux_norme, essai_interlaboratoires_carreaux_accreditation"
essai_interlaboratoires_carreaux_accreditation,L'essai « ESSAI INTERLABORATOIRES SUR CARREAUX » est-il accrédité ?,accréditation de l'essai essai interlaboratoires sur carreaux | cet essai est-il couvert par l'accréditation ? | portée d'accréditation pour essai interlaboratoires sur carreaux | essai interlaboratoires sur carreaux accrédité,"Non, l'essai « ESSAI INTERLABORATOIRES SUR CARREAUX » n'est pas accrédité.",L'essai « ESSAI INTERLABORATOIRES SUR CARREAUX » est proposé par le laboratoire mais ne fait pas partie de sa portée d'accréditation actuelle.,Céramique et verre,"essai, interlaboratoires, carreaux, céramique, verre",Moyenne,"essai_interlaboratoires_carreaux_norme, essai_interlaboratoires_carreaux_delai"
determination_caracteristiques_dimensionnelles_aspect_surface_carreaux_norme,Selon quelle norme réalisez-vous l'essai « DÉTERMINATION DES CARACTÉRISTIQUES DIMENSIONNELLES ET DE L'ASPECT DE SURFACE DES CARREAUX » ?,norme détermination des caractéristiques dimensionnelles et de l'aspect de surface des carreaux | référence normative de l'essai détermination des caractéristiques dimensionnelles et de l'aspect de surface des carreaux | quelle norme utilisez-vous pour cet essai ? | détermination des caractéristiques dimensionnelles et de l'aspect de surface des carreaux norme applicable,L'essai « DÉTERMINATION DES CARACTÉRISTIQUES DIMENSIONNELLES ET DE L'ASPECT DE SURFACE DES CARREAUX » est réalisé selon **ISO 10545-2**.,Le laboratoire réalise l'essai « DÉTERMINATION DES CARACTÉRISTIQUES DIMENSIONNELLES ET DE L'ASPECT DE SURFACE DES CARREAUX » selon **ISO 10545-2**.,Céramique et verre,"determination, caracteristiques, dimensionnelles, aspect, surface, carreaux, céramique, verre",Haute,"determination_caracteristiques_dimensionnelles_aspect_surface_carreaux_delai, determination_caracteristiques_dimensionnelles_aspect_surface_carreaux_accreditation"
determination_caracteristiques_dimensionnelles_aspect_surface_carreaux_delai,Quel est le délai de réalisation de l'essai « DÉTERMINATION DES CARACTÉRISTIQUES DIMENSIONNELLES ET DE L'ASPECT DE SURFACE DES CARREAUX » ?,délai de l'essai détermination des caractéristiques dimensionnelles et de l'aspect de surface des carreaux | combien de temps prend l'essai détermination des caractéristiques dimensionnelles et de l'aspect de surface des carreaux ? | quand aurai-je les résultats pour détermination des caractéristiques dimensionnelles et de l'aspect de surface des carreaux | temps de traitement détermination des caractéristiques dimensionnelles et de l'aspect de surface des carreaux,Le délai de réalisation de l'essai « DÉTERMINATION DES CARACTÉRISTIQUES DIMENSIONNELLES ET DE L'ASPECT DE SURFACE DES CARREAUX » est de **4 jours**.,Le laboratoire réalise l'essai « DÉTERMINATION DES CARACTÉRISTIQUES DIMENSIONNELLES ET DE L'ASPECT DE SURFACE DES CARREAUX » dans un délai de **4 jours** à compter de la réception de l'échantillon.,Céramique et verre,"determination, caracteristiques, dimensionnelles, aspect, surface, carreaux, céramique, verre",Haute,"determination_caracteristiques_dimensionnelles_aspect_surface_carreaux_norme, determination_caracteristiques_dimensionnelles_aspect_surface_carreaux_accreditation"
determination_caracteristiques_dimensionnelles_aspect_surface_carreaux_accreditation,L'essai « DÉTERMINATION DES CARACTÉRISTIQUES DIMENSIONNELLES ET DE L'ASPECT DE SURFACE DES CARREAUX » est-il accrédité ?,accréditation de l'essai détermination des caractéristiques dimensionnelles et de l'aspect de surface des carreaux | cet essai est-il couvert par l'accréditation ? | portée d'accréditation pour détermination des caractéristiques dimensionnelles et de l'aspect de surface des carreaux | détermination des caractéristiques dimensionnelles et de l'aspect de surface des carreaux accrédité,"Oui, l'essai « DÉTERMINATION DES CARACTÉRISTIQUES DIMENSIONNELLES ET DE L'ASPECT DE SURFACE DES CARREAUX » est accrédité.",Le laboratoire réalise l'essai « DÉTERMINATION DES CARACTÉRISTIQUES DIMENSIONNELLES ET DE L'ASPECT DE SURFACE DES CARREAUX » dans le cadre de son accréditation.,Céramique et verre,"determination, caracteristiques, dimensionnelles, aspect, surface, carreaux, céramique, verre",Haute,"determination_caracteristiques_dimensionnelles_aspect_surface_carreaux_norme, determination_caracteristiques_dimensionnelles_aspect_surface_carreaux_delai"
essai_base_orientation_argiles_carreaux_norme,Selon quelle norme réalisez-vous l'essai « ESSAI DE BASE D'ORIENTATION SUR ARGILES / CARREAUX » ?,norme essai de base d'orientation sur argiles / carreaux | référence normative de l'essai essai de base d'orientation sur argiles / carreaux | quelle norme utilisez-vous pour cet essai ? | essai de base d'orientation sur argiles / carreaux norme applicable,L'essai « ESSAI DE BASE D'ORIENTATION SUR ARGILES / CARREAUX » est réalisé selon **Mode opératoire**.,Le laboratoire réalise l'essai « ESSAI DE BASE D'ORIENTATION SUR ARGILES / CARREAUX » selon **Mode opératoire**.,Céramique et verre,"essai, base, orientation, argiles, carreaux, céramique, verre",Moyenne,"essai_base_orientation_argiles_carreaux_delai, essai_base_orientation_argiles_carreaux_accreditation"
essai_base_orientation_argiles_carreaux_delai,Quel est le délai de réalisation de l'essai « ESSAI DE BASE D'ORIENTATION SUR ARGILES / CARREAUX » ?,délai de l'essai essai de base d'orientation sur argiles / carreaux | combien de temps prend l'essai essai de base d'orientation sur argiles / carreaux ? | quand aurai-je les résultats pour essai de base d'orientation sur argiles / carreaux | temps de traitement essai de base d'orientation sur argiles / carreaux,Le délai de réalisation de l'essai « ESSAI DE BASE D'ORIENTATION SUR ARGILES / CARREAUX » est de **25 jours**.,Le laboratoire réalise l'essai « ESSAI DE BASE D'ORIENTATION SUR ARGILES / CARREAUX » dans un délai de **25 jours** à compter de la réception de l'échantillon.,Céramique et verre,"essai, base, orientation, argiles, carreaux, céramique, verre",Moyenne,"essai_base_orientation_argiles_carreaux_norme, essai_base_orientation_argiles_carreaux_accreditation"
essai_base_orientation_argiles_carreaux_accreditation,L'essai « ESSAI DE BASE D'ORIENTATION SUR ARGILES / CARREAUX » est-il accrédité ?,accréditation de l'essai essai de base d'orientation sur argiles / carreaux | cet essai est-il couvert par l'accréditation ? | portée d'accréditation pour essai de base d'orientation sur argiles / carreaux | essai de base d'orientation sur argiles / carreaux accrédité,"Non, l'essai « ESSAI DE BASE D'ORIENTATION SUR ARGILES / CARREAUX » n'est pas accrédité.",L'essai « ESSAI DE BASE D'ORIENTATION SUR ARGILES / CARREAUX » est proposé par le laboratoire mais ne fait pas partie de sa portée d'accréditation actuelle.,Céramique et verre,"essai, base, orientation, argiles, carreaux, céramique, verre",Moyenne,"essai_base_orientation_argiles_carreaux_norme, essai_base_orientation_argiles_carreaux_delai"
essai_fusibilite_norme,Selon quelle norme réalisez-vous l'essai « ESSAI DE FUSIBILITÉ » ?,norme essai de fusibilité | référence normative de l'essai essai de fusibilité | quelle norme utilisez-vous pour cet essai ? | essai de fusibilité norme applicable,L'essai « ESSAI DE FUSIBILITÉ » est réalisé selon **DIN 51 730**.,Le laboratoire réalise l'essai « ESSAI DE FUSIBILITÉ » selon **DIN 51 730**.,Céramique et verre,"essai, fusibilite, céramique, carreaux, verre",Moyenne,"essai_fusibilite_delai, essai_fusibilite_accreditation"
essai_fusibilite_delai,Quel est le délai de réalisation de l'essai « ESSAI DE FUSIBILITÉ » ?,délai de l'essai essai de fusibilité | combien de temps prend l'essai essai de fusibilité ? | quand aurai-je les résultats pour essai de fusibilité | temps de traitement essai de fusibilité,Le délai de réalisation de l'essai « ESSAI DE FUSIBILITÉ » est de **7 jours**.,Le laboratoire réalise l'essai « ESSAI DE FUSIBILITÉ » dans un délai de **7 jours** à compter de la réception de l'échantillon.,Céramique et verre,"essai, fusibilite, céramique, carreaux, verre",Moyenne,"essai_fusibilite_norme, essai_fusibilite_accreditation"
essai_fusibilite_accreditation,L'essai « ESSAI DE FUSIBILITÉ » est-il accrédité ?,accréditation de l'essai essai de fusibilité | cet essai est-il couvert par l'accréditation ? | portée d'accréditation pour essai de fusibilité | essai de fusibilité accrédité,"Non, l'essai « ESSAI DE FUSIBILITÉ » n'est pas accrédité.",L'essai « ESSAI DE FUSIBILITÉ » est proposé par le laboratoire mais ne fait pas partie de sa portée d'accréditation actuelle.,Céramique et verre,"essai, fusibilite, céramique, carreaux, verre",Moyenne,"essai_fusibilite_norme, essai_fusibilite_delai"
essais_croises_2_norme,Selon quelle norme réalisez-vous l'essai « ESSAIS CROISÉS 2 » ?,norme essais croisés 2 | référence normative de l'essai essais croisés 2 | quelle norme utilisez-vous pour cet essai ? | essais croisés 2 norme applicable,L'essai « ESSAIS CROISÉS 2 » est réalisé selon **Normes en vigueur**.,Le laboratoire réalise l'essai « ESSAIS CROISÉS 2 » selon **Normes en vigueur**.,Céramique et verre,"essais, croises, céramique, carreaux, verre",Moyenne,"essais_croises_2_delai, essais_croises_2_accreditation"
essais_croises_2_delai,Quel est le délai de réalisation de l'essai « ESSAIS CROISÉS 2 » ?,délai de l'essai essais croisés 2 | combien de temps prend l'essai essais croisés 2 ? | quand aurai-je les résultats pour essais croisés 2 | temps de traitement essais croisés 2,Le délai de réalisation de l'essai « ESSAIS CROISÉS 2 » est de **25 jours**.,Le laboratoire réalise l'essai « ESSAIS CROISÉS 2 » dans un délai de **25 jours** à compter de la réception de l'échantillon.,Céramique et verre,"essais, croises, céramique, carreaux, verre",Moyenne,"essais_croises_2_norme, essais_croises_2_accreditation"
essais_croises_2_accreditation,L'essai « ESSAIS CROISÉS 2 » est-il accrédité ?,accréditation de l'essai essais croisés 2 | cet essai est-il couvert par l'accréditation ? | portée d'accréditation pour essais croisés 2 | essais croisés 2 accrédité,"Non, l'essai « ESSAIS CROISÉS 2 » n'est pas accrédité.",L'essai « ESSAIS CROISÉS 2 » est proposé par le laboratoire mais ne fait pas partie de sa portée d'accréditation actuelle.,Céramique et verre,"essais, croises, céramique, carreaux, verre",Moyenne,"essais_croises_2_norme, essais_croises_2_delai"
essai_rheologie_barbotines_norme,Selon quelle norme réalisez-vous l'essai « ESSAI DE RHÉOLOGIE SUR BARBOTINES » ?,norme essai de rhéologie sur barbotines | référence normative de l'essai essai de rhéologie sur barbotines | quelle norme utilisez-vous pour cet essai ? | essai de rhéologie sur barbotines norme applicable,L'essai « ESSAI DE RHÉOLOGIE SUR BARBOTINES » est réalisé selon **Mode opératoire**.,Le laboratoire réalise l'essai « ESSAI DE RHÉOLOGIE SUR BARBOTINES » selon **Mode opératoire**.,Céramique et verre,"essai, rheologie, barbotines, céramique, carreaux, verre",Moyenne,"essai_rheologie_barbotines_delai, essai_rheologie_barbotines_accreditation"
essai_rheologie_barbotines_delai,Quel est le délai de réalisation de l'essai « ESSAI DE RHÉOLOGIE SUR BARBOTINES » ?,délai de l'essai essai de rhéologie sur barbotines | combien de temps prend l'essai essai de rhéologie sur barbotines ? | quand aurai-je les résultats pour essai de rhéologie sur barbotines | temps de traitement essai de rhéologie sur barbotines,Le délai de réalisation de l'essai « ESSAI DE RHÉOLOGIE SUR BARBOTINES » est de **7 jours**.,Le laboratoire réalise l'essai « ESSAI DE RHÉOLOGIE SUR BARBOTINES » dans un délai de **7 jours** à compter de la réception de l'échantillon.,Céramique et verre,"essai, rheologie, barbotines, céramique, carreaux, verre",Moyenne,"essai_rheologie_barbotines_norme, essai_rheologie_barbotines_accreditation"
essai_rheologie_barbotines_accreditation,L'essai « ESSAI DE RHÉOLOGIE SUR BARBOTINES » est-il accrédité ?,accréditation de l'essai essai de rhéologie sur barbotines | cet essai est-il couvert par l'accréditation ? | portée d'accréditation pour essai de rhéologie sur barbotines | essai de rhéologie sur barbotines accrédité,"Non, l'essai « ESSAI DE RHÉOLOGIE SUR BARBOTINES » n'est pas accrédité.",L'essai « ESSAI DE RHÉOLOGIE SUR BARBOTINES » est proposé par le laboratoire mais ne fait pas partie de sa portée d'accréditation actuelle.,Céramique et verre,"essai, rheologie, barbotines, céramique, carreaux, verre",Moyenne,"essai_rheologie_barbotines_norme, essai_rheologie_barbotines_delai"
essai_evaluation_sable_pour_verre_norme,Selon quelle norme réalisez-vous l'essai « ESSAI D'ÉVALUATION DE SABLE POUR VERRE » ?,norme essai d'évaluation de sable pour verre | référence normative de l'essai essai d'évaluation de sable pour verre | quelle norme utilisez-vous pour cet essai ? | essai d'évaluation de sable pour verre norme applicable,L'essai « ESSAI D'ÉVALUATION DE SABLE POUR VERRE » est réalisé selon **Mode opératoire**.,Le laboratoire réalise l'essai « ESSAI D'ÉVALUATION DE SABLE POUR VERRE » selon **Mode opératoire**.,Céramique et verre,"essai, evaluation, sable, verre, céramique, carreaux",Moyenne,"essai_evaluation_sable_pour_verre_delai, essai_evaluation_sable_pour_verre_accreditation"
essai_evaluation_sable_pour_verre_delai,Quel est le délai de réalisation de l'essai « ESSAI D'ÉVALUATION DE SABLE POUR VERRE » ?,délai de l'essai essai d'évaluation de sable pour verre | combien de temps prend l'essai essai d'évaluation de sable pour verre ? | quand aurai-je les résultats pour essai d'évaluation de sable pour verre | temps de traitement essai d'évaluation de sable pour verre,Le délai de réalisation de l'essai « ESSAI D'ÉVALUATION DE SABLE POUR VERRE » est de **25 jours**.,Le laboratoire réalise l'essai « ESSAI D'ÉVALUATION DE SABLE POUR VERRE » dans un délai de **25 jours** à compter de la réception de l'échantillon.,Céramique et verre,"essai, evaluation, sable, verre, céramique, carreaux",Moyenne,"essai_evaluation_sable_pour_verre_norme, essai_evaluation_sable_pour_verre_accreditation"
essai_evaluation_sable_pour_verre_accreditation,L'essai « ESSAI D'ÉVALUATION DE SABLE POUR VERRE » est-il accrédité ?,accréditation de l'essai essai d'évaluation de sable pour verre | cet essai est-il couvert par l'accréditation ? | portée d'accréditation pour essai d'évaluation de sable pour verre | essai d'évaluation de sable pour verre accrédité,"Non, l'essai « ESSAI D'ÉVALUATION DE SABLE POUR VERRE » n'est pas accrédité.",L'essai « ESSAI D'ÉVALUATION DE SABLE POUR VERRE » est proposé par le laboratoire mais ne fait pas partie de sa portée d'accréditation actuelle.,Céramique et verre,"essai, evaluation, sable, verre, céramique, carreaux",Moyenne,"essai_evaluation_sable_pour_verre_norme, essai_evaluation_sable_pour_verre_delai"
essai_dilatometrique_cuit_norme,Selon quelle norme réalisez-vous l'essai « ESSAI DILATOMÉTRIQUE SUR CUIT » ?,norme essai dilatométrique sur cuit | référence normative de l'essai essai dilatométrique sur cuit | quelle norme utilisez-vous pour cet essai ? | essai dilatométrique sur cuit norme applicable,L'essai « ESSAI DILATOMÉTRIQUE SUR CUIT » est réalisé selon **Méthode CHEVENARD**.,Le laboratoire réalise l'essai « ESSAI DILATOMÉTRIQUE SUR CUIT » selon **Méthode CHEVENARD**.,Céramique et verre,"essai, dilatometrique, cuit, céramique, carreaux, verre",Moyenne,"essai_dilatometrique_cuit_delai, essai_dilatometrique_cuit_accreditation"
essai_dilatometrique_cuit_delai,Quel est le délai de réalisation de l'essai « ESSAI DILATOMÉTRIQUE SUR CUIT » ?,délai de l'essai essai dilatométrique sur cuit | combien de temps prend l'essai essai dilatométrique sur cuit ? | quand aurai-je les résultats pour essai dilatométrique sur cuit | temps de traitement essai dilatométrique sur cuit,Le délai de réalisation de l'essai « ESSAI DILATOMÉTRIQUE SUR CUIT » est de **12 jours**.,Le laboratoire réalise l'essai « ESSAI DILATOMÉTRIQUE SUR CUIT » dans un délai de **12 jours** à compter de la réception de l'échantillon.,Céramique et verre,"essai, dilatometrique, cuit, céramique, carreaux, verre",Moyenne,"essai_dilatometrique_cuit_norme, essai_dilatometrique_cuit_accreditation"
essai_dilatometrique_cuit_accreditation,L'essai « ESSAI DILATOMÉTRIQUE SUR CUIT » est-il accrédité ?,accréditation de l'essai essai dilatométrique sur cuit | cet essai est-il couvert par l'accréditation ? | portée d'accréditation pour essai dilatométrique sur cuit | essai dilatométrique sur cuit accrédité,"Non, l'essai « ESSAI DILATOMÉTRIQUE SUR CUIT » n'est pas accrédité.",L'essai « ESSAI DILATOMÉTRIQUE SUR CUIT » est proposé par le laboratoire mais ne fait pas partie de sa portée d'accréditation actuelle.,Céramique et verre,"essai, dilatometrique, cuit, céramique, carreaux, verre",Moyenne,"essai_dilatometrique_cuit_norme, essai_dilatometrique_cuit_delai"
essai_elargi_argiles_carreaux_norme,Selon quelle norme réalisez-vous l'essai « ESSAI ÉLARGI SUR ARGILES / CARREAUX » ?,norme essai élargi sur argiles / carreaux | référence normative de l'essai essai élargi sur argiles / carreaux | quelle norme utilisez-vous pour cet essai ? | essai élargi sur argiles / carreaux norme applicable,L'essai « ESSAI ÉLARGI SUR ARGILES / CARREAUX » est réalisé selon **Mode opératoire**.,Le laboratoire réalise l'essai « ESSAI ÉLARGI SUR ARGILES / CARREAUX » selon **Mode opératoire**.,Céramique et verre,"essai, elargi, argiles, carreaux, céramique, verre",Moyenne,"essai_elargi_argiles_carreaux_delai, essai_elargi_argiles_carreaux_accreditation"
essai_elargi_argiles_carreaux_delai,Quel est le délai de réalisation de l'essai « ESSAI ÉLARGI SUR ARGILES / CARREAUX » ?,délai de l'essai essai élargi sur argiles / carreaux | combien de temps prend l'essai essai élargi sur argiles / carreaux ? | quand aurai-je les résultats pour essai élargi sur argiles / carreaux | temps de traitement essai élargi sur argiles / carreaux,Le délai de réalisation de l'essai « ESSAI ÉLARGI SUR ARGILES / CARREAUX » est de **33 jours**.,Le laboratoire réalise l'essai « ESSAI ÉLARGI SUR ARGILES / CARREAUX » dans un délai de **33 jours** à compter de la réception de l'échantillon.,Céramique et verre,"essai, elargi, argiles, carreaux, céramique, verre",Moyenne,"essai_elargi_argiles_carreaux_norme, essai_elargi_argiles_carreaux_accreditation"
essai_elargi_argiles_carreaux_accreditation,L'essai « ESSAI ÉLARGI SUR ARGILES / CARREAUX » est-il accrédité ?,accréditation de l'essai essai élargi sur argiles / carreaux | cet essai est-il couvert par l'accréditation ? | portée d'accréditation pour essai élargi sur argiles / carreaux | essai élargi sur argiles / carreaux accrédité,"Non, l'essai « ESSAI ÉLARGI SUR ARGILES / CARREAUX » n'est pas accrédité.",L'essai « ESSAI ÉLARGI SUR ARGILES / CARREAUX » est proposé par le laboratoire mais ne fait pas partie de sa portée d'accréditation actuelle.,Céramique et verre,"essai, elargi, argiles, carreaux, céramique, verre",Moyenne,"essai_elargi_argiles_carreaux_norme, essai_elargi_argiles_carreaux_delai"
essai_granulometrique_par_pipette_robinson_norme,Selon quelle norme réalisez-vous l'essai « ESSAI GRANULOMÉTRIQUE PAR PIPETTE DE ROBINSON » ?,norme essai granulométrique par pipette de robinson | référence normative de l'essai essai granulométrique par pipette de robinson | quelle norme utilisez-vous pour cet essai ? | essai granulométrique par pipette de robinson norme applicable,L'essai « ESSAI GRANULOMÉTRIQUE PAR PIPETTE DE ROBINSON » est réalisé selon **Mode opératoire**.,Le laboratoire réalise l'essai « ESSAI GRANULOMÉTRIQUE PAR PIPETTE DE ROBINSON » selon **Mode opératoire**.,Céramique et verre,"essai, granulometrique, pipette, robinson, céramique, carreaux, verre",Moyenne,"essai_granulometrique_par_pipette_robinson_delai, essai_granulometrique_par_pipette_robinson_accreditation"
essai_granulometrique_par_pipette_robinson_delai,Quel est le délai de réalisation de l'essai « ESSAI GRANULOMÉTRIQUE PAR PIPETTE DE ROBINSON » ?,délai de l'essai essai granulométrique par pipette de robinson | combien de temps prend l'essai essai granulométrique par pipette de robinson ? | quand aurai-je les résultats pour essai granulométrique par pipette de robinson | temps de traitement essai granulométrique par pipette de robinson,Le délai de réalisation de l'essai « ESSAI GRANULOMÉTRIQUE PAR PIPETTE DE ROBINSON » est de **6 jours**.,Le laboratoire réalise l'essai « ESSAI GRANULOMÉTRIQUE PAR PIPETTE DE ROBINSON » dans un délai de **6 jours** à compter de la réception de l'échantillon.,Céramique et verre,"essai, granulometrique, pipette, robinson, céramique, carreaux, verre",Moyenne,"essai_granulometrique_par_pipette_robinson_norme, essai_granulometrique_par_pipette_robinson_accreditation"
essai_granulometrique_par_pipette_robinson_accreditation,L'essai « ESSAI GRANULOMÉTRIQUE PAR PIPETTE DE ROBINSON » est-il accrédité ?,accréditation de l'essai essai granulométrique par pipette de robinson | cet essai est-il couvert par l'accréditation ? | portée d'accréditation pour essai granulométrique par pipette de robinson | essai granulométrique par pipette de robinson accrédité,"Non, l'essai « ESSAI GRANULOMÉTRIQUE PAR PIPETTE DE ROBINSON » n'est pas accrédité.",L'essai « ESSAI GRANULOMÉTRIQUE PAR PIPETTE DE ROBINSON » est proposé par le laboratoire mais ne fait pas partie de sa portée d'accréditation actuelle.,Céramique et verre,"essai, granulometrique, pipette, robinson, céramique, carreaux, verre",Moyenne,"essai_granulometrique_par_pipette_robinson_norme, essai_granulometrique_par_pipette_robinson_delai"
essai_carreaux_faience_norme,Selon quelle norme réalisez-vous l'essai « ESSAI SUR CARREAUX FAIENCE » ?,norme essai sur carreaux faience | référence normative de l'essai essai sur carreaux faience | quelle norme utilisez-vous pour cet essai ? | essai sur carreaux faience norme applicable,L'essai « ESSAI SUR CARREAUX FAIENCE » est réalisé selon **Normes en vigueur**.,Le laboratoire réalise l'essai « ESSAI SUR CARREAUX FAIENCE » selon **Normes en vigueur**.,Céramique et verre,"essai, carreaux, faience, céramique, verre",Moyenne,"essai_carreaux_faience_delai, essai_carreaux_faience_accreditation"
essai_carreaux_faience_delai,Quel est le délai de réalisation de l'essai « ESSAI SUR CARREAUX FAIENCE » ?,délai de l'essai essai sur carreaux faience | combien de temps prend l'essai essai sur carreaux faience ? | quand aurai-je les résultats pour essai sur carreaux faience | temps de traitement essai sur carreaux faience,Le délai de réalisation de l'essai « ESSAI SUR CARREAUX FAIENCE » est de **15 jours**.,Le laboratoire réalise l'essai « ESSAI SUR CARREAUX FAIENCE » dans un délai de **15 jours** à compter de la réception de l'échantillon.,Céramique et verre,"essai, carreaux, faience, céramique, verre",Moyenne,"essai_carreaux_faience_norme, essai_carreaux_faience_accreditation"
essai_carreaux_faience_accreditation,L'essai « ESSAI SUR CARREAUX FAIENCE » est-il accrédité ?,accréditation de l'essai essai sur carreaux faience | cet essai est-il couvert par l'accréditation ? | portée d'accréditation pour essai sur carreaux faience | essai sur carreaux faience accrédité,"Non, l'essai « ESSAI SUR CARREAUX FAIENCE » n'est pas accrédité.",L'essai « ESSAI SUR CARREAUX FAIENCE » est proposé par le laboratoire mais ne fait pas partie de sa portée d'accréditation actuelle.,Céramique et verre,"essai, carreaux, faience, céramique, verre",Moyenne,"essai_carreaux_faience_norme, essai_carreaux_faience_delai"
essai_carreaux_sol_monocouche_carreaux_granito_norme,"Selon quelle norme réalisez-vous l'essai « ESSAI SUR CARREAUX DE SOL / MONOCOUCHE, CARREAUX GRANITO, DALLES DE SOL, COMPACTO, ETC. » ?","norme essai sur carreaux de sol / monocouche, carreaux granito, dalles de sol, compacto, etc. | référence normative de l'essai essai sur carreaux de sol / monocouche, carreaux granito, dalles de sol, compacto, etc. | quelle norme utilisez-vous pour cet essai ? | essai sur carreaux de sol / monocouche, carreaux granito, dalles de sol, compacto, etc. norme applicable","L'essai « ESSAI SUR CARREAUX DE SOL / MONOCOUCHE, CARREAUX GRANITO, DALLES DE SOL, COMPACTO, ETC. » est réalisé selon **Normes en vigueur**.","Le laboratoire réalise l'essai « ESSAI SUR CARREAUX DE SOL / MONOCOUCHE, CARREAUX GRANITO, DALLES DE SOL, COMPACTO, ETC. » selon **Normes en vigueur**.",Céramique et verre,"essai, carreaux, sol, monocouche, granito, dalles, céramique, verre",Moyenne,"essai_carreaux_sol_monocouche_carreaux_granito_delai, essai_carreaux_sol_monocouche_carreaux_granito_accreditation"
essai_carreaux_sol_monocouche_carreaux_granito_delai,"Quel est le délai de réalisation de l'essai « ESSAI SUR CARREAUX DE SOL / MONOCOUCHE, CARREAUX GRANITO, DALLES DE SOL, COMPACTO, ETC. » ?","délai de l'essai essai sur carreaux de sol / monocouche, carreaux granito, dalles de sol, compacto, etc. | combien de temps prend l'essai essai sur carreaux de sol / monocouche, carreaux granito, dalles de sol, compacto, etc. ? | quand aurai-je les résultats pour essai sur carreaux de sol / monocouche, carreaux granito, dalles de sol, compacto, etc. | temps de traitement essai sur carreaux de sol / monocouche, carreaux granito, dalles de sol, compacto, etc.","Le délai de réalisation de l'essai « ESSAI SUR CARREAUX DE SOL / MONOCOUCHE, CARREAUX GRANITO, DALLES DE SOL, COMPACTO, ETC. » est de **15 jours**.","Le laboratoire réalise l'essai « ESSAI SUR CARREAUX DE SOL / MONOCOUCHE, CARREAUX GRANITO, DALLES DE SOL, COMPACTO, ETC. » dans un délai de **15 jours** à compter de la réception de l'échantillon.",Céramique et verre,"essai, carreaux, sol, monocouche, granito, dalles, céramique, verre",Moyenne,"essai_carreaux_sol_monocouche_carreaux_granito_norme, essai_carreaux_sol_monocouche_carreaux_granito_accreditation"
essai_carreaux_sol_monocouche_carreaux_granito_accreditation,"L'essai « ESSAI SUR CARREAUX DE SOL / MONOCOUCHE, CARREAUX GRANITO, DALLES DE SOL, COMPACTO, ETC. » est-il accrédité ?","accréditation de l'essai essai sur carreaux de sol / monocouche, carreaux granito, dalles de sol, compacto, etc. | cet essai est-il couvert par l'accréditation ? | portée d'accréditation pour essai sur carreaux de sol / monocouche, carreaux granito, dalles de sol, compacto, etc. | essai sur carreaux de sol / monocouche, carreaux granito, dalles de sol, compacto, etc. accrédité","Non, l'essai « ESSAI SUR CARREAUX DE SOL / MONOCOUCHE, CARREAUX GRANITO, DALLES DE SOL, COMPACTO, ETC. » n'est pas accrédité.","L'essai « ESSAI SUR CARREAUX DE SOL / MONOCOUCHE, CARREAUX GRANITO, DALLES DE SOL, COMPACTO, ETC. » est proposé par le laboratoire mais ne fait pas partie de sa portée d'accréditation actuelle.",Céramique et verre,"essai, carreaux, sol, monocouche, granito, dalles, céramique, verre",Moyenne,"essai_carreaux_sol_monocouche_carreaux_granito_norme, essai_carreaux_sol_monocouche_carreaux_granito_delai"
controle_qualite_carreaux_ceramiques_norme,Selon quelle norme réalisez-vous l'essai « CONTRÔLE DE QUALITÉ SUR CARREAUX CÉRAMIQUES » ?,norme contrôle de qualité sur carreaux céramiques | référence normative de l'essai contrôle de qualité sur carreaux céramiques | quelle norme utilisez-vous pour cet essai ? | contrôle de qualité sur carreaux céramiques norme applicable,L'essai « CONTRÔLE DE QUALITÉ SUR CARREAUX CÉRAMIQUES » est réalisé selon **NF EN 14411**.,Le laboratoire réalise l'essai « CONTRÔLE DE QUALITÉ SUR CARREAUX CÉRAMIQUES » selon **NF EN 14411**.,Céramique et verre,"controle, qualite, carreaux, ceramiques, céramique, verre",Moyenne,"controle_qualite_carreaux_ceramiques_delai, controle_qualite_carreaux_ceramiques_accreditation"
controle_qualite_carreaux_ceramiques_delai,Quel est le délai de réalisation de l'essai « CONTRÔLE DE QUALITÉ SUR CARREAUX CÉRAMIQUES » ?,délai de l'essai contrôle de qualité sur carreaux céramiques | combien de temps prend l'essai contrôle de qualité sur carreaux céramiques ? | quand aurai-je les résultats pour contrôle de qualité sur carreaux céramiques | temps de traitement contrôle de qualité sur carreaux céramiques,Le délai de réalisation de l'essai « CONTRÔLE DE QUALITÉ SUR CARREAUX CÉRAMIQUES » est de **15 jours**.,Le laboratoire réalise l'essai « CONTRÔLE DE QUALITÉ SUR CARREAUX CÉRAMIQUES » dans un délai de **15 jours** à compter de la réception de l'échantillon.,Céramique et verre,"controle, qualite, carreaux, ceramiques, céramique, verre",Moyenne,"controle_qualite_carreaux_ceramiques_norme, controle_qualite_carreaux_ceramiques_accreditation"
controle_qualite_carreaux_ceramiques_accreditation,L'essai « CONTRÔLE DE QUALITÉ SUR CARREAUX CÉRAMIQUES » est-il accrédité ?,accréditation de l'essai contrôle de qualité sur carreaux céramiques | cet essai est-il couvert par l'accréditation ? | portée d'accréditation pour contrôle de qualité sur carreaux céramiques | contrôle de qualité sur carreaux céramiques accrédité,"Non, l'essai « CONTRÔLE DE QUALITÉ SUR CARREAUX CÉRAMIQUES » n'est pas accrédité.",L'essai « CONTRÔLE DE QUALITÉ SUR CARREAUX CÉRAMIQUES » est proposé par le laboratoire mais ne fait pas partie de sa portée d'accréditation actuelle.,Céramique et verre,"controle, qualite, carreaux, ceramiques, céramique, verre",Moyenne,"controle_qualite_carreaux_ceramiques_norme, controle_qualite_carreaux_ceramiques_delai"
essai_enrichissement_sable_eau_norme,Selon quelle norme réalisez-vous l'essai « ESSAI D'ENRICHISSEMENT DU SABLE À L'EAU » ?,norme essai d'enrichissement du sable à l'eau | référence normative de l'essai essai d'enrichissement du sable à l'eau | quelle norme utilisez-vous pour cet essai ? | essai d'enrichissement du sable à l'eau norme applicable,L'essai « ESSAI D'ENRICHISSEMENT DU SABLE À L'EAU » est réalisé selon **Mode opératoire**.,Le laboratoire réalise l'essai « ESSAI D'ENRICHISSEMENT DU SABLE À L'EAU » selon **Mode opératoire**.,Céramique et verre,"essai, enrichissement, sable, eau, céramique, carreaux, verre",Moyenne,"essai_enrichissement_sable_eau_delai, essai_enrichissement_sable_eau_accreditation"
essai_enrichissement_sable_eau_delai,Quel est le délai de réalisation de l'essai « ESSAI D'ENRICHISSEMENT DU SABLE À L'EAU » ?,délai de l'essai essai d'enrichissement du sable à l'eau | combien de temps prend l'essai essai d'enrichissement du sable à l'eau ? | quand aurai-je les résultats pour essai d'enrichissement du sable à l'eau | temps de traitement essai d'enrichissement du sable à l'eau,Le délai de réalisation de l'essai « ESSAI D'ENRICHISSEMENT DU SABLE À L'EAU » est de **15 jours**.,Le laboratoire réalise l'essai « ESSAI D'ENRICHISSEMENT DU SABLE À L'EAU » dans un délai de **15 jours** à compter de la réception de l'échantillon.,Céramique et verre,"essai, enrichissement, sable, eau, céramique, carreaux, verre",Moyenne,"essai_enrichissement_sable_eau_norme, essai_enrichissement_sable_eau_accreditation"
essai_enrichissement_sable_eau_accreditation,L'essai « ESSAI D'ENRICHISSEMENT DU SABLE À L'EAU » est-il accrédité ?,accréditation de l'essai essai d'enrichissement du sable à l'eau | cet essai est-il couvert par l'accréditation ? | portée d'accréditation pour essai d'enrichissement du sable à l'eau | essai d'enrichissement du sable à l'eau accrédité,"Non, l'essai « ESSAI D'ENRICHISSEMENT DU SABLE À L'EAU » n'est pas accrédité.",L'essai « ESSAI D'ENRICHISSEMENT DU SABLE À L'EAU » est proposé par le laboratoire mais ne fait pas partie de sa portée d'accréditation actuelle.,Céramique et verre,"essai, enrichissement, sable, eau, céramique, carreaux, verre",Moyenne,"essai_enrichissement_sable_eau_norme, essai_enrichissement_sable_eau_delai"
essai_enrichissement_sable_acide_norme,Selon quelle norme réalisez-vous l'essai « ESSAI D'ENRICHISSEMENT DU SABLE À L'ACIDE » ?,norme essai d'enrichissement du sable à l'acide | référence normative de l'essai essai d'enrichissement du sable à l'acide | quelle norme utilisez-vous pour cet essai ? | essai d'enrichissement du sable à l'acide norme applicable,L'essai « ESSAI D'ENRICHISSEMENT DU SABLE À L'ACIDE » est réalisé selon **Mode opératoire**.,Le laboratoire réalise l'essai « ESSAI D'ENRICHISSEMENT DU SABLE À L'ACIDE » selon **Mode opératoire**.,Céramique et verre,"essai, enrichissement, sable, acide, céramique, carreaux, verre",Moyenne,"essai_enrichissement_sable_acide_delai, essai_enrichissement_sable_acide_accreditation"
essai_enrichissement_sable_acide_delai,Quel est le délai de réalisation de l'essai « ESSAI D'ENRICHISSEMENT DU SABLE À L'ACIDE » ?,délai de l'essai essai d'enrichissement du sable à l'acide | combien de temps prend l'essai essai d'enrichissement du sable à l'acide ? | quand aurai-je les résultats pour essai d'enrichissement du sable à l'acide | temps de traitement essai d'enrichissement du sable à l'acide,Le délai de réalisation de l'essai « ESSAI D'ENRICHISSEMENT DU SABLE À L'ACIDE » est de **15 jours**.,Le laboratoire réalise l'essai « ESSAI D'ENRICHISSEMENT DU SABLE À L'ACIDE » dans un délai de **15 jours** à compter de la réception de l'échantillon.,Céramique et verre,"essai, enrichissement, sable, acide, céramique, carreaux, verre",Moyenne,"essai_enrichissement_sable_acide_norme, essai_enrichissement_sable_acide_accreditation"
essai_enrichissement_sable_acide_accreditation,L'essai « ESSAI D'ENRICHISSEMENT DU SABLE À L'ACIDE » est-il accrédité ?,accréditation de l'essai essai d'enrichissement du sable à l'acide | cet essai est-il couvert par l'accréditation ? | portée d'accréditation pour essai d'enrichissement du sable à l'acide | essai d'enrichissement du sable à l'acide accrédité,"Non, l'essai « ESSAI D'ENRICHISSEMENT DU SABLE À L'ACIDE » n'est pas accrédité.",L'essai « ESSAI D'ENRICHISSEMENT DU SABLE À L'ACIDE » est proposé par le laboratoire mais ne fait pas partie de sa portée d'accréditation actuelle.,Céramique et verre,"essai, enrichissement, sable, acide, céramique, carreaux, verre",Moyenne,"essai_enrichissement_sable_acide_norme, essai_enrichissement_sable_acide_delai"
interpretation_resultats_2_norme,Selon quelle norme réalisez-vous l'essai « INTERPRÉTATION DES RÉSULTATS (CÉRAMIQUE ET VERRE) » ?,norme interprétation des résultats (céramique et verre) | référence normative de l'essai interprétation des résultats (céramique et verre) | quelle norme utilisez-vous pour cet essai ? | interprétation des résultats (céramique et verre) norme applicable,Cet essai est réalisé selon notre mode opératoire interne.,Le laboratoire réalise l'essai « INTERPRÉTATION DES RÉSULTATS (CÉRAMIQUE ET VERRE) » selon son mode opératoire interne. Rapprochez-vous de nous pour plus de détails sur la méthode appliquée.,Céramique et verre,"interpretation, resultats, céramique, carreaux, verre",Basse,"interpretation_resultats_2_delai, interpretation_resultats_2_accreditation"
interpretation_resultats_2_delai,Quel est le délai de réalisation de l'essai « INTERPRÉTATION DES RÉSULTATS (CÉRAMIQUE ET VERRE) » ?,délai de l'essai interprétation des résultats (céramique et verre) | combien de temps prend l'essai interprétation des résultats (céramique et verre) ? | quand aurai-je les résultats pour interprétation des résultats (céramique et verre) | temps de traitement interprétation des résultats (céramique et verre),Le délai de réalisation de l'essai « INTERPRÉTATION DES RÉSULTATS (CÉRAMIQUE ET VERRE) » est de **20 jours**.,Le laboratoire réalise l'essai « INTERPRÉTATION DES RÉSULTATS (CÉRAMIQUE ET VERRE) » dans un délai de **20 jours** à compter de la réception de l'échantillon.,Céramique et verre,"interpretation, resultats, céramique, carreaux, verre",Basse,"interpretation_resultats_2_norme, interpretation_resultats_2_accreditation"
interpretation_resultats_2_accreditation,L'essai « INTERPRÉTATION DES RÉSULTATS (CÉRAMIQUE ET VERRE) » est-il accrédité ?,accréditation de l'essai interprétation des résultats (céramique et verre) | cet essai est-il couvert par l'accréditation ? | portée d'accréditation pour interprétation des résultats (céramique et verre) | interprétation des résultats (céramique et verre) accrédité,"Non, l'essai « INTERPRÉTATION DES RÉSULTATS (CÉRAMIQUE ET VERRE) » n'est pas accrédité.",L'essai « INTERPRÉTATION DES RÉSULTATS (CÉRAMIQUE ET VERRE) » est proposé par le laboratoire mais ne fait pas partie de sa portée d'accréditation actuelle.,Céramique et verre,"interpretation, resultats, céramique, carreaux, verre",Basse,"interpretation_resultats_2_norme, interpretation_resultats_2_delai"
essai_matieres_premieres_pour_refractaires_norme,Selon quelle norme réalisez-vous l'essai « ESSAI SUR MATIÈRES PREMIÈRES POUR RÉFRACTAIRES » ?,norme essai sur matières premières pour réfractaires | référence normative de l'essai essai sur matières premières pour réfractaires | quelle norme utilisez-vous pour cet essai ? | essai sur matières premières pour réfractaires norme applicable,L'essai « ESSAI SUR MATIÈRES PREMIÈRES POUR RÉFRACTAIRES » est réalisé selon **Normes en vigueur**.,Le laboratoire réalise l'essai « ESSAI SUR MATIÈRES PREMIÈRES POUR RÉFRACTAIRES » selon **Normes en vigueur**.,Céramique et verre,"essai, matieres, premieres, refractaires, céramique, carreaux, verre",Moyenne,"essai_matieres_premieres_pour_refractaires_delai, essai_matieres_premieres_pour_refractaires_accreditation"
essai_matieres_premieres_pour_refractaires_delai,Quel est le délai de réalisation de l'essai « ESSAI SUR MATIÈRES PREMIÈRES POUR RÉFRACTAIRES » ?,délai de l'essai essai sur matières premières pour réfractaires | combien de temps prend l'essai essai sur matières premières pour réfractaires ? | quand aurai-je les résultats pour essai sur matières premières pour réfractaires | temps de traitement essai sur matières premières pour réfractaires,Le délai de réalisation de l'essai « ESSAI SUR MATIÈRES PREMIÈRES POUR RÉFRACTAIRES » est de **30 jours**.,Le laboratoire réalise l'essai « ESSAI SUR MATIÈRES PREMIÈRES POUR RÉFRACTAIRES » dans un délai de **30 jours** à compter de la réception de l'échantillon.,Céramique et verre,"essai, matieres, premieres, refractaires, céramique, carreaux, verre",Moyenne,"essai_matieres_premieres_pour_refractaires_norme, essai_matieres_premieres_pour_refractaires_accreditation"
essai_matieres_premieres_pour_refractaires_accreditation,L'essai « ESSAI SUR MATIÈRES PREMIÈRES POUR RÉFRACTAIRES » est-il accrédité ?,accréditation de l'essai essai sur matières premières pour réfractaires | cet essai est-il couvert par l'accréditation ? | portée d'accréditation pour essai sur matières premières pour réfractaires | essai sur matières premières pour réfractaires accrédité,"Non, l'essai « ESSAI SUR MATIÈRES PREMIÈRES POUR RÉFRACTAIRES » n'est pas accrédité.",L'essai « ESSAI SUR MATIÈRES PREMIÈRES POUR RÉFRACTAIRES » est proposé par le laboratoire mais ne fait pas partie de sa portée d'accréditation actuelle.,Céramique et verre,"essai, matieres, premieres, refractaires, céramique, carreaux, verre",Moyenne,"essai_matieres_premieres_pour_refractaires_norme, essai_matieres_premieres_pour_refractaires_delai"
resistance_compression_norme,Selon quelle norme réalisez-vous l'essai « RÉSISTANCE À LA COMPRESSION » ?,norme résistance à la compression | référence normative de l'essai résistance à la compression | quelle norme utilisez-vous pour cet essai ? | résistance à la compression norme applicable,L'essai « RÉSISTANCE À LA COMPRESSION » est réalisé selon **NF EN 1926**.,Le laboratoire réalise l'essai « RÉSISTANCE À LA COMPRESSION » selon **NF EN 1926**.,Céramique et verre,"resistance, compression, céramique, carreaux, verre",Moyenne,"resistance_compression_delai, resistance_compression_accreditation"
resistance_compression_delai,Quel est le délai de réalisation de l'essai « RÉSISTANCE À LA COMPRESSION » ?,délai de l'essai résistance à la compression | combien de temps prend l'essai résistance à la compression ? | quand aurai-je les résultats pour résistance à la compression | temps de traitement résistance à la compression,Le délai de réalisation de l'essai « RÉSISTANCE À LA COMPRESSION » est de **6 jours**.,Le laboratoire réalise l'essai « RÉSISTANCE À LA COMPRESSION » dans un délai de **6 jours** à compter de la réception de l'échantillon.,Céramique et verre,"resistance, compression, céramique, carreaux, verre",Moyenne,"resistance_compression_norme, resistance_compression_accreditation"
resistance_compression_accreditation,L'essai « RÉSISTANCE À LA COMPRESSION » est-il accrédité ?,accréditation de l'essai résistance à la compression | cet essai est-il couvert par l'accréditation ? | portée d'accréditation pour résistance à la compression | résistance à la compression accrédité,"Non, l'essai « RÉSISTANCE À LA COMPRESSION » n'est pas accrédité.",L'essai « RÉSISTANCE À LA COMPRESSION » est proposé par le laboratoire mais ne fait pas partie de sa portée d'accréditation actuelle.,Céramique et verre,"resistance, compression, céramique, carreaux, verre",Moyenne,"resistance_compression_norme, resistance_compression_delai"
essai_cuisson_2_norme,Selon quelle norme réalisez-vous l'essai « ESSAI DE CUISSON » ?,norme essai de cuisson | référence normative de l'essai essai de cuisson | quelle norme utilisez-vous pour cet essai ? | essai de cuisson norme applicable,L'essai « ESSAI DE CUISSON » est réalisé selon **Mode opératoire**.,Le laboratoire réalise l'essai « ESSAI DE CUISSON » selon **Mode opératoire**.,Céramique et verre,"essai, cuisson, céramique, carreaux, verre",Moyenne,"essai_cuisson_2_delai, essai_cuisson_2_accreditation"
essai_cuisson_2_delai,Quel est le délai de réalisation de l'essai « ESSAI DE CUISSON » ?,délai de l'essai essai de cuisson | combien de temps prend l'essai essai de cuisson ? | quand aurai-je les résultats pour essai de cuisson | temps de traitement essai de cuisson,Le délai de réalisation de l'essai « ESSAI DE CUISSON » est de **7 jours**.,Le laboratoire réalise l'essai « ESSAI DE CUISSON » dans un délai de **7 jours** à compter de la réception de l'échantillon.,Céramique et verre,"essai, cuisson, céramique, carreaux, verre",Moyenne,"essai_cuisson_2_norme, essai_cuisson_2_accreditation"
essai_cuisson_2_accreditation,L'essai « ESSAI DE CUISSON » est-il accrédité ?,accréditation de l'essai essai de cuisson | cet essai est-il couvert par l'accréditation ? | portée d'accréditation pour essai de cuisson | essai de cuisson accrédité,"Non, l'essai « ESSAI DE CUISSON » n'est pas accrédité.",L'essai « ESSAI DE CUISSON » est proposé par le laboratoire mais ne fait pas partie de sa portée d'accréditation actuelle.,Céramique et verre,"essai, cuisson, céramique, carreaux, verre",Moyenne,"essai_cuisson_2_norme, essai_cuisson_2_delai"
essai_abrasion_profonde_norme,Selon quelle norme réalisez-vous l'essai « ESSAI D'ABRASION PROFONDE » ?,norme essai d'abrasion profonde | référence normative de l'essai essai d'abrasion profonde | quelle norme utilisez-vous pour cet essai ? | essai d'abrasion profonde norme applicable,L'essai « ESSAI D'ABRASION PROFONDE » est réalisé selon **ISO 10545-6**.,Le laboratoire réalise l'essai « ESSAI D'ABRASION PROFONDE » selon **ISO 10545-6**.,Céramique et verre,"essai, abrasion, profonde, céramique, carreaux, verre",Moyenne,"essai_abrasion_profonde_delai, essai_abrasion_profonde_accreditation"
essai_abrasion_profonde_delai,Quel est le délai de réalisation de l'essai « ESSAI D'ABRASION PROFONDE » ?,délai de l'essai essai d'abrasion profonde | combien de temps prend l'essai essai d'abrasion profonde ? | quand aurai-je les résultats pour essai d'abrasion profonde | temps de traitement essai d'abrasion profonde,Le délai de réalisation de l'essai « ESSAI D'ABRASION PROFONDE » est de **8 jours**.,Le laboratoire réalise l'essai « ESSAI D'ABRASION PROFONDE » dans un délai de **8 jours** à compter de la réception de l'échantillon.,Céramique et verre,"essai, abrasion, profonde, céramique, carreaux, verre",Moyenne,"essai_abrasion_profonde_norme, essai_abrasion_profonde_accreditation"
essai_abrasion_profonde_accreditation,L'essai « ESSAI D'ABRASION PROFONDE » est-il accrédité ?,accréditation de l'essai essai d'abrasion profonde | cet essai est-il couvert par l'accréditation ? | portée d'accréditation pour essai d'abrasion profonde | essai d'abrasion profonde accrédité,"Non, l'essai « ESSAI D'ABRASION PROFONDE » n'est pas accrédité.",L'essai « ESSAI D'ABRASION PROFONDE » est proposé par le laboratoire mais ne fait pas partie de sa portée d'accréditation actuelle.,Céramique et verre,"essai, abrasion, profonde, céramique, carreaux, verre",Moyenne,"essai_abrasion_profonde_norme, essai_abrasion_profonde_delai"
durete_norme,Selon quelle norme réalisez-vous l'essai « DURETÉ (ÉCHELLE DE MOHS) » ?,norme dureté (échelle de mohs) | référence normative de l'essai dureté (échelle de mohs) | quelle norme utilisez-vous pour cet essai ? | dureté (échelle de mohs) norme applicable,L'essai « DURETÉ (ÉCHELLE DE MOHS) » est réalisé selon **Mode opératoire**.,Le laboratoire réalise l'essai « DURETÉ (ÉCHELLE DE MOHS) » selon **Mode opératoire**.,Céramique et verre,"durete, céramique, carreaux, verre",Moyenne,"durete_delai, durete_accreditation"
durete_delai,Quel est le délai de réalisation de l'essai « DURETÉ (ÉCHELLE DE MOHS) » ?,délai de l'essai dureté (échelle de mohs) | combien de temps prend l'essai dureté (échelle de mohs) ? | quand aurai-je les résultats pour dureté (échelle de mohs) | temps de traitement dureté (échelle de mohs),Le délai de réalisation de l'essai « DURETÉ (ÉCHELLE DE MOHS) » est de **5 jours**.,Le laboratoire réalise l'essai « DURETÉ (ÉCHELLE DE MOHS) » dans un délai de **5 jours** à compter de la réception de l'échantillon.,Céramique et verre,"durete, céramique, carreaux, verre",Moyenne,"durete_norme, durete_accreditation"
durete_accreditation,L'essai « DURETÉ (ÉCHELLE DE MOHS) » est-il accrédité ?,accréditation de l'essai dureté (échelle de mohs) | cet essai est-il couvert par l'accréditation ? | portée d'accréditation pour dureté (échelle de mohs) | dureté (échelle de mohs) accrédité,"Non, l'essai « DURETÉ (ÉCHELLE DE MOHS) » n'est pas accrédité.",L'essai « DURETÉ (ÉCHELLE DE MOHS) » est proposé par le laboratoire mais ne fait pas partie de sa portée d'accréditation actuelle.,Céramique et verre,"durete, céramique, carreaux, verre",Moyenne,"durete_norme, durete_delai"
perte_acide_20_norme,Selon quelle norme réalisez-vous l'essai « PERTE À L'ACIDE À 20 % » ?,norme perte à l'acide à 20 % | référence normative de l'essai perte à l'acide à 20 % | quelle norme utilisez-vous pour cet essai ? | perte à l'acide à 20 % norme applicable,L'essai « PERTE À L'ACIDE À 20 % » est réalisé selon **Mode opératoire**.,Le laboratoire réalise l'essai « PERTE À L'ACIDE À 20 % » selon **Mode opératoire**.,Céramique et verre,"perte, acide, céramique, carreaux, verre",Moyenne,"perte_acide_20_delai, perte_acide_20_accreditation"
perte_acide_20_delai,Quel est le délai de réalisation de l'essai « PERTE À L'ACIDE À 20 % » ?,délai de l'essai perte à l'acide à 20 % | combien de temps prend l'essai perte à l'acide à 20 % ? | quand aurai-je les résultats pour perte à l'acide à 20 % | temps de traitement perte à l'acide à 20 %,Le délai de réalisation de l'essai « PERTE À L'ACIDE À 20 % » est de **25 jours**.,Le laboratoire réalise l'essai « PERTE À L'ACIDE À 20 % » dans un délai de **25 jours** à compter de la réception de l'échantillon.,Céramique et verre,"perte, acide, céramique, carreaux, verre",Moyenne,"perte_acide_20_norme, perte_acide_20_accreditation"
perte_acide_20_accreditation,L'essai « PERTE À L'ACIDE À 20 % » est-il accrédité ?,accréditation de l'essai perte à l'acide à 20 % | cet essai est-il couvert par l'accréditation ? | portée d'accréditation pour perte à l'acide à 20 % | perte à l'acide à 20 % accrédité,"Non, l'essai « PERTE À L'ACIDE À 20 % » n'est pas accrédité.",L'essai « PERTE À L'ACIDE À 20 % » est proposé par le laboratoire mais ne fait pas partie de sa portée d'accréditation actuelle.,Céramique et verre,"perte, acide, céramique, carreaux, verre",Moyenne,"perte_acide_20_norme, perte_acide_20_delai"
controle_qualite_carreaux_sol_norme,"Selon quelle norme réalisez-vous l'essai « CONTRÔLE DE QUALITÉ SUR CARREAUX DE SOL (C. GRANITO, MONOCOUCHE, DALLE DE SOL, COMPACTO, ETC.) » ?","norme contrôle de qualité sur carreaux de sol (c. granito, monocouche, dalle de sol, compacto, etc.) | référence normative de l'essai contrôle de qualité sur carreaux de sol (c. granito, monocouche, dalle de sol, compacto, etc.) | quelle norme utilisez-vous pour cet essai ? | contrôle de qualité sur carreaux de sol (c. granito, monocouche, dalle de sol, compacto, etc.) norme applicable","L'essai « CONTRÔLE DE QUALITÉ SUR CARREAUX DE SOL (C. GRANITO, MONOCOUCHE, DALLE DE SOL, COMPACTO, ETC.) » est réalisé selon **Normes en vigueur**.","Le laboratoire réalise l'essai « CONTRÔLE DE QUALITÉ SUR CARREAUX DE SOL (C. GRANITO, MONOCOUCHE, DALLE DE SOL, COMPACTO, ETC.) » selon **Normes en vigueur**.",Céramique et verre,"controle, qualite, carreaux, sol, céramique, verre",Moyenne,"controle_qualite_carreaux_sol_delai, controle_qualite_carreaux_sol_accreditation"
controle_qualite_carreaux_sol_delai,"Quel est le délai de réalisation de l'essai « CONTRÔLE DE QUALITÉ SUR CARREAUX DE SOL (C. GRANITO, MONOCOUCHE, DALLE DE SOL, COMPACTO, ETC.) » ?","délai de l'essai contrôle de qualité sur carreaux de sol (c. granito, monocouche, dalle de sol, compacto, etc.) | combien de temps prend l'essai contrôle de qualité sur carreaux de sol (c. granito, monocouche, dalle de sol, compacto, etc.) ? | quand aurai-je les résultats pour contrôle de qualité sur carreaux de sol (c. granito, monocouche, dalle de sol, compacto, etc.) | temps de traitement contrôle de qualité sur carreaux de sol (c. granito, monocouche, dalle de sol, compacto, etc.)","Le délai de réalisation de l'essai « CONTRÔLE DE QUALITÉ SUR CARREAUX DE SOL (C. GRANITO, MONOCOUCHE, DALLE DE SOL, COMPACTO, ETC.) » est de **15 jours**.","Le laboratoire réalise l'essai « CONTRÔLE DE QUALITÉ SUR CARREAUX DE SOL (C. GRANITO, MONOCOUCHE, DALLE DE SOL, COMPACTO, ETC.) » dans un délai de **15 jours** à compter de la réception de l'échantillon.",Céramique et verre,"controle, qualite, carreaux, sol, céramique, verre",Moyenne,"controle_qualite_carreaux_sol_norme, controle_qualite_carreaux_sol_accreditation"
controle_qualite_carreaux_sol_accreditation,"L'essai « CONTRÔLE DE QUALITÉ SUR CARREAUX DE SOL (C. GRANITO, MONOCOUCHE, DALLE DE SOL, COMPACTO, ETC.) » est-il accrédité ?","accréditation de l'essai contrôle de qualité sur carreaux de sol (c. granito, monocouche, dalle de sol, compacto, etc.) | cet essai est-il couvert par l'accréditation ? | portée d'accréditation pour contrôle de qualité sur carreaux de sol (c. granito, monocouche, dalle de sol, compacto, etc.) | contrôle de qualité sur carreaux de sol (c. granito, monocouche, dalle de sol, compacto, etc.) accrédité","Non, l'essai « CONTRÔLE DE QUALITÉ SUR CARREAUX DE SOL (C. GRANITO, MONOCOUCHE, DALLE DE SOL, COMPACTO, ETC.) » n'est pas accrédité.","L'essai « CONTRÔLE DE QUALITÉ SUR CARREAUX DE SOL (C. GRANITO, MONOCOUCHE, DALLE DE SOL, COMPACTO, ETC.) » est proposé par le laboratoire mais ne fait pas partie de sa portée d'accréditation actuelle.",Céramique et verre,"controle, qualite, carreaux, sol, céramique, verre",Moyenne,"controle_qualite_carreaux_sol_norme, controle_qualite_carreaux_sol_delai"
controle_qualite_briques_refractaires_norme,Selon quelle norme réalisez-vous l'essai « CONTRÔLE DE QUALITÉ SUR BRIQUES RÉFRACTAIRES » ?,norme contrôle de qualité sur briques réfractaires | référence normative de l'essai contrôle de qualité sur briques réfractaires | quelle norme utilisez-vous pour cet essai ? | contrôle de qualité sur briques réfractaires norme applicable,L'essai « CONTRÔLE DE QUALITÉ SUR BRIQUES RÉFRACTAIRES » est réalisé selon **Normes en vigueur**.,Le laboratoire réalise l'essai « CONTRÔLE DE QUALITÉ SUR BRIQUES RÉFRACTAIRES » selon **Normes en vigueur**.,Céramique et verre,"controle, qualite, briques, refractaires, céramique, carreaux, verre",Moyenne,"controle_qualite_briques_refractaires_delai, controle_qualite_briques_refractaires_accreditation"
controle_qualite_briques_refractaires_delai,Quel est le délai de réalisation de l'essai « CONTRÔLE DE QUALITÉ SUR BRIQUES RÉFRACTAIRES » ?,délai de l'essai contrôle de qualité sur briques réfractaires | combien de temps prend l'essai contrôle de qualité sur briques réfractaires ? | quand aurai-je les résultats pour contrôle de qualité sur briques réfractaires | temps de traitement contrôle de qualité sur briques réfractaires,Le délai de réalisation de l'essai « CONTRÔLE DE QUALITÉ SUR BRIQUES RÉFRACTAIRES » est de **20 jours**.,Le laboratoire réalise l'essai « CONTRÔLE DE QUALITÉ SUR BRIQUES RÉFRACTAIRES » dans un délai de **20 jours** à compter de la réception de l'échantillon.,Céramique et verre,"controle, qualite, briques, refractaires, céramique, carreaux, verre",Moyenne,"controle_qualite_briques_refractaires_norme, controle_qualite_briques_refractaires_accreditation"
controle_qualite_briques_refractaires_accreditation,L'essai « CONTRÔLE DE QUALITÉ SUR BRIQUES RÉFRACTAIRES » est-il accrédité ?,accréditation de l'essai contrôle de qualité sur briques réfractaires | cet essai est-il couvert par l'accréditation ? | portée d'accréditation pour contrôle de qualité sur briques réfractaires | contrôle de qualité sur briques réfractaires accrédité,"Non, l'essai « CONTRÔLE DE QUALITÉ SUR BRIQUES RÉFRACTAIRES » n'est pas accrédité.",L'essai « CONTRÔLE DE QUALITÉ SUR BRIQUES RÉFRACTAIRES » est proposé par le laboratoire mais ne fait pas partie de sa portée d'accréditation actuelle.,Céramique et verre,"controle, qualite, briques, refractaires, céramique, carreaux, verre",Moyenne,"controle_qualite_briques_refractaires_norme, controle_qualite_briques_refractaires_delai"
emission_plomb_cadmium_norme,Selon quelle norme réalisez-vous l'essai « ÉMISSION DE PLOMB ET DE CADMIUM » ?,norme émission de plomb et de cadmium | référence normative de l'essai émission de plomb et de cadmium | quelle norme utilisez-vous pour cet essai ? | émission de plomb et de cadmium norme applicable,L'essai « ÉMISSION DE PLOMB ET DE CADMIUM » est réalisé selon **Normes ISO 6486-1 et 2**.,Le laboratoire réalise l'essai « ÉMISSION DE PLOMB ET DE CADMIUM » selon **Normes ISO 6486-1 et 2**.,Céramique et verre,"emission, plomb, cadmium, céramique, carreaux, verre",Moyenne,"emission_plomb_cadmium_delai, emission_plomb_cadmium_accreditation"
emission_plomb_cadmium_delai,Quel est le délai de réalisation de l'essai « ÉMISSION DE PLOMB ET DE CADMIUM » ?,délai de l'essai émission de plomb et de cadmium | combien de temps prend l'essai émission de plomb et de cadmium ? | quand aurai-je les résultats pour émission de plomb et de cadmium | temps de traitement émission de plomb et de cadmium,Le délai de réalisation de l'essai « ÉMISSION DE PLOMB ET DE CADMIUM » est de **7 jours**.,Le laboratoire réalise l'essai « ÉMISSION DE PLOMB ET DE CADMIUM » dans un délai de **7 jours** à compter de la réception de l'échantillon.,Céramique et verre,"emission, plomb, cadmium, céramique, carreaux, verre",Moyenne,"emission_plomb_cadmium_norme, emission_plomb_cadmium_accreditation"
emission_plomb_cadmium_accreditation,L'essai « ÉMISSION DE PLOMB ET DE CADMIUM » est-il accrédité ?,accréditation de l'essai émission de plomb et de cadmium | cet essai est-il couvert par l'accréditation ? | portée d'accréditation pour émission de plomb et de cadmium | émission de plomb et de cadmium accrédité,"Non, l'essai « ÉMISSION DE PLOMB ET DE CADMIUM » n'est pas accrédité.",L'essai « ÉMISSION DE PLOMB ET DE CADMIUM » est proposé par le laboratoire mais ne fait pas partie de sa portée d'accréditation actuelle.,Céramique et verre,"emission, plomb, cadmium, céramique, carreaux, verre",Moyenne,"emission_plomb_cadmium_norme, emission_plomb_cadmium_delai"
essai_identification_vaisselle_porcelaine_norme,Selon quelle norme réalisez-vous l'essai « ESSAI D'IDENTIFICATION SUR VAISSELLE EN PORCELAINE » ?,norme essai d'identification sur vaisselle en porcelaine | référence normative de l'essai essai d'identification sur vaisselle en porcelaine | quelle norme utilisez-vous pour cet essai ? | essai d'identification sur vaisselle en porcelaine norme applicable,L'essai « ESSAI D'IDENTIFICATION SUR VAISSELLE EN PORCELAINE » est réalisé selon **Normes en vigueur**.,Le laboratoire réalise l'essai « ESSAI D'IDENTIFICATION SUR VAISSELLE EN PORCELAINE » selon **Normes en vigueur**.,Céramique et verre,"essai, identification, vaisselle, porcelaine, céramique, carreaux, verre",Moyenne,"essai_identification_vaisselle_porcelaine_delai, essai_identification_vaisselle_porcelaine_accreditation"
essai_identification_vaisselle_porcelaine_delai,Quel est le délai de réalisation de l'essai « ESSAI D'IDENTIFICATION SUR VAISSELLE EN PORCELAINE » ?,délai de l'essai essai d'identification sur vaisselle en porcelaine | combien de temps prend l'essai essai d'identification sur vaisselle en porcelaine ? | quand aurai-je les résultats pour essai d'identification sur vaisselle en porcelaine | temps de traitement essai d'identification sur vaisselle en porcelaine,Le délai de réalisation de l'essai « ESSAI D'IDENTIFICATION SUR VAISSELLE EN PORCELAINE » est de **20 jours**.,Le laboratoire réalise l'essai « ESSAI D'IDENTIFICATION SUR VAISSELLE EN PORCELAINE » dans un délai de **20 jours** à compter de la réception de l'échantillon.,Céramique et verre,"essai, identification, vaisselle, porcelaine, céramique, carreaux, verre",Moyenne,"essai_identification_vaisselle_porcelaine_norme, essai_identification_vaisselle_porcelaine_accreditation"
essai_identification_vaisselle_porcelaine_accreditation,L'essai « ESSAI D'IDENTIFICATION SUR VAISSELLE EN PORCELAINE » est-il accrédité ?,accréditation de l'essai essai d'identification sur vaisselle en porcelaine | cet essai est-il couvert par l'accréditation ? | portée d'accréditation pour essai d'identification sur vaisselle en porcelaine | essai d'identification sur vaisselle en porcelaine accrédité,"Non, l'essai « ESSAI D'IDENTIFICATION SUR VAISSELLE EN PORCELAINE » n'est pas accrédité.",L'essai « ESSAI D'IDENTIFICATION SUR VAISSELLE EN PORCELAINE » est proposé par le laboratoire mais ne fait pas partie de sa portée d'accréditation actuelle.,Céramique et verre,"essai, identification, vaisselle, porcelaine, céramique, carreaux, verre",Moyenne,"essai_identification_vaisselle_porcelaine_norme, essai_identification_vaisselle_porcelaine_delai"
mission_prelevement_6_norme,Selon quelle norme réalisez-vous l'essai « MISSION DE PRÉLÈVEMENT (CÉRAMIQUE) » ?,norme mission de prélèvement (céramique) | référence normative de l'essai mission de prélèvement (céramique) | quelle norme utilisez-vous pour cet essai ? | mission de prélèvement (céramique) norme applicable,L'essai « MISSION DE PRÉLÈVEMENT (CÉRAMIQUE) » est réalisé selon **ISO 10545-1**.,Le laboratoire réalise l'essai « MISSION DE PRÉLÈVEMENT (CÉRAMIQUE) » selon **ISO 10545-1**.,Céramique et verre,"mission, prelevement, céramique, carreaux, verre",Moyenne,"mission_prelevement_6_delai, mission_prelevement_6_accreditation"
mission_prelevement_6_delai,Quel est le délai de réalisation de l'essai « MISSION DE PRÉLÈVEMENT (CÉRAMIQUE) » ?,délai de l'essai mission de prélèvement (céramique) | combien de temps prend l'essai mission de prélèvement (céramique) ? | quand aurai-je les résultats pour mission de prélèvement (céramique) | temps de traitement mission de prélèvement (céramique),Le délai de réalisation de l'essai « MISSION DE PRÉLÈVEMENT (CÉRAMIQUE) » est de **5 jours**.,Le laboratoire réalise l'essai « MISSION DE PRÉLÈVEMENT (CÉRAMIQUE) » dans un délai de **5 jours** à compter de la réception de l'échantillon.,Céramique et verre,"mission, prelevement, céramique, carreaux, verre",Moyenne,"mission_prelevement_6_norme, mission_prelevement_6_accreditation"
mission_prelevement_6_accreditation,L'essai « MISSION DE PRÉLÈVEMENT (CÉRAMIQUE) » est-il accrédité ?,accréditation de l'essai mission de prélèvement (céramique) | cet essai est-il couvert par l'accréditation ? | portée d'accréditation pour mission de prélèvement (céramique) | mission de prélèvement (céramique) accrédité,"Non, l'essai « MISSION DE PRÉLÈVEMENT (CÉRAMIQUE) » n'est pas accrédité.",L'essai « MISSION DE PRÉLÈVEMENT (CÉRAMIQUE) » est proposé par le laboratoire mais ne fait pas partie de sa portée d'accréditation actuelle.,Céramique et verre,"mission, prelevement, céramique, carreaux, verre",Moyenne,"mission_prelevement_6_norme, mission_prelevement_6_delai"
essais_physiques_norme,Selon quelle norme réalisez-vous l'essai « ESSAIS PHYSIQUES (MASSE VOLUMIQUE) » ?,norme essais physiques (masse volumique) | référence normative de l'essai essais physiques (masse volumique) | quelle norme utilisez-vous pour cet essai ? | essais physiques (masse volumique) norme applicable,L'essai « ESSAIS PHYSIQUES (MASSE VOLUMIQUE) » est réalisé selon **Mode opératoire**.,Le laboratoire réalise l'essai « ESSAIS PHYSIQUES (MASSE VOLUMIQUE) » selon **Mode opératoire**.,Céramique et verre,"essais, physiques, céramique, carreaux, verre",Moyenne,"essais_physiques_delai, essais_physiques_accreditation"
essais_physiques_delai,Quel est le délai de réalisation de l'essai « ESSAIS PHYSIQUES (MASSE VOLUMIQUE) » ?,délai de l'essai essais physiques (masse volumique) | combien de temps prend l'essai essais physiques (masse volumique) ? | quand aurai-je les résultats pour essais physiques (masse volumique) | temps de traitement essais physiques (masse volumique),Le délai de réalisation de l'essai « ESSAIS PHYSIQUES (MASSE VOLUMIQUE) » est de **5 jours**.,Le laboratoire réalise l'essai « ESSAIS PHYSIQUES (MASSE VOLUMIQUE) » dans un délai de **5 jours** à compter de la réception de l'échantillon.,Céramique et verre,"essais, physiques, céramique, carreaux, verre",Moyenne,"essais_physiques_norme, essais_physiques_accreditation"
essais_physiques_accreditation,L'essai « ESSAIS PHYSIQUES (MASSE VOLUMIQUE) » est-il accrédité ?,accréditation de l'essai essais physiques (masse volumique) | cet essai est-il couvert par l'accréditation ? | portée d'accréditation pour essais physiques (masse volumique) | essais physiques (masse volumique) accrédité,"Non, l'essai « ESSAIS PHYSIQUES (MASSE VOLUMIQUE) » n'est pas accrédité.",L'essai « ESSAIS PHYSIQUES (MASSE VOLUMIQUE) » est proposé par le laboratoire mais ne fait pas partie de sa portée d'accréditation actuelle.,Céramique et verre,"essais, physiques, céramique, carreaux, verre",Moyenne,"essais_physiques_norme, essais_physiques_delai"
essai_briques_refractaires_norme,Selon quelle norme réalisez-vous l'essai « ESSAI SUR BRIQUES RÉFRACTAIRES » ?,norme essai sur briques réfractaires | référence normative de l'essai essai sur briques réfractaires | quelle norme utilisez-vous pour cet essai ? | essai sur briques réfractaires norme applicable,L'essai « ESSAI SUR BRIQUES RÉFRACTAIRES » est réalisé selon **Normes en vigueur**.,Le laboratoire réalise l'essai « ESSAI SUR BRIQUES RÉFRACTAIRES » selon **Normes en vigueur**.,Céramique et verre,"essai, briques, refractaires, céramique, carreaux, verre",Moyenne,"essai_briques_refractaires_delai, essai_briques_refractaires_accreditation"
essai_briques_refractaires_delai,Quel est le délai de réalisation de l'essai « ESSAI SUR BRIQUES RÉFRACTAIRES » ?,délai de l'essai essai sur briques réfractaires | combien de temps prend l'essai essai sur briques réfractaires ? | quand aurai-je les résultats pour essai sur briques réfractaires | temps de traitement essai sur briques réfractaires,Le délai de réalisation de l'essai « ESSAI SUR BRIQUES RÉFRACTAIRES » est de **20 jours**.,Le laboratoire réalise l'essai « ESSAI SUR BRIQUES RÉFRACTAIRES » dans un délai de **20 jours** à compter de la réception de l'échantillon.,Céramique et verre,"essai, briques, refractaires, céramique, carreaux, verre",Moyenne,"essai_briques_refractaires_norme, essai_briques_refractaires_accreditation"
essai_briques_refractaires_accreditation,L'essai « ESSAI SUR BRIQUES RÉFRACTAIRES » est-il accrédité ?,accréditation de l'essai essai sur briques réfractaires | cet essai est-il couvert par l'accréditation ? | portée d'accréditation pour essai sur briques réfractaires | essai sur briques réfractaires accrédité,"Non, l'essai « ESSAI SUR BRIQUES RÉFRACTAIRES » n'est pas accrédité.",L'essai « ESSAI SUR BRIQUES RÉFRACTAIRES » est proposé par le laboratoire mais ne fait pas partie de sa portée d'accréditation actuelle.,Céramique et verre,"essai, briques, refractaires, céramique, carreaux, verre",Moyenne,"essai_briques_refractaires_norme, essai_briques_refractaires_delai"
analyse_granulometrique_2_norme,Selon quelle norme réalisez-vous l'essai « ANALYSE GRANULOMÉTRIQUE (SABLE À USAGE VERRIER) » ?,norme analyse granulométrique (sable à usage verrier) | référence normative de l'essai analyse granulométrique (sable à usage verrier) | quelle norme utilisez-vous pour cet essai ? | analyse granulométrique (sable à usage verrier) norme applicable,L'essai « ANALYSE GRANULOMÉTRIQUE (SABLE À USAGE VERRIER) » est réalisé selon **Mode opératoire**.,Le laboratoire réalise l'essai « ANALYSE GRANULOMÉTRIQUE (SABLE À USAGE VERRIER) » selon **Mode opératoire**.,Céramique et verre,"analyse, granulometrique, céramique, carreaux, verre",Moyenne,"analyse_granulometrique_2_delai, analyse_granulometrique_2_accreditation"
analyse_granulometrique_2_delai,Quel est le délai de réalisation de l'essai « ANALYSE GRANULOMÉTRIQUE (SABLE À USAGE VERRIER) » ?,délai de l'essai analyse granulométrique (sable à usage verrier) | combien de temps prend l'essai analyse granulométrique (sable à usage verrier) ? | quand aurai-je les résultats pour analyse granulométrique (sable à usage verrier) | temps de traitement analyse granulométrique (sable à usage verrier),Le délai de réalisation de l'essai « ANALYSE GRANULOMÉTRIQUE (SABLE À USAGE VERRIER) » est de **5 jours**.,Le laboratoire réalise l'essai « ANALYSE GRANULOMÉTRIQUE (SABLE À USAGE VERRIER) » dans un délai de **5 jours** à compter de la réception de l'échantillon.,Céramique et verre,"analyse, granulometrique, céramique, carreaux, verre",Moyenne,"analyse_granulometrique_2_norme, analyse_granulometrique_2_accreditation"
analyse_granulometrique_2_accreditation,L'essai « ANALYSE GRANULOMÉTRIQUE (SABLE À USAGE VERRIER) » est-il accrédité ?,accréditation de l'essai analyse granulométrique (sable à usage verrier) | cet essai est-il couvert par l'accréditation ? | portée d'accréditation pour analyse granulométrique (sable à usage verrier) | analyse granulométrique (sable à usage verrier) accrédité,"Non, l'essai « ANALYSE GRANULOMÉTRIQUE (SABLE À USAGE VERRIER) » n'est pas accrédité.",L'essai « ANALYSE GRANULOMÉTRIQUE (SABLE À USAGE VERRIER) » est proposé par le laboratoire mais ne fait pas partie de sa portée d'accréditation actuelle.,Céramique et verre,"analyse, granulometrique, céramique, carreaux, verre",Moyenne,"analyse_granulometrique_2_norme, analyse_granulometrique_2_delai"
determination_absorption_capillarite_norme,Selon quelle norme réalisez-vous l'essai « DÉTERMINATION DE L'ABSORPTION / CAPILLARITÉ » ?,norme détermination de l'absorption / capillarité | référence normative de l'essai détermination de l'absorption / capillarité | quelle norme utilisez-vous pour cet essai ? | détermination de l'absorption / capillarité norme applicable,L'essai « DÉTERMINATION DE L'ABSORPTION / CAPILLARITÉ » est réalisé selon **NF EN 1925**.,Le laboratoire réalise l'essai « DÉTERMINATION DE L'ABSORPTION / CAPILLARITÉ » selon **NF EN 1925**.,Céramique et verre,"determination, absorption, capillarite, céramique, carreaux, verre",Moyenne,"determination_absorption_capillarite_delai, determination_absorption_capillarite_accreditation"
determination_absorption_capillarite_delai,Quel est le délai de réalisation de l'essai « DÉTERMINATION DE L'ABSORPTION / CAPILLARITÉ » ?,délai de l'essai détermination de l'absorption / capillarité | combien de temps prend l'essai détermination de l'absorption / capillarité ? | quand aurai-je les résultats pour détermination de l'absorption / capillarité | temps de traitement détermination de l'absorption / capillarité,Le délai de réalisation de l'essai « DÉTERMINATION DE L'ABSORPTION / CAPILLARITÉ » est de **30 jours**.,Le laboratoire réalise l'essai « DÉTERMINATION DE L'ABSORPTION / CAPILLARITÉ » dans un délai de **30 jours** à compter de la réception de l'échantillon.,Céramique et verre,"determination, absorption, capillarite, céramique, carreaux, verre",Moyenne,"determination_absorption_capillarite_norme, determination_absorption_capillarite_accreditation"
determination_absorption_capillarite_accreditation,L'essai « DÉTERMINATION DE L'ABSORPTION / CAPILLARITÉ » est-il accrédité ?,accréditation de l'essai détermination de l'absorption / capillarité | cet essai est-il couvert par l'accréditation ? | portée d'accréditation pour détermination de l'absorption / capillarité | détermination de l'absorption / capillarité accrédité,"Non, l'essai « DÉTERMINATION DE L'ABSORPTION / CAPILLARITÉ » n'est pas accrédité.",L'essai « DÉTERMINATION DE L'ABSORPTION / CAPILLARITÉ » est proposé par le laboratoire mais ne fait pas partie de sa portée d'accréditation actuelle.,Céramique et verre,"determination, absorption, capillarite, céramique, carreaux, verre",Moyenne,"determination_absorption_capillarite_norme, determination_absorption_capillarite_delai"
determination_masse_volumique_apparente_porosite_ouverte_norme,Selon quelle norme réalisez-vous l'essai « DÉTERMINATION DE LA MASSE VOLUMIQUE APPARENTE ET DE LA POROSITÉ OUVERTE » ?,norme détermination de la masse volumique apparente et de la porosité ouverte | référence normative de l'essai détermination de la masse volumique apparente et de la porosité ouverte | quelle norme utilisez-vous pour cet essai ? | détermination de la masse volumique apparente et de la porosité ouverte norme applicable,L'essai « DÉTERMINATION DE LA MASSE VOLUMIQUE APPARENTE ET DE LA POROSITÉ OUVERTE » est réalisé selon **NF EN 1936**.,Le laboratoire réalise l'essai « DÉTERMINATION DE LA MASSE VOLUMIQUE APPARENTE ET DE LA POROSITÉ OUVERTE » selon **NF EN 1936**.,Céramique et verre,"determination, masse, volumique, apparente, porosite, ouverte, céramique, carreaux",Moyenne,"determination_masse_volumique_apparente_porosite_ouverte_delai, determination_masse_volumique_apparente_porosite_ouverte_accreditation"
determination_masse_volumique_apparente_porosite_ouverte_delai,Quel est le délai de réalisation de l'essai « DÉTERMINATION DE LA MASSE VOLUMIQUE APPARENTE ET DE LA POROSITÉ OUVERTE » ?,délai de l'essai détermination de la masse volumique apparente et de la porosité ouverte | combien de temps prend l'essai détermination de la masse volumique apparente et de la porosité ouverte ? | quand aurai-je les résultats pour détermination de la masse volumique apparente et de la porosité ouverte | temps de traitement détermination de la masse volumique apparente et de la porosité ouverte,Le délai de réalisation de l'essai « DÉTERMINATION DE LA MASSE VOLUMIQUE APPARENTE ET DE LA POROSITÉ OUVERTE » est de **30 jours**.,Le laboratoire réalise l'essai « DÉTERMINATION DE LA MASSE VOLUMIQUE APPARENTE ET DE LA POROSITÉ OUVERTE » dans un délai de **30 jours** à compter de la réception de l'échantillon.,Céramique et verre,"determination, masse, volumique, apparente, porosite, ouverte, céramique, carreaux",Moyenne,"determination_masse_volumique_apparente_porosite_ouverte_norme, determination_masse_volumique_apparente_porosite_ouverte_accreditation"
determination_masse_volumique_apparente_porosite_ouverte_accreditation,L'essai « DÉTERMINATION DE LA MASSE VOLUMIQUE APPARENTE ET DE LA POROSITÉ OUVERTE » est-il accrédité ?,accréditation de l'essai détermination de la masse volumique apparente et de la porosité ouverte | cet essai est-il couvert par l'accréditation ? | portée d'accréditation pour détermination de la masse volumique apparente et de la porosité ouverte | détermination de la masse volumique apparente et de la porosité ouverte accrédité,"Non, l'essai « DÉTERMINATION DE LA MASSE VOLUMIQUE APPARENTE ET DE LA POROSITÉ OUVERTE » n'est pas accrédité.",L'essai « DÉTERMINATION DE LA MASSE VOLUMIQUE APPARENTE ET DE LA POROSITÉ OUVERTE » est proposé par le laboratoire mais ne fait pas partie de sa portée d'accréditation actuelle.,Céramique et verre,"determination, masse, volumique, apparente, porosite, ouverte, céramique, carreaux",Moyenne,"determination_masse_volumique_apparente_porosite_ouverte_norme, determination_masse_volumique_apparente_porosite_ouverte_delai"
determination_masse_volumique_reelle_porosite_totale_norme,Selon quelle norme réalisez-vous l'essai « DÉTERMINATION DE LA MASSE VOLUMIQUE RÉELLE ET DE LA POROSITÉ TOTALE » ?,norme détermination de la masse volumique réelle et de la porosité totale | référence normative de l'essai détermination de la masse volumique réelle et de la porosité totale | quelle norme utilisez-vous pour cet essai ? | détermination de la masse volumique réelle et de la porosité totale norme applicable,L'essai « DÉTERMINATION DE LA MASSE VOLUMIQUE RÉELLE ET DE LA POROSITÉ TOTALE » est réalisé selon **NF EN 1936**.,Le laboratoire réalise l'essai « DÉTERMINATION DE LA MASSE VOLUMIQUE RÉELLE ET DE LA POROSITÉ TOTALE » selon **NF EN 1936**.,Céramique et verre,"determination, masse, volumique, reelle, porosite, totale, céramique, carreaux",Moyenne,"determination_masse_volumique_reelle_porosite_totale_delai, determination_masse_volumique_reelle_porosite_totale_accreditation"
determination_masse_volumique_reelle_porosite_totale_delai,Quel est le délai de réalisation de l'essai « DÉTERMINATION DE LA MASSE VOLUMIQUE RÉELLE ET DE LA POROSITÉ TOTALE » ?,délai de l'essai détermination de la masse volumique réelle et de la porosité totale | combien de temps prend l'essai détermination de la masse volumique réelle et de la porosité totale ? | quand aurai-je les résultats pour détermination de la masse volumique réelle et de la porosité totale | temps de traitement détermination de la masse volumique réelle et de la porosité totale,Le délai de réalisation de l'essai « DÉTERMINATION DE LA MASSE VOLUMIQUE RÉELLE ET DE LA POROSITÉ TOTALE » est de **30 jours**.,Le laboratoire réalise l'essai « DÉTERMINATION DE LA MASSE VOLUMIQUE RÉELLE ET DE LA POROSITÉ TOTALE » dans un délai de **30 jours** à compter de la réception de l'échantillon.,Céramique et verre,"determination, masse, volumique, reelle, porosite, totale, céramique, carreaux",Moyenne,"determination_masse_volumique_reelle_porosite_totale_norme, determination_masse_volumique_reelle_porosite_totale_accreditation"
determination_masse_volumique_reelle_porosite_totale_accreditation,L'essai « DÉTERMINATION DE LA MASSE VOLUMIQUE RÉELLE ET DE LA POROSITÉ TOTALE » est-il accrédité ?,accréditation de l'essai détermination de la masse volumique réelle et de la porosité totale | cet essai est-il couvert par l'accréditation ? | portée d'accréditation pour détermination de la masse volumique réelle et de la porosité totale | détermination de la masse volumique réelle et de la porosité totale accrédité,"Non, l'essai « DÉTERMINATION DE LA MASSE VOLUMIQUE RÉELLE ET DE LA POROSITÉ TOTALE » n'est pas accrédité.",L'essai « DÉTERMINATION DE LA MASSE VOLUMIQUE RÉELLE ET DE LA POROSITÉ TOTALE » est proposé par le laboratoire mais ne fait pas partie de sa portée d'accréditation actuelle.,Céramique et verre,"determination, masse, volumique, reelle, porosite, totale, céramique, carreaux",Moyenne,"determination_masse_volumique_reelle_porosite_totale_norme, determination_masse_volumique_reelle_porosite_totale_delai"
coefficient_degradabilite_materiaux_rocheux_norme,Selon quelle norme réalisez-vous l'essai « Coefficient de dégradabilité des matériaux rocheux » ?,norme coefficient de dégradabilité des matériaux rocheux | référence normative de l'essai coefficient de dégradabilité des matériaux rocheux | quelle norme utilisez-vous pour cet essai ? | coefficient de dégradabilité des matériaux rocheux norme applicable,L'essai « Coefficient de dégradabilité des matériaux rocheux » est réalisé selon **NF EN 17542-1**.,Le laboratoire réalise l'essai « Coefficient de dégradabilité des matériaux rocheux » selon **NF EN 17542-1**.,Géotechnique - sols,"coefficient, degradabilite, materiaux, rocheux, sol, géotechnique",Moyenne,"coefficient_degradabilite_materiaux_rocheux_delai, coefficient_degradabilite_materiaux_rocheux_accreditation"
coefficient_degradabilite_materiaux_rocheux_delai,Quel est le délai de réalisation de l'essai « Coefficient de dégradabilité des matériaux rocheux » ?,délai de l'essai coefficient de dégradabilité des matériaux rocheux | combien de temps prend l'essai coefficient de dégradabilité des matériaux rocheux ? | quand aurai-je les résultats pour coefficient de dégradabilité des matériaux rocheux | temps de traitement coefficient de dégradabilité des matériaux rocheux,Le délai de cette prestation vous sera communiqué par le laboratoire au moment de la demande.,Le délai de réalisation de l'essai « Coefficient de dégradabilité des matériaux rocheux » dépend des conditions de la demande. Contactez le laboratoire pour connaître le délai exact applicable à votre échantillon.,Géotechnique - sols,"coefficient, degradabilite, materiaux, rocheux, sol, géotechnique",Moyenne,"coefficient_degradabilite_materiaux_rocheux_norme, coefficient_degradabilite_materiaux_rocheux_accreditation"
coefficient_degradabilite_materiaux_rocheux_accreditation,L'essai « Coefficient de dégradabilité des matériaux rocheux » est-il accrédité ?,accréditation de l'essai coefficient de dégradabilité des matériaux rocheux | cet essai est-il couvert par l'accréditation ? | portée d'accréditation pour coefficient de dégradabilité des matériaux rocheux | coefficient de dégradabilité des matériaux rocheux accrédité,"Non, l'essai « Coefficient de dégradabilité des matériaux rocheux » n'est pas accrédité.",L'essai « Coefficient de dégradabilité des matériaux rocheux » est proposé par le laboratoire mais ne fait pas partie de sa portée d'accréditation actuelle.,Géotechnique - sols,"coefficient, degradabilite, materiaux, rocheux, sol, géotechnique",Moyenne,"coefficient_degradabilite_materiaux_rocheux_norme, coefficient_degradabilite_materiaux_rocheux_delai"
determination_masse_volumique_seche_element_roche_norme,Selon quelle norme réalisez-vous l'essai « Détermination de la masse volumique sèche d'un élément de roche » ?,norme détermination de la masse volumique sèche d'un élément de roche | référence normative de l'essai détermination de la masse volumique sèche d'un élément de roche | quelle norme utilisez-vous pour cet essai ? | détermination de la masse volumique sèche d'un élément de roche norme applicable,L'essai « Détermination de la masse volumique sèche d'un élément de roche » est réalisé selon **NF P94-064**.,Le laboratoire réalise l'essai « Détermination de la masse volumique sèche d'un élément de roche » selon **NF P94-064**.,Géotechnique - sols,"determination, masse, volumique, seche, element, roche, sol, géotechnique",Moyenne,"determination_masse_volumique_seche_element_roche_delai, determination_masse_volumique_seche_element_roche_accreditation"
determination_masse_volumique_seche_element_roche_delai,Quel est le délai de réalisation de l'essai « Détermination de la masse volumique sèche d'un élément de roche » ?,délai de l'essai détermination de la masse volumique sèche d'un élément de roche | combien de temps prend l'essai détermination de la masse volumique sèche d'un élément de roche ? | quand aurai-je les résultats pour détermination de la masse volumique sèche d'un élément de roche | temps de traitement détermination de la masse volumique sèche d'un élément de roche,Le délai de cette prestation vous sera communiqué par le laboratoire au moment de la demande.,Le délai de réalisation de l'essai « Détermination de la masse volumique sèche d'un élément de roche » dépend des conditions de la demande. Contactez le laboratoire pour connaître le délai exact applicable à votre échantillon.,Géotechnique - sols,"determination, masse, volumique, seche, element, roche, sol, géotechnique",Moyenne,"determination_masse_volumique_seche_element_roche_norme, determination_masse_volumique_seche_element_roche_accreditation"
determination_masse_volumique_seche_element_roche_accreditation,L'essai « Détermination de la masse volumique sèche d'un élément de roche » est-il accrédité ?,accréditation de l'essai détermination de la masse volumique sèche d'un élément de roche | cet essai est-il couvert par l'accréditation ? | portée d'accréditation pour détermination de la masse volumique sèche d'un élément de roche | détermination de la masse volumique sèche d'un élément de roche accrédité,"Non, l'essai « Détermination de la masse volumique sèche d'un élément de roche » n'est pas accrédité.",L'essai « Détermination de la masse volumique sèche d'un élément de roche » est proposé par le laboratoire mais ne fait pas partie de sa portée d'accréditation actuelle.,Géotechnique - sols,"determination, masse, volumique, seche, element, roche, sol, géotechnique",Moyenne,"determination_masse_volumique_seche_element_roche_norme, determination_masse_volumique_seche_element_roche_delai"
determination_teneur_eau_ponderale_materiaux_norme,Selon quelle norme réalisez-vous l'essai « Détermination de la teneur en eau pondérale des matériaux » ?,norme détermination de la teneur en eau pondérale des matériaux | référence normative de l'essai détermination de la teneur en eau pondérale des matériaux | quelle norme utilisez-vous pour cet essai ? | détermination de la teneur en eau pondérale des matériaux norme applicable,L'essai « Détermination de la teneur en eau pondérale des matériaux » est réalisé selon **NF P94-050**.,Le laboratoire réalise l'essai « Détermination de la teneur en eau pondérale des matériaux » selon **NF P94-050**.,Géotechnique - sols,"determination, teneur, eau, ponderale, materiaux, sol, géotechnique",Moyenne,"determination_teneur_eau_ponderale_materiaux_delai, determination_teneur_eau_ponderale_materiaux_accreditation"
determination_teneur_eau_ponderale_materiaux_delai,Quel est le délai de réalisation de l'essai « Détermination de la teneur en eau pondérale des matériaux » ?,délai de l'essai détermination de la teneur en eau pondérale des matériaux | combien de temps prend l'essai détermination de la teneur en eau pondérale des matériaux ? | quand aurai-je les résultats pour détermination de la teneur en eau pondérale des matériaux | temps de traitement détermination de la teneur en eau pondérale des matériaux,Le délai de cette prestation vous sera communiqué par le laboratoire au moment de la demande.,Le délai de réalisation de l'essai « Détermination de la teneur en eau pondérale des matériaux » dépend des conditions de la demande. Contactez le laboratoire pour connaître le délai exact applicable à votre échantillon.,Géotechnique - sols,"determination, teneur, eau, ponderale, materiaux, sol, géotechnique",Moyenne,"determination_teneur_eau_ponderale_materiaux_norme, determination_teneur_eau_ponderale_materiaux_accreditation"
determination_teneur_eau_ponderale_materiaux_accreditation,L'essai « Détermination de la teneur en eau pondérale des matériaux » est-il accrédité ?,accréditation de l'essai détermination de la teneur en eau pondérale des matériaux | cet essai est-il couvert par l'accréditation ? | portée d'accréditation pour détermination de la teneur en eau pondérale des matériaux | détermination de la teneur en eau pondérale des matériaux accrédité,"Non, l'essai « Détermination de la teneur en eau pondérale des matériaux » n'est pas accrédité.",L'essai « Détermination de la teneur en eau pondérale des matériaux » est proposé par le laboratoire mais ne fait pas partie de sa portée d'accréditation actuelle.,Géotechnique - sols,"determination, teneur, eau, ponderale, materiaux, sol, géotechnique",Moyenne,"determination_teneur_eau_ponderale_materiaux_norme, determination_teneur_eau_ponderale_materiaux_delai"
determination_teneur_ponderale_matiere_organique_materiau_norme,Selon quelle norme réalisez-vous l'essai « Détermination de la teneur pondérale en matière organique d'un matériau (par calcination) » ?,norme détermination de la teneur pondérale en matière organique d'un matériau (par calcination) | référence normative de l'essai détermination de la teneur pondérale en matière organique d'un matériau (par calcination) | quelle norme utilisez-vous pour cet essai ? | détermination de la teneur pondérale en matière organique d'un matériau (par calcination) norme applicable,L'essai « Détermination de la teneur pondérale en matière organique d'un matériau (par calcination) » est réalisé selon **Norme XP P94-047 et NF EN 15935**.,Le laboratoire réalise l'essai « Détermination de la teneur pondérale en matière organique d'un matériau (par calcination) » selon **Norme XP P94-047 et NF EN 15935**.,Géotechnique - sols,"determination, teneur, ponderale, matiere, organique, materiau, sol, géotechnique",Moyenne,"determination_teneur_ponderale_matiere_organique_materiau_delai, determination_teneur_ponderale_matiere_organique_materiau_accreditation"
determination_teneur_ponderale_matiere_organique_materiau_delai,Quel est le délai de réalisation de l'essai « Détermination de la teneur pondérale en matière organique d'un matériau (par calcination) » ?,délai de l'essai détermination de la teneur pondérale en matière organique d'un matériau (par calcination) | combien de temps prend l'essai détermination de la teneur pondérale en matière organique d'un matériau (par calcination) ? | quand aurai-je les résultats pour détermination de la teneur pondérale en matière organique d'un matériau (par calcination) | temps de traitement détermination de la teneur pondérale en matière organique d'un matériau (par calcination),Le délai de cette prestation vous sera communiqué par le laboratoire au moment de la demande.,Le délai de réalisation de l'essai « Détermination de la teneur pondérale en matière organique d'un matériau (par calcination) » dépend des conditions de la demande. Contactez le laboratoire pour connaître le délai exact applicable à votre échantillon.,Géotechnique - sols,"determination, teneur, ponderale, matiere, organique, materiau, sol, géotechnique",Moyenne,"determination_teneur_ponderale_matiere_organique_materiau_norme, determination_teneur_ponderale_matiere_organique_materiau_accreditation"
determination_teneur_ponderale_matiere_organique_materiau_accreditation,L'essai « Détermination de la teneur pondérale en matière organique d'un matériau (par calcination) » est-il accrédité ?,accréditation de l'essai détermination de la teneur pondérale en matière organique d'un matériau (par calcination) | cet essai est-il couvert par l'accréditation ? | portée d'accréditation pour détermination de la teneur pondérale en matière organique d'un matériau (par calcination) | détermination de la teneur pondérale en matière organique d'un matériau (par calcination) accrédité,"Non, l'essai « Détermination de la teneur pondérale en matière organique d'un matériau (par calcination) » n'est pas accrédité.",L'essai « Détermination de la teneur pondérale en matière organique d'un matériau (par calcination) » est proposé par le laboratoire mais ne fait pas partie de sa portée d'accréditation actuelle.,Géotechnique - sols,"determination, teneur, ponderale, matiere, organique, materiau, sol, géotechnique",Moyenne,"determination_teneur_ponderale_matiere_organique_materiau_norme, determination_teneur_ponderale_matiere_organique_materiau_delai"
determination_teneur_ponderale_matiere_organique_sol_norme,Selon quelle norme réalisez-vous l'essai « Détermination de la teneur pondérale en matière organique d'un sol (Méthode chimique) » ?,norme détermination de la teneur pondérale en matière organique d'un sol (méthode chimique) | référence normative de l'essai détermination de la teneur pondérale en matière organique d'un sol (méthode chimique) | quelle norme utilisez-vous pour cet essai ? | détermination de la teneur pondérale en matière organique d'un sol (méthode chimique) norme applicable,L'essai « Détermination de la teneur pondérale en matière organique d'un sol (Méthode chimique) » est réalisé selon **NF P94-055**.,Le laboratoire réalise l'essai « Détermination de la teneur pondérale en matière organique d'un sol (Méthode chimique) » selon **NF P94-055**.,Géotechnique - sols,"determination, teneur, ponderale, matiere, organique, sol, géotechnique",Moyenne,"determination_teneur_ponderale_matiere_organique_sol_delai, determination_teneur_ponderale_matiere_organique_sol_accreditation"
determination_teneur_ponderale_matiere_organique_sol_delai,Quel est le délai de réalisation de l'essai « Détermination de la teneur pondérale en matière organique d'un sol (Méthode chimique) » ?,délai de l'essai détermination de la teneur pondérale en matière organique d'un sol (méthode chimique) | combien de temps prend l'essai détermination de la teneur pondérale en matière organique d'un sol (méthode chimique) ? | quand aurai-je les résultats pour détermination de la teneur pondérale en matière organique d'un sol (méthode chimique) | temps de traitement détermination de la teneur pondérale en matière organique d'un sol (méthode chimique),Le délai de cette prestation vous sera communiqué par le laboratoire au moment de la demande.,Le délai de réalisation de l'essai « Détermination de la teneur pondérale en matière organique d'un sol (Méthode chimique) » dépend des conditions de la demande. Contactez le laboratoire pour connaître le délai exact applicable à votre échantillon.,Géotechnique - sols,"determination, teneur, ponderale, matiere, organique, sol, géotechnique",Moyenne,"determination_teneur_ponderale_matiere_organique_sol_norme, determination_teneur_ponderale_matiere_organique_sol_accreditation"
determination_teneur_ponderale_matiere_organique_sol_accreditation,L'essai « Détermination de la teneur pondérale en matière organique d'un sol (Méthode chimique) » est-il accrédité ?,accréditation de l'essai détermination de la teneur pondérale en matière organique d'un sol (méthode chimique) | cet essai est-il couvert par l'accréditation ? | portée d'accréditation pour détermination de la teneur pondérale en matière organique d'un sol (méthode chimique) | détermination de la teneur pondérale en matière organique d'un sol (méthode chimique) accrédité,"Non, l'essai « Détermination de la teneur pondérale en matière organique d'un sol (Méthode chimique) » n'est pas accrédité.",L'essai « Détermination de la teneur pondérale en matière organique d'un sol (Méthode chimique) » est proposé par le laboratoire mais ne fait pas partie de sa portée d'accréditation actuelle.,Géotechnique - sols,"determination, teneur, ponderale, matiere, organique, sol, géotechnique",Moyenne,"determination_teneur_ponderale_matiere_organique_sol_norme, determination_teneur_ponderale_matiere_organique_sol_delai"
determination_teneur_carbonate_methode_calcimetre_norme,Selon quelle norme réalisez-vous l'essai « Détermination de teneur en carbonate méthode de Calcimètre » ?,norme détermination de teneur en carbonate méthode de calcimètre | référence normative de l'essai détermination de teneur en carbonate méthode de calcimètre | quelle norme utilisez-vous pour cet essai ? | détermination de teneur en carbonate méthode de calcimètre norme applicable,L'essai « Détermination de teneur en carbonate méthode de Calcimètre » est réalisé selon **NF P94-048 et ISO 10693**.,Le laboratoire réalise l'essai « Détermination de teneur en carbonate méthode de Calcimètre » selon **NF P94-048 et ISO 10693**.,Géotechnique - sols,"determination, teneur, carbonate, methode, calcimetre, sol, géotechnique",Moyenne,"determination_teneur_carbonate_methode_calcimetre_delai, determination_teneur_carbonate_methode_calcimetre_accreditation"
determination_teneur_carbonate_methode_calcimetre_delai,Quel est le délai de réalisation de l'essai « Détermination de teneur en carbonate méthode de Calcimètre » ?,délai de l'essai détermination de teneur en carbonate méthode de calcimètre | combien de temps prend l'essai détermination de teneur en carbonate méthode de calcimètre ? | quand aurai-je les résultats pour détermination de teneur en carbonate méthode de calcimètre | temps de traitement détermination de teneur en carbonate méthode de calcimètre,Le délai de cette prestation vous sera communiqué par le laboratoire au moment de la demande.,Le délai de réalisation de l'essai « Détermination de teneur en carbonate méthode de Calcimètre » dépend des conditions de la demande. Contactez le laboratoire pour connaître le délai exact applicable à votre échantillon.,Géotechnique - sols,"determination, teneur, carbonate, methode, calcimetre, sol, géotechnique",Moyenne,"determination_teneur_carbonate_methode_calcimetre_norme, determination_teneur_carbonate_methode_calcimetre_accreditation"
determination_teneur_carbonate_methode_calcimetre_accreditation,L'essai « Détermination de teneur en carbonate méthode de Calcimètre » est-il accrédité ?,accréditation de l'essai détermination de teneur en carbonate méthode de calcimètre | cet essai est-il couvert par l'accréditation ? | portée d'accréditation pour détermination de teneur en carbonate méthode de calcimètre | détermination de teneur en carbonate méthode de calcimètre accrédité,"Non, l'essai « Détermination de teneur en carbonate méthode de Calcimètre » n'est pas accrédité.",L'essai « Détermination de teneur en carbonate méthode de Calcimètre » est proposé par le laboratoire mais ne fait pas partie de sa portée d'accréditation actuelle.,Géotechnique - sols,"determination, teneur, carbonate, methode, calcimetre, sol, géotechnique",Moyenne,"determination_teneur_carbonate_methode_calcimetre_norme, determination_teneur_carbonate_methode_calcimetre_delai"
determination_limites_liquidite_plasticite_norme,Selon quelle norme réalisez-vous l'essai « Détermination des limites de liquidité et de plasticité » ?,norme détermination des limites de liquidité et de plasticité | référence normative de l'essai détermination des limites de liquidité et de plasticité | quelle norme utilisez-vous pour cet essai ? | détermination des limites de liquidité et de plasticité norme applicable,L'essai « Détermination des limites de liquidité et de plasticité » est réalisé selon **NF P94-051 et ISO 17892-12**.,Le laboratoire réalise l'essai « Détermination des limites de liquidité et de plasticité » selon **NF P94-051 et ISO 17892-12**.,Géotechnique - sols,"determination, limites, liquidite, plasticite, sol, géotechnique",Moyenne,"determination_limites_liquidite_plasticite_delai, determination_limites_liquidite_plasticite_accreditation"
determination_limites_liquidite_plasticite_delai,Quel est le délai de réalisation de l'essai « Détermination des limites de liquidité et de plasticité » ?,délai de l'essai détermination des limites de liquidité et de plasticité | combien de temps prend l'essai détermination des limites de liquidité et de plasticité ? | quand aurai-je les résultats pour détermination des limites de liquidité et de plasticité | temps de traitement détermination des limites de liquidité et de plasticité,Le délai de cette prestation vous sera communiqué par le laboratoire au moment de la demande.,Le délai de réalisation de l'essai « Détermination des limites de liquidité et de plasticité » dépend des conditions de la demande. Contactez le laboratoire pour connaître le délai exact applicable à votre échantillon.,Géotechnique - sols,"determination, limites, liquidite, plasticite, sol, géotechnique",Moyenne,"determination_limites_liquidite_plasticite_norme, determination_limites_liquidite_plasticite_accreditation"
determination_limites_liquidite_plasticite_accreditation,L'essai « Détermination des limites de liquidité et de plasticité » est-il accrédité ?,accréditation de l'essai détermination des limites de liquidité et de plasticité | cet essai est-il couvert par l'accréditation ? | portée d'accréditation pour détermination des limites de liquidité et de plasticité | détermination des limites de liquidité et de plasticité accrédité,"Non, l'essai « Détermination des limites de liquidité et de plasticité » n'est pas accrédité.",L'essai « Détermination des limites de liquidité et de plasticité » est proposé par le laboratoire mais ne fait pas partie de sa portée d'accréditation actuelle.,Géotechnique - sols,"determination, limites, liquidite, plasticite, sol, géotechnique",Moyenne,"determination_limites_liquidite_plasticite_norme, determination_limites_liquidite_plasticite_delai"
determination_references_compactage_materiau_essai_proctor_norme,Selon quelle norme réalisez-vous l'essai « Détermination des références de compactage d'un matériau — Essai Proctor Normal — Essai Proctor modifié » ?,norme détermination des références de compactage d'un matériau — essai proctor normal — essai proctor modifié | référence normative de l'essai détermination des références de compactage d'un matériau — essai proctor normal — essai proctor modifié | quelle norme utilisez-vous pour cet essai ? | détermination des références de compactage d'un matériau — essai proctor normal — essai proctor modifié norme applicable,L'essai « Détermination des références de compactage d'un matériau — Essai Proctor Normal — Essai Proctor modifié » est réalisé selon **NF P94-093 et NF EN 13286-2**.,Le laboratoire réalise l'essai « Détermination des références de compactage d'un matériau — Essai Proctor Normal — Essai Proctor modifié » selon **NF P94-093 et NF EN 13286-2**.,Géotechnique - sols,"essai, determination, references, compactage, materiau, proctor, sol, géotechnique",Moyenne,"determination_references_compactage_materiau_essai_proctor_delai, determination_references_compactage_materiau_essai_proctor_accreditation"
determination_references_compactage_materiau_essai_proctor_delai,Quel est le délai de réalisation de l'essai « Détermination des références de compactage d'un matériau — Essai Proctor Normal — Essai Proctor modifié » ?,délai de l'essai détermination des références de compactage d'un matériau — essai proctor normal — essai proctor modifié | combien de temps prend l'essai détermination des références de compactage d'un matériau — essai proctor normal — essai proctor modifié ? | quand aurai-je les résultats pour détermination des références de compactage d'un matériau — essai proctor normal — essai proctor modifié | temps de traitement détermination des références de compactage d'un matériau — essai proctor normal — essai proctor modifié,Le délai de cette prestation vous sera communiqué par le laboratoire au moment de la demande.,Le délai de réalisation de l'essai « Détermination des références de compactage d'un matériau — Essai Proctor Normal — Essai Proctor modifié » dépend des conditions de la demande. Contactez le laboratoire pour connaître le délai exact applicable à votre échantillon.,Géotechnique - sols,"essai, determination, references, compactage, materiau, proctor, sol, géotechnique",Moyenne,"determination_references_compactage_materiau_essai_proctor_norme, determination_references_compactage_materiau_essai_proctor_accreditation"
determination_references_compactage_materiau_essai_proctor_accreditation,L'essai « Détermination des références de compactage d'un matériau — Essai Proctor Normal — Essai Proctor modifié » est-il accrédité ?,accréditation de l'essai détermination des références de compactage d'un matériau — essai proctor normal — essai proctor modifié | cet essai est-il couvert par l'accréditation ? | portée d'accréditation pour détermination des références de compactage d'un matériau — essai proctor normal — essai proctor modifié | détermination des références de compactage d'un matériau — essai proctor normal — essai proctor modifié accrédité,"Non, l'essai « Détermination des références de compactage d'un matériau — Essai Proctor Normal — Essai Proctor modifié » n'est pas accrédité.",L'essai « Détermination des références de compactage d'un matériau — Essai Proctor Normal — Essai Proctor modifié » est proposé par le laboratoire mais ne fait pas partie de sa portée d'accréditation actuelle.,Géotechnique - sols,"essai, determination, references, compactage, materiau, proctor, sol, géotechnique",Moyenne,"determination_references_compactage_materiau_essai_proctor_norme, determination_references_compactage_materiau_essai_proctor_delai"
identification_granulometrique_methode_tamisage_par_voie_norme,Selon quelle norme réalisez-vous l'essai « Identification granulométrique méthode de tamisage par voie humide » ?,norme identification granulométrique méthode de tamisage par voie humide | référence normative de l'essai identification granulométrique méthode de tamisage par voie humide | quelle norme utilisez-vous pour cet essai ? | identification granulométrique méthode de tamisage par voie humide norme applicable,L'essai « Identification granulométrique méthode de tamisage par voie humide » est réalisé selon **NF P94-041 et ISO/TS 17892-4**.,Le laboratoire réalise l'essai « Identification granulométrique méthode de tamisage par voie humide » selon **NF P94-041 et ISO/TS 17892-4**.,Géotechnique - sols,"identification, granulometrique, methode, tamisage, voie, humide, sol, géotechnique",Moyenne,"identification_granulometrique_methode_tamisage_par_voie_delai, identification_granulometrique_methode_tamisage_par_voie_accreditation"
identification_granulometrique_methode_tamisage_par_voie_delai,Quel est le délai de réalisation de l'essai « Identification granulométrique méthode de tamisage par voie humide » ?,délai de l'essai identification granulométrique méthode de tamisage par voie humide | combien de temps prend l'essai identification granulométrique méthode de tamisage par voie humide ? | quand aurai-je les résultats pour identification granulométrique méthode de tamisage par voie humide | temps de traitement identification granulométrique méthode de tamisage par voie humide,Le délai de cette prestation vous sera communiqué par le laboratoire au moment de la demande.,Le délai de réalisation de l'essai « Identification granulométrique méthode de tamisage par voie humide » dépend des conditions de la demande. Contactez le laboratoire pour connaître le délai exact applicable à votre échantillon.,Géotechnique - sols,"identification, granulometrique, methode, tamisage, voie, humide, sol, géotechnique",Moyenne,"identification_granulometrique_methode_tamisage_par_voie_norme, identification_granulometrique_methode_tamisage_par_voie_accreditation"
identification_granulometrique_methode_tamisage_par_voie_accreditation,L'essai « Identification granulométrique méthode de tamisage par voie humide » est-il accrédité ?,accréditation de l'essai identification granulométrique méthode de tamisage par voie humide | cet essai est-il couvert par l'accréditation ? | portée d'accréditation pour identification granulométrique méthode de tamisage par voie humide | identification granulométrique méthode de tamisage par voie humide accrédité,"Non, l'essai « Identification granulométrique méthode de tamisage par voie humide » n'est pas accrédité.",L'essai « Identification granulométrique méthode de tamisage par voie humide » est proposé par le laboratoire mais ne fait pas partie de sa portée d'accréditation actuelle.,Géotechnique - sols,"identification, granulometrique, methode, tamisage, voie, humide, sol, géotechnique",Moyenne,"identification_granulometrique_methode_tamisage_par_voie_norme, identification_granulometrique_methode_tamisage_par_voie_delai"
mesure_capacite_adsorption_bleu_methylene_sol_norme,Selon quelle norme réalisez-vous l'essai « Mesure la capacité d'adsorption de bleu de méthylène d'un sol ou d'un matériau rocheux » ?,norme mesure la capacité d'adsorption de bleu de méthylène d'un sol ou d'un matériau rocheux | référence normative de l'essai mesure la capacité d'adsorption de bleu de méthylène d'un sol ou d'un matériau rocheux | quelle norme utilisez-vous pour cet essai ? | mesure la capacité d'adsorption de bleu de méthylène d'un sol ou d'un matériau rocheux norme applicable,L'essai « Mesure la capacité d'adsorption de bleu de méthylène d'un sol ou d'un matériau rocheux » est réalisé selon **NF P94-068**.,Le laboratoire réalise l'essai « Mesure la capacité d'adsorption de bleu de méthylène d'un sol ou d'un matériau rocheux » selon **NF P94-068**.,Géotechnique - sols,"mesure, capacite, adsorption, bleu, methylene, sol, géotechnique",Moyenne,"mesure_capacite_adsorption_bleu_methylene_sol_delai, mesure_capacite_adsorption_bleu_methylene_sol_accreditation"
mesure_capacite_adsorption_bleu_methylene_sol_delai,Quel est le délai de réalisation de l'essai « Mesure la capacité d'adsorption de bleu de méthylène d'un sol ou d'un matériau rocheux » ?,délai de l'essai mesure la capacité d'adsorption de bleu de méthylène d'un sol ou d'un matériau rocheux | combien de temps prend l'essai mesure la capacité d'adsorption de bleu de méthylène d'un sol ou d'un matériau rocheux ? | quand aurai-je les résultats pour mesure la capacité d'adsorption de bleu de méthylène d'un sol ou d'un matériau rocheux | temps de traitement mesure la capacité d'adsorption de bleu de méthylène d'un sol ou d'un matériau rocheux,Le délai de cette prestation vous sera communiqué par le laboratoire au moment de la demande.,Le délai de réalisation de l'essai « Mesure la capacité d'adsorption de bleu de méthylène d'un sol ou d'un matériau rocheux » dépend des conditions de la demande. Contactez le laboratoire pour connaître le délai exact applicable à votre échantillon.,Géotechnique - sols,"mesure, capacite, adsorption, bleu, methylene, sol, géotechnique",Moyenne,"mesure_capacite_adsorption_bleu_methylene_sol_norme, mesure_capacite_adsorption_bleu_methylene_sol_accreditation"
mesure_capacite_adsorption_bleu_methylene_sol_accreditation,L'essai « Mesure la capacité d'adsorption de bleu de méthylène d'un sol ou d'un matériau rocheux » est-il accrédité ?,accréditation de l'essai mesure la capacité d'adsorption de bleu de méthylène d'un sol ou d'un matériau rocheux | cet essai est-il couvert par l'accréditation ? | portée d'accréditation pour mesure la capacité d'adsorption de bleu de méthylène d'un sol ou d'un matériau rocheux | mesure la capacité d'adsorption de bleu de méthylène d'un sol ou d'un matériau rocheux accrédité,"Non, l'essai « Mesure la capacité d'adsorption de bleu de méthylène d'un sol ou d'un matériau rocheux » n'est pas accrédité.",L'essai « Mesure la capacité d'adsorption de bleu de méthylène d'un sol ou d'un matériau rocheux » est proposé par le laboratoire mais ne fait pas partie de sa portée d'accréditation actuelle.,Géotechnique - sols,"mesure, capacite, adsorption, bleu, methylene, sol, géotechnique",Moyenne,"mesure_capacite_adsorption_bleu_methylene_sol_norme, mesure_capacite_adsorption_bleu_methylene_sol_delai"
